CustomerID,LastPurchase,FirstPurchase,Frequency,Monetary,Quantity,Recency,CustomerAgeDays,AverageOrderValue,PurchaseRatePerMonth,AnnualizedValueIndicator,CLVIndicator,RScore,FScore,MScore,RFMScore,Cluster,SegmentName
14646,2011-12-08 12:12:00,2010-12-20 10:09:00,73,280206.02,196915,2,355,3838.4386301369864,6.258978873239437,288099.1473239437,288099.1473239437,5,5,5,15,0,Champions
18102,2011-12-09 11:50:00,2010-12-07 16:42:00,60,259657.3,64124,1,367,4327.621666666667,4.976158038147139,258242.27384196184,258242.27384196184,5,5,5,15,0,Champions
17450,2011-12-01 13:29:00,2010-12-07 09:23:00,46,194550.79,69993,8,368,4229.365,3.8046875,192964.77812499998,192964.77812499998,5,5,5,15,0,Champions
16446,2011-12-09 09:15:00,2011-05-18 09:52:00,2,168472.5,80997,1,206,84236.25,0.2955097087378641,298507.0995145631,298507.0995145631,5,3,5,13,0,Champions
14911,2011-12-08 15:54:00,2010-12-01 14:05:00,201,143825.06,80265,1,373,715.5475621890547,16.401977211796247,140740.3402144772,140740.3402144772,5,5,5,15,0,Champions
12415,2011-11-15 14:22:00,2011-01-06 11:12:00,21,124914.53,77374,24,338,5948.310952380953,1.891087278106509,134892.90961538462,134892.90961538462,4,5,5,14,0,Champions
14156,2011-11-30 10:54:00,2010-12-03 11:48:00,55,117379.63,57885,10,372,2134.175090909091,4.500168010752688,115170.87352150539,115170.87352150539,5,5,5,15,0,Champions
17511,2011-12-07 10:12:00,2010-12-01 10:19:00,31,91062.38,64549,3,374,2937.496129032258,2.522894385026738,88871.03930481285,88871.03930481285,5,5,5,15,0,Champions
16029,2011-11-01 10:27:00,2010-12-01 09:57:00,63,81024.84,40208,39,374,1286.1085714285714,5.127172459893049,79075.04438502673,79075.04438502673,3,5,5,13,0,Champions
12346,2011-01-18 10:01:00,2011-01-18 10:01:00,1,77183.6,74215,326,326,77183.6,0.0933665644171779,86417.22085889571,86417.22085889571,1,1,5,7,0,Champions
16684,2011-12-05 14:06:00,2010-12-16 17:34:00,28,66653.56,50255,4,358,2380.4842857142858,2.380586592178771,67956.84189944134,67956.84189944134,5,5,5,15,0,Champions
14096,2011-12-05 17:17:00,2011-08-30 10:49:00,17,65164.79,16352,4,102,3833.2229411764706,5.072916666666667,233187.72892156863,233187.72892156863,5,5,5,15,0,Champions
13694,2011-12-06 09:32:00,2010-12-01 12:12:00,50,65039.62,63312,4,374,1300.7924,4.06918449197861,63474.49545454545,63474.49545454545,5,5,5,15,0,Champions
15311,2011-12-09 12:00:00,2010-12-01 09:41:00,91,60767.9,38194,1,374,667.7791208791209,7.40591577540107,59305.57085561498,59305.57085561498,5,5,5,15,0,Champions
13089,2011-12-07 09:02:00,2010-12-05 10:27:00,97,58825.83,31070,3,370,606.4518556701031,7.979560810810811,58030.88635135135,58030.88635135135,5,5,5,15,0,Champions
17949,2011-12-08 18:46:00,2010-12-03 13:12:00,45,58510.48,30546,1,371,1300.232888888889,3.691880053908356,57564.21886792454,57564.21886792454,5,5,5,15,0,Champions
15769,2011-12-02 13:52:00,2010-12-03 15:16:00,26,56252.72,29672,7,371,2163.566153846154,2.1330862533692723,55342.97250673856,55342.97250673856,5,5,5,15,0,Champions
15061,2011-12-06 12:06:00,2010-12-02 15:19:00,48,54534.14,28920,4,372,1136.1279166666666,3.9274193548387095,53507.959946236566,53507.959946236566,5,5,5,15,0,Champions
14298,2011-12-01 13:12:00,2010-12-14 12:59:00,44,51527.3,58343,8,360,1171.075,3.720138888888889,52242.95694444444,52242.95694444444,5,5,5,15,0,Champions
14088,2011-11-29 16:16:00,2011-01-21 13:07:00,13,50491.81,12665,10,322,3883.9853846153846,1.2288431677018632,57234.5051242236,57234.5051242236,5,5,5,15,0,Champions
15749,2011-04-18 13:20:00,2011-01-11 12:55:00,3,44534.3,18028,235,332,14844.766666666668,0.27503765060240964,48960.902108433744,48960.902108433744,1,3,5,9,0,Champions
12931,2011-11-18 12:39:00,2010-12-17 09:45:00,15,42055.96,28004,22,358,2803.730666666667,1.275314245810056,42878.28324022346,42878.28324022346,4,5,5,14,0,Champions
17841,2011-12-08 12:07:00,2010-12-01 14:41:00,124,40991.57,23071,2,373,330.5771774193548,10.118632707774799,40112.394235924934,40112.394235924934,5,5,5,15,0,Champions
15098,2011-06-10 15:33:00,2011-06-10 15:22:00,3,39916.5,121,182,182,13305.5,0.501717032967033,80052.32142857143,80052.32142857143,1,3,5,9,0,Champions
13798,2011-12-08 15:51:00,2010-12-02 17:24:00,57,37153.85,23948,1,372,651.8219298245614,4.663810483870968,36454.718413978495,36454.718413978495,5,5,5,15,0,Champions
16013,2011-12-06 10:36:00,2010-12-03 13:09:00,47,37130.6,15536,4,371,790.0127659574467,3.8559636118598384,36530.105121293804,36530.105121293804,5,5,5,15,0,Champions
16422,2011-11-22 14:00:00,2010-12-05 15:35:00,51,34684.4,33704,17,369,680.086274509804,4.206808943089431,34308.41734417344,34308.41734417344,4,5,5,14,0,Champions
12748,2011-12-09 12:20:00,2010-12-01 12:48:00,209,33719.73,25747,1,374,161.3384210526316,17.00919117647059,32908.29264705883,32908.29264705883,5,5,5,15,0,Champions
15838,2011-11-28 14:00:00,2010-12-07 11:26:00,19,33643.08,18368,11,368,1770.6884210526316,1.571501358695652,33368.81576086957,33368.81576086957,5,5,5,15,0,Champions
17404,2011-12-05 16:26:00,2010-12-14 13:28:00,15,31906.82,32748,4,360,2127.1213333333335,1.2682291666666667,32349.97027777778,32349.97027777778,5,5,5,15,0,Champions
17389,2011-12-09 09:38:00,2011-01-12 15:48:00,34,31833.68,7612,1,331,936.2847058823529,3.126510574018127,35103.60483383686,35103.60483383686,5,5,5,15,0,Champions
13098,2011-12-08 14:14:00,2011-01-26 13:46:00,28,28882.44,15968,1,317,1031.5157142857142,2.6884858044164037,33255.80630914826,33255.80630914826,5,5,5,15,0,Champions
14680,2011-11-14 16:59:00,2010-12-03 12:05:00,16,28754.11,13476,25,372,1797.131875,1.3091397849462365,28213.03803763441,28213.03803763441,4,5,5,14,0,Champions
13081,2011-11-28 10:54:00,2010-12-03 17:20:00,11,28337.38,19068,12,371,2576.1254545454544,0.9024595687331536,27879.093530997303,27879.093530997303,5,5,5,15,0,Champions
13408,2011-12-08 09:05:00,2010-12-01 10:39:00,62,28117.04,16232,2,374,453.5006451612903,5.045788770053476,27440.426737967915,27440.426737967915,5,5,5,15,0,Champions
17857,2011-12-05 13:13:00,2010-12-09 11:35:00,23,26879.04,19256,4,366,1168.6539130434783,1.9127390710382512,26805.6,26805.6,5,5,5,15,0,Champions
16333,2011-12-02 12:19:00,2011-02-03 10:50:00,22,26626.8,32184,8,310,1210.3090909090909,2.1600806451612904,31350.909677419353,31350.909677419353,5,5,5,15,0,Champions
13777,2011-12-09 12:25:00,2010-12-01 16:01:00,33,25977.16,12897,1,373,787.1866666666666,2.692861930294906,25420.009115281504,25420.009115281504,5,5,5,15,0,Champions
12753,2011-11-17 10:52:00,2010-12-12 11:44:00,6,21429.39,11421,23,363,3571.565,0.503099173553719,21547.45826446281,21547.45826446281,4,5,5,14,0,Champions
12744,2011-10-19 11:18:00,2011-01-25 13:26:00,7,21279.29,5241,52,318,3039.8985714285714,0.6700078616352201,24424.342295597486,24424.342295597486,3,5,5,13,0,Champions
16210,2011-12-08 12:36:00,2010-12-01 12:27:00,18,21086.3,7559,2,374,1171.461111111111,1.4649064171122996,20578.875668449196,20578.875668449196,5,5,5,15,0,Champions
17675,2011-12-08 18:03:00,2010-12-07 13:22:00,31,20374.28,8360,1,367,657.2348387096774,2.5710149863760217,20263.248501362395,20263.248501362395,5,5,5,15,0,Champions
17381,2011-12-01 11:59:00,2010-12-02 12:58:00,29,20275.61,25649,9,372,699.1589655172414,2.372815860215054,19894.079704301075,19894.079704301075,5,5,5,15,0,Champions
15039,2011-11-30 11:31:00,2010-12-06 11:26:00,47,19914.44,9209,10,369,423.7114893617021,3.8768631436314367,19698.565311653114,19698.565311653114,5,5,5,15,0,Champions
12471,2011-12-07 15:43:00,2010-12-10 09:35:00,30,19824.05,8212,2,365,660.8016666666666,2.5017123287671232,19824.05,19824.05,5,5,5,15,0,Champions
12731,2011-11-16 11:59:00,2010-12-10 10:56:00,12,18895.91,8437,24,365,1574.6591666666666,1.0006849315068493,18895.91,18895.91,4,5,5,14,0,Champions
15159,2011-12-08 12:05:00,2010-12-13 15:44:00,30,18641.010000000002,11441,2,361,621.3670000000001,2.5294321329639886,18847.55858725762,18847.55858725762,5,5,5,15,0,Champions
12901,2011-12-01 10:07:00,2011-03-14 10:41:00,28,17654.54,23075,9,271,630.5192857142857,3.1448339483394836,23778.254981549817,23778.254981549817,5,5,5,15,0,Champions
12678,2011-10-28 13:04:00,2010-12-21 11:00:00,12,17628.46,10923,42,354,1469.0383333333332,1.0317796610169492,18176.237005649717,18176.237005649717,3,5,5,13,0,Champions
14031,2011-12-02 17:13:00,2010-12-02 16:34:00,19,17286.86,5788,7,372,909.8347368421053,1.554603494623656,16961.569623655916,16961.569623655916,5,5,5,15,0,Champions
17428,2011-12-09 09:45:00,2010-12-06 09:37:00,28,17256.85,9474,1,369,616.3160714285714,2.309620596205962,17069.78387533875,17069.78387533875,5,5,5,15,0,Champions
13767,2011-12-07 15:00:00,2010-12-01 10:47:00,37,17220.36,7322,2,374,465.41513513513513,3.011196524064171,16805.966310160427,16805.966310160427,5,5,5,15,0,Champions
13881,2011-12-06 12:50:00,2011-02-01 10:14:00,20,17159.52,10118,4,312,857.976,1.951121794871795,20074.438461538462,20074.438461538462,5,5,5,15,0,Champions
16839,2011-12-01 09:03:00,2010-12-05 11:15:00,34,16594.35,8975,9,370,488.06911764705876,2.796959459459459,16370.102027027024,16370.102027027024,5,5,5,15,0,Champions
12921,2011-11-30 16:22:00,2010-12-01 15:06:00,37,16587.09,9526,9,373,448.29972972972973,3.019269436997319,16231.334718498658,16231.334718498658,5,5,5,15,0,Champions
14607,2011-11-24 10:35:00,2011-03-23 15:22:00,14,16569.5,11766,16,261,1183.5357142857142,1.6326628352490422,23171.9061302682,23171.9061302682,4,5,5,14,0,Champions
15856,2011-12-05 17:09:00,2010-12-09 13:34:00,27,16387.57,11005,4,365,606.947037037037,2.251541095890411,16387.57,16387.57,5,5,5,15,0,Champions
17677,2011-12-08 09:56:00,2010-12-06 08:42:00,30,16363.23,9775,2,369,545.441,2.4745934959349594,16185.85081300813,16185.85081300813,5,5,5,15,0,Champions
15189,2011-12-08 13:22:00,2011-01-11 12:29:00,41,16225.39,6149,1,333,395.74121951219513,3.74756006006006,17784.586636636635,17784.586636636635,5,5,5,15,0,Champions
14051,2011-12-09 10:20:00,2010-12-08 12:49:00,23,15610.390000000001,3756,1,367,678.7126086956522,1.9075272479564032,15525.319754768394,15525.319754768394,5,5,5,15,0,Champions
15513,2011-11-06 14:36:00,2010-12-01 11:22:00,19,14758.220000000001,5709,33,374,776.7484210526317,1.5462901069518717,14403.0756684492,14403.0756684492,3,5,5,13,0,Champions
16133,2011-12-06 11:24:00,2011-01-25 15:55:00,33,14589.04,8887,4,318,442.09212121212124,3.1586084905660377,16745.281761006292,16745.281761006292,5,5,5,15,0,Champions
14866,2011-11-29 11:45:00,2010-12-08 14:58:00,12,14389.9,6752,11,366,1199.1583333333333,0.9979508196721311,14350.583333333334,14350.583333333334,5,5,5,15,0,Champions
16705,2011-12-09 12:08:00,2010-12-16 10:51:00,20,14034.99,5476,1,359,701.7495,1.6956824512534818,14269.558077994428,14269.558077994428,5,5,5,15,0,Champions
12681,2011-11-25 11:33:00,2010-12-07 10:08:00,22,13787.54,7536,15,368,626.7063636363637,1.819633152173913,13675.141576086959,13675.141576086959,4,5,5,14,0,Champions
12621,2011-12-08 11:25:00,2010-12-09 10:16:00,20,13689.67,7440,2,366,684.4835,1.6632513661202184,13652.266530054647,13652.266530054647,5,5,5,15,0,Champions
12540,2011-11-20 11:31:00,2010-12-13 09:39:00,17,13400.24,6685,20,362,788.2494117647059,1.4293853591160222,13511.291712707181,13511.291712707181,4,5,5,14,0,Champions
12433,2011-12-09 10:02:00,2010-12-01 13:24:00,7,13375.87,11071,1,373,1910.8385714285716,0.5712131367292226,13088.988069705096,13088.988069705096,5,5,5,15,0,Champions
15498,2011-12-07 12:48:00,2010-12-08 12:29:00,27,13316.4,6105,3,367,493.2,2.2392711171662123,13243.8310626703,13243.8310626703,5,5,5,15,0,Champions
12477,2011-11-17 09:51:00,2011-02-11 12:45:00,6,13219.74,3653,23,302,2203.29,0.6047185430463576,15977.500331125826,15977.500331125826,4,4,5,13,0,Champions
17735,2011-12-07 16:47:00,2010-12-07 10:32:00,19,13110.02,8439,2,368,690.001052631579,1.571501358695652,13003.14483695652,13003.14483695652,5,5,5,15,0,Champions
16525,2011-12-07 15:07:00,2010-12-08 11:31:00,26,13027.45,7397,2,367,501.0557692307693,2.1563351498637604,12956.455722070845,12956.455722070845,5,5,5,15,0,Champions
14258,2011-11-30 15:27:00,2011-01-06 12:18:00,9,12669.98,7100,9,338,1407.7755555555555,0.810465976331361,13682.07899408284,13682.07899408284,5,5,5,15,0,Champions
13078,2011-12-06 15:36:00,2010-12-08 09:07:00,26,12627.94,5630,3,367,485.69,2.1563351498637604,12559.12288828338,12559.12288828338,5,5,5,15,0,Champions
12536,2011-10-27 14:20:00,2011-10-11 14:52:00,3,12601.830000000002,2803,43,59,4200.610000000001,1.5476694915254237,77960.47372881357,77960.47372881357,3,3,5,11,0,Champions
15640,2011-12-05 14:35:00,2010-12-02 15:40:00,15,12515.66,6607,4,372,834.3773333333334,1.2273185483870968,12280.150268817206,12280.150268817206,5,5,5,15,0,Champions
16000,2011-12-07 12:17:00,2011-12-07 12:14:00,3,12393.7,5110,3,3,4131.233333333334,30.4375,1507900.1666666667,1507900.1666666667,5,4,5,14,0,Champions
17340,2011-11-10 10:45:00,2010-12-08 15:56:00,11,12353.29,5967,30,366,1123.0263636363636,0.9147882513661202,12319.537841530053,12319.537841530053,4,5,5,14,0,Champions
12682,2011-12-06 10:00:00,2010-12-03 13:59:00,31,12288.22,5575,4,371,396.3941935483871,2.5432951482479784,12089.488679245282,12089.488679245282,5,5,5,15,0,Champions
13113,2011-12-09 12:49:00,2010-12-08 13:21:00,24,12245.960000000001,3045,1,366,510.2483333333334,1.9959016393442621,12212.501092896176,12212.501092896176,5,5,5,15,0,Champions
14606,2011-12-08 19:28:00,2010-12-01 16:57:00,93,12156.65,6224,1,373,130.71666666666667,7.588974530831099,11895.917560321715,11895.917560321715,5,5,5,15,0,Champions
12557,2011-11-23 16:59:00,2010-12-03 12:20:00,5,11990.960000000001,4384,16,372,2398.192,0.40910618279569894,11765.323655913977,11765.323655913977,4,4,5,13,0,Champions
12939,2011-10-06 14:33:00,2011-01-09 11:20:00,8,11581.8,4876,64,335,1447.725,0.7268656716417911,12618.976119402985,12618.976119402985,3,5,5,13,0,Champions
15125,2011-11-14 13:57:00,2011-03-14 09:59:00,15,11528.48,6193,25,271,768.5653333333333,1.6847324723247232,15527.28856088561,15527.28856088561,4,5,5,14,0,Champions
14194,2011-12-05 10:38:00,2011-02-04 14:51:00,21,11349.52,5840,5,308,540.4533333333334,2.075284090909091,13449.918181818182,13449.918181818182,5,5,5,15,0,Champions
12971,2011-12-06 12:20:00,2010-12-02 16:42:00,86,11189.91,9289,4,372,130.11523255813952,7.036626344086022,10979.347177419355,10979.347177419355,5,5,5,15,0,Champions
14895,2011-12-02 09:23:00,2011-02-22 13:08:00,20,11138.710000000001,4851,8,290,556.9355,2.0991379310344827,14019.410862068968,14019.410862068968,5,5,5,15,0,Champions
12409,2011-09-22 10:38:00,2011-06-10 12:19:00,3,11072.67,5551,79,183,3690.89,0.49897540983606553,22084.833606557375,22084.833606557375,2,3,5,10,0,Champions
15482,2011-11-24 10:46:00,2010-12-16 10:08:00,12,11054.96,5020,16,359,921.2466666666666,1.017409470752089,11239.722562674095,11239.722562674095,4,5,5,14,0,Champions
17581,2011-12-09 12:21:00,2010-12-02 14:47:00,25,11045.04,5927,1,372,441.8016,2.0455309139784945,10837.203225806452,10837.203225806452,5,5,5,15,0,Champions
13319,2011-12-04 13:34:00,2010-12-09 10:04:00,26,10845.550000000001,4724,5,366,417.1365384615385,2.162226775956284,10815.917349726777,10815.917349726777,5,5,5,15,0,Champions
17107,2011-11-06 14:14:00,2011-03-06 15:17:00,6,10815.43,4837,33,278,1802.5716666666667,0.6569244604316546,14200.114928057556,14200.114928057556,3,5,5,13,0,Champions
13340,2011-10-25 13:15:00,2011-03-08 11:39:00,7,10736.48,5770,45,277,1533.782857142857,0.7691787003610108,14147.347292418772,14147.347292418772,3,5,5,13,0,Champions
14769,2011-12-07 10:24:00,2010-12-17 11:40:00,8,10674.75,7436,3,358,1334.34375,0.6801675977653631,10883.474162011173,10883.474162011173,5,5,5,15,0,Champions
17139,2011-11-24 10:12:00,2011-02-24 09:32:00,12,10668.47,5182,16,289,889.0391666666666,1.263840830449827,13474.019204152248,13474.019204152248,4,5,5,14,0,Champions
16779,2011-12-07 14:54:00,2010-12-08 09:56:00,22,10629.720000000001,5325,2,367,483.169090909091,1.8245912806539508,10571.792370572208,10571.792370572208,5,5,5,15,0,Champions
17865,2011-11-09 12:08:00,2010-12-10 14:53:00,20,10526.32,5757,31,364,526.316,1.67239010989011,10555.238461538462,10555.238461538462,4,5,5,14,0,Champions
17706,2011-12-05 13:34:00,2010-12-08 11:02:00,17,10504.49,3899,4,367,617.9111764705882,1.4099114441416893,10447.244822888284,10447.244822888284,5,5,5,15,0,Champions
15251,2011-11-30 15:02:00,2011-04-12 10:38:00,11,10484.99,6171,9,242,953.180909090909,1.3835227272727273,15814.137809917356,15814.137809917356,5,5,5,15,0,Champions
14062,2011-11-30 10:04:00,2010-12-10 15:56:00,12,10464.85,5593,10,364,872.0708333333333,1.003434065934066,10493.599587912087,10493.599587912087,5,5,5,15,0,Champions
15615,2011-11-29 14:42:00,2010-12-15 16:21:00,23,10399.74,5508,10,359,452.1626086956522,1.9500348189415042,10573.551810584959,10573.551810584959,5,5,5,15,0,Champions
15502,2011-11-24 12:48:00,2010-12-05 15:40:00,12,10384.93,4236,16,369,865.4108333333334,0.9898373983739838,10272.356233062332,10272.356233062332,4,5,5,14,0,Champions
16180,2011-08-31 16:28:00,2011-04-01 10:23:00,8,10254.18,5867,100,253,1281.7725,0.9624505928853755,14793.579841897234,14793.579841897234,2,5,5,12,0,Champions
16843,2011-10-28 09:06:00,2011-01-16 16:10:00,16,10196.57,10159,43,327,637.285625,1.4892966360856268,11381.49250764526,11381.49250764526,3,5,5,13,0,Champions
12590,2011-05-12 14:52:00,2011-05-12 14:46:00,2,9864.26,4283,211,211,4932.13,0.28850710900473936,17063.767298578197,17063.767298578197,1,2,5,8,0,Champions
13001,2011-12-05 14:51:00,2011-01-17 12:45:00,13,9818.82,5505,4,327,755.2938461538462,1.2100535168195719,10959.844954128439,10959.844954128439,5,5,5,15,0,Champions
13199,2011-12-06 12:30:00,2010-12-08 10:51:00,38,9817.12,6176,4,367,258.34526315789475,3.151566757493188,9763.620708446868,9763.620708446868,5,5,5,15,0,Champions
15078,2011-12-02 15:41:00,2010-12-06 12:38:00,32,9743.11,5105,7,369,304.4721875,2.6395663956639566,9637.493631436315,9637.493631436315,5,5,5,15,0,Champions
12709,2011-11-24 15:38:00,2010-12-08 09:49:00,15,9736.52,3936,15,367,649.1013333333334,1.2440395095367847,9683.459945504088,9683.459945504088,4,5,5,14,0,Champions
13458,2011-12-02 15:29:00,2010-12-15 12:05:00,14,9646.57,5508,7,360,689.0407142857142,1.1836805555555556,9780.550138888888,9780.550138888888,5,5,5,15,0,Champions
14733,2011-11-23 15:39:00,2010-12-07 11:30:00,12,9585.91,3764,16,368,798.8258333333333,0.9925271739130435,9507.763994565217,9507.763994565217,4,5,5,14,0,Champions
16523,2011-12-08 09:06:00,2011-01-28 12:06:00,21,9418.470000000001,4265,2,316,448.4985714285715,2.022745253164557,10878.928955696203,10878.928955696203,5,5,5,15,0,Champions
12567,2011-11-17 11:02:00,2010-12-05 11:57:00,10,9401.28,4305,23,370,940.128,0.8226351351351351,9274.235675675676,9274.235675675676,4,5,5,14,0,Champions
14367,2011-12-01 13:19:00,2011-03-08 14:12:00,16,9261.52,4438,8,276,578.845,1.7644927536231885,12248.024637681161,12248.024637681161,5,5,5,15,0,Champions
14667,2011-11-29 11:30:00,2010-12-06 13:13:00,25,9241.2,5385,11,368,369.648,2.067764945652174,9165.864130434784,9165.864130434784,5,5,5,15,0,Champions
18092,2011-12-07 13:14:00,2010-12-09 10:00:00,11,9068.26,4252,2,366,824.3872727272727,0.9147882513661202,9043.483333333334,9043.483333333334,5,5,5,15,0,Champions
13969,2011-12-02 15:11:00,2010-12-09 19:32:00,18,9053.94,4542,7,365,502.99666666666667,1.5010273972602741,9053.94,9053.94,5,5,5,15,0,Champions
12451,2011-11-29 08:40:00,2011-01-19 09:05:00,5,9035.52,6575,11,325,1807.104,0.4682692307692308,10147.584,10147.584,5,4,5,14,0,Champions
13488,2011-11-22 14:41:00,2010-12-07 13:01:00,13,8968.31,4518,17,367,689.87,1.0781675749318802,8919.436376021798,8919.436376021798,4,5,5,14,0,Champions
13090,2011-12-01 12:39:00,2010-12-02 07:48:00,14,8910.82,2263,9,373,636.4871428571429,1.1424262734584452,8719.703217158176,8719.703217158176,5,5,5,15,0,Champions
16033,2011-12-04 12:44:00,2010-12-05 10:36:00,20,8816.4,3539,6,370,440.82,1.6452702702702702,8697.25945945946,8697.25945945946,5,5,5,15,0,Champions
17017,2011-12-07 09:32:00,2010-12-02 10:17:00,20,8694.26,6673,3,373,434.713,1.6320375335120645,8507.787935656836,8507.787935656836,5,5,5,15,0,Champions
17243,2011-12-08 13:26:00,2010-12-05 10:03:00,26,8676.85,3370,1,370,333.725,2.1388513513513514,8559.59527027027,8559.59527027027,5,5,5,15,0,Champions
17306,2011-11-29 12:14:00,2010-12-21 13:34:00,19,8631.31,11491,11,353,454.2794736842105,1.6382790368271953,8924.725637393767,8924.725637393767,5,5,5,15,0,Champions
16656,2011-11-17 14:43:00,2010-12-10 11:23:00,15,8625.8,8894,22,365,575.0533333333333,1.2508561643835616,8625.8,8625.8,4,5,5,14,0,Champions
14527,2011-12-07 12:19:00,2010-12-05 13:17:00,55,8508.82,2089,3,369,154.7058181818182,4.5367547425474255,8416.583468834688,8416.583468834688,5,5,5,15,0,Champions
12683,2011-12-05 16:31:00,2010-12-09 10:37:00,15,8476.57,4987,4,366,565.1046666666666,1.2474385245901638,8453.409972677595,8453.409972677595,5,5,5,15,0,Champions
18139,2011-11-22 10:44:00,2011-11-21 14:06:00,6,8438.34,5557,18,18,1406.39,10.145833333333334,171110.78333333333,171110.78333333333,4,5,5,14,0,Champions
15358,2011-12-05 09:04:00,2010-12-09 10:04:00,22,8347.2,7050,5,366,379.41818181818184,1.8295765027322404,8324.393442622952,8324.393442622952,5,5,5,15,0,Champions
16558,2011-12-09 10:20:00,2010-12-08 12:01:00,20,8338.49,5377,1,367,416.92449999999997,1.6587193460490464,8293.04863760218,8293.04863760218,5,5,5,15,0,Champions
14056,2011-12-08 13:36:00,2011-02-28 15:19:00,23,8214.65,4273,1,284,357.1586956521739,2.4650088028169015,10557.56073943662,10557.56073943662,5,5,5,15,0,Champions
14936,2011-11-06 10:30:00,2011-03-09 11:53:00,8,8137.02,4085,34,276,1017.1275,0.8822463768115942,10760.914130434783,10760.914130434783,3,5,5,13,0,Champions
16672,2011-12-07 16:29:00,2011-03-18 10:15:00,20,8134.9400000000005,2832,2,267,406.747,2.2799625468164795,11120.798127340824,11120.798127340824,5,5,5,15,0,Champions
13854,2011-12-01 09:06:00,2010-12-09 10:48:00,25,8109.5199999999995,2296,9,366,324.38079999999997,2.079064207650273,8087.3628415300545,8087.3628415300545,5,5,5,15,0,Champions
14952,2011-10-11 10:33:00,2010-12-10 12:48:00,11,8099.49,3355,60,365,736.3172727272727,0.9172945205479452,8099.490000000001,8099.490000000001,3,5,5,13,0,Champions
18109,2011-12-08 11:36:00,2010-12-05 10:58:00,26,8052.97,4237,2,370,309.7296153846154,2.1388513513513514,7944.146081081082,7944.146081081082,5,5,5,15,0,Champions
14796,2011-12-08 15:31:00,2010-12-08 10:40:00,17,8022.49,6025,1,367,471.9111764705882,1.4099114441416893,7978.770708446867,7978.770708446867,5,5,5,15,0,Champions
12428,2011-11-14 08:22:00,2011-03-01 09:33:00,9,7956.46,3536,26,284,884.0511111111111,0.964568661971831,10225.732042253521,10225.732042253521,4,5,5,14,0,Champions
15290,2011-12-05 11:39:00,2010-12-15 16:03:00,18,7943.22,4501,5,359,441.29,1.5261142061281336,8075.975766016714,8075.975766016714,5,5,5,15,0,Champions
14849,2011-11-18 10:58:00,2010-12-01 12:22:00,25,7930.54,5694,22,374,317.2216,2.034592245989305,7739.6981283422465,7739.6981283422465,4,5,5,14,0,Champions
12757,2011-11-24 12:30:00,2011-05-12 19:01:00,13,7857.1,2402,16,211,604.3923076923077,1.8752962085308058,13591.665876777251,13591.665876777251,4,5,5,14,0,Champions
17811,2011-12-05 13:46:00,2011-01-10 10:58:00,39,7837.7300000000005,4177,4,334,200.9674358974359,3.5540793413173657,8565.18398203593,8565.18398203593,5,5,5,15,0,Champions
13093,2011-03-09 12:14:00,2010-12-01 15:00:00,8,7832.47,3961,276,373,979.05875,0.6528150134048257,7664.4813672922255,7664.4813672922255,1,5,5,11,0,Champions
12435,2011-09-21 09:06:00,2011-03-17 07:40:00,2,7829.89,2055,80,268,3914.945,0.22714552238805968,10663.842723880598,10663.842723880598,2,2,5,9,0,Champions
13629,2011-11-16 13:21:00,2011-01-05 12:09:00,11,7792.36,4372,23,339,708.3963636363636,0.9876474926253687,8390.00412979351,8390.00412979351,4,5,5,14,0,Champions
15044,2011-11-20 13:20:00,2010-12-12 14:27:00,17,7700.2300000000005,2795,19,362,452.954705882353,1.4293853591160222,7764.044060773481,7764.044060773481,4,5,5,14,0,Champions
15194,2011-12-06 15:10:00,2010-12-06 15:00:00,15,7616.53,5703,3,368,507.76866666666666,1.2406589673913044,7554.438722826087,7554.438722826087,5,5,5,15,0,Champions
18172,2011-11-25 11:12:00,2011-02-23 10:44:00,20,7561.68,3184,15,290,378.084,2.0991379310344827,9517.286896551725,9517.286896551725,4,5,5,14,0,Champions
13263,2011-12-08 13:59:00,2011-01-18 16:31:00,35,7454.07,4780,1,325,212.97342857142857,3.2778846153846155,8371.493999999999,8371.493999999999,5,5,5,15,0,Champions
12474,2011-11-22 14:39:00,2011-01-14 10:06:00,18,7375.79,4847,17,330,409.7661111111111,1.6602272727272727,8158.070757575758,8158.070757575758,4,5,5,14,0,Champions
12980,2011-07-05 09:34:00,2010-12-16 11:36:00,9,7374.900000000001,886,158,359,819.4333333333334,0.7630571030640668,7498.157381615599,7498.157381615599,2,5,5,12,0,Champions
15465,2011-11-20 10:11:00,2010-12-05 10:12:00,18,7354.62,1257,20,370,408.59,1.4807432432432432,7255.233243243243,7255.233243243243,4,5,5,14,0,Champions
17396,2011-10-31 14:12:00,2010-12-03 09:45:00,8,7330.8,2005,39,372,916.35,0.6545698924731183,7192.854838709677,7192.854838709677,3,5,5,13,0,Champions
12583,2011-12-07 08:07:00,2010-12-01 08:45:00,15,7281.38,5060,3,374,485.42533333333336,1.220755347593583,7106.15962566845,7106.15962566845,5,5,5,15,0,Champions
13018,2011-11-23 13:28:00,2011-02-17 11:05:00,28,7277.7,5435,16,296,259.91785714285714,2.879222972972973,8974.190878378378,8974.190878378378,4,5,5,14,0,Champions
18229,2011-11-28 09:48:00,2010-12-01 16:25:00,20,7276.900000000001,2488,12,373,363.845,1.6320375335120645,7120.827077747989,7120.827077747989,5,5,5,15,0,Champions
16923,2011-11-27 13:00:00,2010-12-12 11:06:00,19,7247.61,3417,12,363,381.4531578947368,1.5931473829201102,7287.54173553719,7287.54173553719,5,5,5,15,0,Champions
16729,2011-11-01 14:29:00,2011-04-12 14:22:00,21,7239.92,5783,38,241,344.7580952380952,2.6522302904564317,10965.02406639004,10965.02406639004,3,5,5,13,0,Champions
16745,2011-09-14 11:58:00,2011-02-01 11:31:00,17,7194.3,6735,87,312,423.1941176470588,1.6584535256410258,8416.408653846154,8416.408653846154,2,5,5,12,0,Champions
16873,2011-12-05 12:05:00,2010-12-10 15:45:00,6,7123.62,3840,5,364,1187.27,0.501717032967033,7143.190384615384,7143.190384615384,5,5,5,15,0,Champions
13324,2011-11-03 16:28:00,2010-12-14 09:50:00,10,7121.95,5205,36,361,712.1949999999999,0.8431440443213296,7200.863573407201,7200.863573407201,3,5,5,13,0,Champions
13985,2011-12-05 17:06:00,2011-03-20 13:48:00,15,7060.13,3445,4,264,470.67533333333336,1.729403409090909,9761.164583333333,9761.164583333333,5,5,5,15,0,Champions
14961,2011-11-29 09:42:00,2010-12-14 11:38:00,9,7044.68,3708,11,361,782.7422222222223,0.7588296398891966,7122.737396121885,7122.737396121885,5,5,5,15,0,Champions
12766,2011-12-06 08:46:00,2010-12-08 13:53:00,7,6989.63,3646,4,366,998.5185714285715,0.5821379781420765,6970.532650273224,6970.532650273224,5,5,5,15,0,Champions
12798,2011-11-29 15:52:00,2011-06-22 10:11:00,3,6977.04,5256,10,171,2325.68,0.5339912280701754,14892.512280701752,14892.512280701752,5,3,5,13,0,Champions
12989,2011-12-06 15:28:00,2010-12-10 13:24:00,15,6924.110000000001,2943,3,364,461.6073333333334,1.2542925824175826,6943.132280219781,6943.132280219781,5,5,5,15,0,Champions
16713,2011-11-21 12:36:00,2010-12-08 13:01:00,15,6923.13,4276,19,366,461.54200000000003,1.2474385245901638,6904.2143442622955,6904.2143442622955,4,5,5,14,0,Champions
13027,2011-08-18 09:39:00,2010-12-20 12:45:00,6,6912.0,17280,114,355,1152.0,0.5144366197183099,7106.704225352113,7106.704225352113,2,5,5,12,0,Champions
16187,2011-11-08 09:50:00,2011-02-28 13:34:00,15,6911.4400000000005,5048,32,284,460.7626666666667,1.6076144366197183,8882.660563380283,8882.660563380283,4,5,5,14,0,Champions
17416,2011-11-10 12:47:00,2011-03-03 13:45:00,7,6893.42,4302,30,281,984.7742857142857,0.7582295373665481,8954.086476868326,8954.086476868326,4,5,5,14,0,Champions
12705,2011-11-24 13:17:00,2010-12-17 15:58:00,9,6868.29,3997,15,357,763.1433333333333,0.7673319327731092,7022.201260504202,7022.201260504202,4,5,5,14,0,Champions
12476,2011-11-24 12:40:00,2010-12-13 14:39:00,11,6816.42,2408,16,361,619.6745454545454,0.9274584487534625,6891.948199445983,6891.948199445983,4,5,5,14,0,Champions
12830,2011-11-02 11:54:00,2011-06-21 10:53:00,6,6814.64,9848,38,172,1135.7733333333333,1.0617732558139534,14461.299999999997,14461.299999999997,3,5,5,13,0,Champions
15023,2011-12-06 17:23:00,2010-12-05 13:49:00,11,6802.76,2871,3,369,618.4327272727273,0.9073509485094852,6729.017344173441,6729.017344173441,5,5,5,15,0,Champions
18055,2011-12-02 14:25:00,2010-12-05 10:52:00,10,6784.1900000000005,2455,7,370,678.4190000000001,0.8226351351351351,6692.511756756757,6692.511756756757,5,5,5,15,0,Champions
15601,2011-11-28 15:15:00,2010-12-02 10:39:00,14,6776.56,4983,11,373,484.04,1.1424262734584452,6631.218230563004,6631.218230563004,5,5,5,15,0,Champions
16652,2011-10-12 09:38:00,2011-03-11 13:13:00,7,6773.97,3283,59,273,967.71,0.780448717948718,9056.773076923078,9056.773076923078,3,5,5,13,0,Champions
16532,2011-11-22 11:08:00,2011-01-05 12:37:00,3,6748.8,2016,18,339,2249.6,0.269358407079646,7266.407079646016,7266.407079646016,4,4,5,13,0,Champions
13576,2011-11-29 15:34:00,2010-12-01 17:24:00,18,6717.34,2646,10,373,373.18555555555554,1.468833780160858,6573.26836461126,6573.26836461126,5,5,5,15,0,Champions
16746,2011-12-05 12:33:00,2010-12-16 11:43:00,18,6697.66,4665,5,359,372.09222222222223,1.5261142061281336,6809.598607242339,6809.598607242339,5,5,5,15,0,Champions
15249,2011-11-08 11:45:00,2011-03-28 12:49:00,13,6688.46,3577,32,257,514.496923076923,1.5396400778210118,9499.174708171206,9499.174708171206,4,5,5,14,0,Champions
16353,2011-12-06 12:23:00,2010-12-05 12:09:00,23,6675.71,2006,4,370,290.24826086956523,1.8920608108108108,6585.497702702703,6585.497702702703,5,5,5,15,0,Champions
17338,2011-11-22 14:23:00,2010-12-13 12:57:00,8,6643.93,3128,17,361,830.49125,0.6745152354570637,6717.546952908588,6717.546952908588,4,5,5,14,0,Champions
12626,2011-11-16 16:06:00,2011-01-17 11:01:00,9,6620.48,3453,23,327,735.6088888888888,0.8377293577981652,7389.8324159021395,7389.8324159021395,4,5,5,14,0,Champions
16182,2011-09-28 13:23:00,2011-02-18 10:11:00,4,6617.65,3791,72,295,1654.4125,0.41271186440677965,8187.939830508474,8187.939830508474,2,4,5,11,0,Champions
15144,2011-12-01 15:12:00,2011-01-31 13:17:00,17,6580.44,3050,8,312,387.0847058823529,1.6584535256410258,7698.271153846153,7698.271153846153,5,5,5,15,0,Champions
12472,2011-11-07 14:01:00,2010-12-05 14:19:00,7,6572.11,4148,32,369,938.8728571428571,0.5774051490514905,6500.867615176152,6500.867615176152,4,5,5,14,0,Champions
16814,2011-11-25 13:27:00,2010-12-05 11:45:00,21,6509.1,2769,14,370,309.95714285714286,1.7275337837837836,6421.139189189189,6421.139189189189,4,5,5,14,0,Champions
12431,2011-11-04 11:55:00,2010-12-01 10:03:00,15,6487.45,2906,36,374,432.49666666666667,1.220755347593583,6331.334893048128,6331.334893048128,3,5,5,13,0,Champions
18223,2011-12-05 09:11:00,2010-12-16 16:42:00,14,6484.54,2948,5,358,463.18142857142857,1.1902932960893855,6611.332681564246,6611.332681564246,5,5,5,15,0,Champions
15694,2011-12-09 09:44:00,2010-12-02 07:49:00,14,6479.4,1677,1,373,462.8142857142857,1.1424262734584452,6340.43163538874,6340.43163538874,5,5,5,15,0,Champions
13225,2011-12-06 13:29:00,2010-12-13 09:49:00,7,6463.84,3416,3,362,923.4057142857143,0.5885704419889503,6517.40773480663,6517.40773480663,5,5,5,15,0,Champions
13102,2011-12-08 12:52:00,2010-12-09 13:38:00,24,6424.09,4204,1,365,267.67041666666665,2.0013698630136987,6424.09,6424.09,5,5,5,15,0,Champions
13871,2011-11-17 10:49:00,2011-02-04 09:30:00,13,6403.25,2806,23,309,492.5576923076923,1.280542071197411,7563.709546925566,7563.709546925566,4,5,5,14,0,Champions
12359,2011-10-13 12:47:00,2011-01-12 12:43:00,4,6372.58,1622,58,332,1593.145,0.3667168674698795,7005.9990963855425,7005.9990963855425,3,4,5,12,0,Champions
13668,2011-12-07 12:11:00,2010-12-12 12:35:00,21,6363.59,3742,3,363,303.02809523809526,1.7608471074380165,6398.651101928375,6398.651101928375,5,5,5,15,0,Champions
13709,2011-12-06 10:28:00,2011-01-28 14:57:00,13,6328.05,3516,4,315,486.7730769230769,1.2561507936507936,7332.502380952381,7332.502380952381,5,5,5,15,0,Champions
15005,2011-11-24 12:25:00,2010-12-08 14:36:00,28,6316.57,4247,16,366,225.5917857142857,2.328551912568306,6299.311612021857,6299.311612021857,4,5,5,14,0,Champions
17315,2011-12-08 12:15:00,2010-12-17 12:24:00,38,6292.26,3888,2,358,165.58578947368423,3.230796089385475,6415.293016759778,6415.293016759778,5,5,5,15,0,Champions
16126,2011-11-10 16:03:00,2011-02-16 11:18:00,4,6287.77,2125,29,297,1571.9425,0.4099326599326599,7727.394107744109,7727.394107744109,4,4,5,13,0,Champions
14057,2011-11-16 10:32:00,2010-12-14 12:11:00,17,6217.96,4876,24,361,365.76235294117646,1.4333448753462603,6286.857063711911,6286.857063711911,4,5,5,14,0,Champions
12357,2011-11-06 16:07:00,2011-11-06 16:07:00,1,6207.67,2708,33,33,6207.67,0.9223484848484848,68660.59242424242,68660.59242424242,3,1,5,9,2,Loyal Customers
14060,2011-12-05 12:29:00,2010-12-02 12:11:00,19,6140.42,5386,5,373,323.18,1.5504356568364612,6008.721983914209,6008.721983914209,5,5,5,15,0,Champions
13418,2011-11-28 10:23:00,2010-12-02 10:45:00,18,6127.43,3918,12,373,340.4127777777778,1.468833780160858,5996.010589812333,5996.010589812333,5,5,5,15,0,Champions
17509,2011-10-13 10:26:00,2011-10-07 13:14:00,8,6115.14,3534,58,63,764.3925,3.865079365079365,35428.985714285714,35428.985714285714,3,5,5,13,0,Champions
15939,2011-09-11 11:30:00,2011-01-12 12:43:00,15,6115.01,4728,90,332,407.6673333333334,1.3751882530120483,6722.827259036144,6722.827259036144,2,5,5,12,0,Champions
14735,2011-12-06 12:09:00,2010-12-16 16:05:00,32,6065.69,2264,4,358,189.5528125,2.7206703910614523,6184.292877094971,6184.292877094971,5,5,5,15,0,Champions
12637,2011-10-03 13:46:00,2011-01-20 10:47:00,8,6021.9,3002,67,324,752.7375,0.7515432098765432,6783.930555555556,6783.930555555556,3,5,5,13,0,Champions
13097,2011-11-07 10:43:00,2010-12-14 15:13:00,10,6010.42,2363,33,360,601.042,0.8454861111111112,6093.898055555555,6093.898055555555,3,5,5,13,0,Champions
13316,2011-11-02 13:40:00,2011-03-30 13:01:00,4,5977.7300000000005,6948,37,254,1494.4325000000001,0.47933070866141736,8590.045078740159,8590.045078740159,3,4,5,12,0,Champions
14101,2011-09-27 12:28:00,2011-01-17 13:09:00,6,5976.79,6942,74,326,996.1316666666667,0.5601993865030674,6691.804754601228,6691.804754601228,2,5,5,12,0,Champions
15382,2011-11-25 10:58:00,2011-02-17 12:01:00,6,5955.71,4012,15,296,992.6183333333333,0.6169763513513513,7344.0342905405405,7344.0342905405405,4,5,5,14,0,Champions
14505,2011-11-22 15:45:00,2010-12-12 16:14:00,8,5905.64,2759,17,362,738.205,0.6726519337016574,5954.581767955801,5954.581767955801,4,5,5,14,0,Champions
14415,2011-12-08 14:38:00,2010-12-14 13:31:00,13,5900.28,3011,1,360,453.86769230769227,1.0991319444444445,5982.228333333333,5982.228333333333,5,5,5,15,0,Champions
14944,2011-11-10 09:10:00,2011-02-16 12:47:00,12,5900.25,2815,30,297,491.6875,1.22979797979798,7251.14898989899,7251.14898989899,4,5,5,14,0,Champions
13209,2011-11-09 13:54:00,2010-12-13 10:31:00,8,5891.61,4253,30,362,736.45125,0.6726519337016574,5940.435497237569,5940.435497237569,4,5,5,14,0,Champions
13534,2011-12-07 14:52:00,2010-12-16 15:23:00,25,5870.08,2961,2,358,234.8032,2.12552374301676,5984.858100558659,5984.858100558659,5,5,5,15,0,Champions
13050,2011-11-25 09:18:00,2010-12-08 09:30:00,17,5836.86,3748,15,367,343.3447058823529,1.4099114441416893,5805.051498637602,5805.051498637602,4,5,5,14,0,Champions
12720,2011-12-07 08:03:00,2010-12-05 15:21:00,25,5781.73,4672,3,369,231.26919999999998,2.062161246612466,5719.0554200542,5719.0554200542,5,5,5,15,0,Champions
15218,2011-11-29 11:48:00,2011-01-25 11:20:00,11,5756.89,3329,11,319,523.3536363636364,1.0495689655172413,6587.0371473354235,6587.0371473354235,5,5,5,15,0,Champions
17686,2011-12-02 15:39:00,2011-02-10 10:18:00,7,5739.46,2478,7,303,819.9228571428572,0.7031765676567657,6913.870957095709,6913.870957095709,5,5,5,15,0,Champions
13178,2011-11-13 16:14:00,2010-12-14 12:22:00,11,5725.47,3570,26,361,520.4972727272727,0.9274584487534625,5788.910110803325,5788.910110803325,4,5,5,14,0,Champions
16553,2011-06-29 15:42:00,2010-12-14 13:58:00,12,5719.82,4600,163,360,476.65166666666664,1.0145833333333334,5799.2619444444435,5799.2619444444435,2,5,5,12,0,Champions
13468,2011-12-08 10:39:00,2010-12-01 15:08:00,37,5704.97,2589,2,373,154.1883783783784,3.019269436997319,5582.611394101877,5582.611394101877,5,5,5,15,0,Champions
14110,2011-12-06 12:26:00,2011-03-18 09:59:00,12,5683.15,2445,4,267,473.5958333333333,1.3679775280898878,7769.100187265917,7769.100187265917,5,5,5,15,0,Champions
14049,2011-11-23 12:20:00,2011-01-26 11:27:00,4,5681.72,3870,17,318,1420.43,0.3828616352201258,6521.47106918239,6521.47106918239,4,4,5,13,0,Champions
17049,2011-12-07 10:48:00,2011-03-09 08:33:00,9,5659.9800000000005,2676,3,276,628.8866666666668,0.9925271739130436,7485.118478260871,7485.118478260871,5,5,5,15,0,Champions
17716,2011-11-17 12:00:00,2011-03-17 10:38:00,11,5655.99,3072,23,268,514.180909090909,1.2493003731343282,7703.120708955224,7703.120708955224,4,5,5,14,0,Champions
13004,2011-11-28 11:27:00,2010-12-17 08:20:00,18,5655.91,4822,12,358,314.21722222222223,1.530377094972067,5766.500418994413,5766.500418994413,5,5,5,15,0,Champions
18118,2011-11-29 11:32:00,2010-12-05 12:13:00,26,5653.82,2882,11,370,217.45461538461538,2.1388513513513514,5577.417027027027,5577.417027027027,5,5,5,15,0,Champions
14688,2011-12-02 12:26:00,2010-12-01 09:37:00,21,5630.87,3621,8,374,268.13666666666666,1.7090574866310162,5495.367780748663,5495.367780748663,5,5,5,15,0,Champions
17757,2011-12-08 15:31:00,2010-12-02 17:17:00,30,5605.29,3320,1,372,186.843,2.4546370967741935,5499.8141129032265,5499.8141129032265,5,5,5,15,0,Champions
12481,2011-11-17 08:29:00,2010-12-09 10:13:00,10,5596.32,3304,23,366,559.632,0.8316256830601092,5581.029508196721,5581.029508196721,4,5,5,14,0,Champions
12839,2011-12-07 12:33:00,2010-12-07 15:48:00,14,5591.42,3807,3,367,399.38714285714286,1.1611035422343323,5560.949046321526,5560.949046321526,5,5,5,15,0,Champions
16767,2011-11-09 09:42:00,2011-01-27 13:38:00,11,5580.6,4435,31,316,507.32727272727277,1.0595332278481013,6445.946202531646,6445.946202531646,4,5,5,14,0,Champions
16161,2011-12-08 12:10:00,2010-12-06 10:03:00,19,5575.56,2599,2,369,293.4505263157895,1.5672425474254743,5515.120325203253,5515.120325203253,5,5,5,15,0,Champions
12539,2011-11-17 13:30:00,2011-01-10 09:11:00,4,5568.35,2067,22,334,1392.0875,0.36452095808383234,6085.172904191618,6085.172904191618,4,4,5,13,0,Champions
15805,2011-11-16 16:32:00,2010-12-10 09:33:00,17,5528.4800000000005,3387,23,365,325.204705882353,1.41763698630137,5528.4800000000005,5528.4800000000005,4,5,5,14,0,Champions
18225,2011-12-06 13:27:00,2010-12-09 15:46:00,12,5509.12,3244,3,365,459.0933333333333,1.0006849315068493,5509.12,5509.12,5,5,5,15,0,Champions
16609,2011-11-24 13:32:00,2011-04-01 10:11:00,7,5493.46,2420,15,253,784.78,0.8421442687747036,7925.347430830039,7925.347430830039,4,5,5,14,0,Champions
16985,2011-11-22 13:33:00,2010-12-16 10:38:00,10,5464.12,1832,17,359,546.412,0.8478412256267409,5555.44233983287,5555.44233983287,4,5,5,14,0,Champions
16265,2011-11-30 16:41:00,2010-12-10 10:21:00,9,5447.0,2646,9,365,605.2222222222222,0.7505136986301371,5447.0,5447.0,5,5,5,15,0,Champions
18198,2011-12-05 14:49:00,2011-01-07 13:39:00,17,5425.56,4074,4,336,319.15058823529415,1.5399925595238095,5893.837500000001,5893.837500000001,5,5,5,15,0,Champions
12490,2011-12-04 16:07:00,2011-01-14 09:13:00,10,5417.93,3064,5,330,541.793,0.9223484848484848,5992.55893939394,5992.55893939394,5,5,5,15,0,Champions
17809,2011-11-23 12:59:00,2010-12-01 09:41:00,12,5411.91,2057,16,374,450.9925,0.9766042780748664,5281.6768716577535,5281.6768716577535,4,5,5,14,0,Champions
16701,2011-12-01 11:10:00,2010-12-13 11:51:00,13,5398.3,6393,9,362,415.25384615384615,1.0930593922651934,5443.037292817679,5443.037292817679,5,5,5,15,0,Champions
17719,2011-11-02 10:36:00,2011-03-29 11:29:00,15,5396.04,2466,38,256,359.736,1.783447265625,7693.57265625,7693.57265625,3,5,5,13,0,Champions
17850,2010-12-02 15:27:00,2010-12-01 08:26:00,34,5391.21,1733,372,374,158.565,2.7670454545454546,5261.474999999999,5261.474999999999,1,5,5,11,0,Champions
16303,2011-11-14 10:49:00,2011-01-10 14:16:00,3,5360.63,2659,26,333,1786.8766666666668,0.2742117117117117,5875.765615615615,5875.765615615615,4,4,5,13,0,Champions
13269,2011-12-08 14:53:00,2010-12-05 11:51:00,15,5346.2300000000005,3514,1,370,356.41533333333336,1.2339527027027026,5273.983648648649,5273.983648648649,5,5,5,15,0,Champions
15150,2011-11-22 12:52:00,2011-03-15 14:21:00,10,5314.47,3658,17,269,531.447,1.1315055762081785,7211.083828996283,7211.083828996283,4,5,5,14,0,Champions
17730,2011-12-06 15:43:00,2011-01-17 14:49:00,13,5298.4800000000005,3576,3,326,407.5753846153847,1.2137653374233128,5932.347239263804,5932.347239263804,5,5,5,15,0,Champions
17061,2011-09-27 11:24:00,2011-04-21 13:29:00,11,5232.2300000000005,1526,74,232,475.65727272727275,1.4431573275862069,8231.741163793104,8231.741163793104,2,5,5,12,0,Champions
18226,2011-10-26 13:36:00,2011-01-06 09:00:00,11,5228.05,3466,44,338,475.27727272727276,0.990569526627219,5645.675295857988,5645.675295857988,3,5,5,13,0,Champions
12362,2011-12-06 15:40:00,2011-02-17 10:30:00,10,5226.23,2229,3,296,522.6229999999999,1.0282939189189189,6444.506587837837,6444.506587837837,5,5,5,15,0,Champions
15046,2011-11-30 15:50:00,2011-01-05 15:30:00,15,5213.7699999999995,3451,9,338,347.58466666666664,1.350776627218935,5630.254585798816,5630.254585798816,5,5,5,15,0,Champions
16258,2011-10-25 13:30:00,2011-05-04 14:33:00,5,5203.51,2994,45,219,1040.702,0.694920091324201,8672.516666666666,8672.516666666666,3,4,5,12,0,Champions
13756,2011-12-07 16:44:00,2010-12-07 11:41:00,14,5189.52,3188,2,368,370.68,1.1579483695652175,5147.214130434782,5147.214130434782,5,5,5,15,0,Champions
16191,2011-12-07 11:26:00,2010-12-14 12:38:00,13,5180.52,3351,3,361,398.5015384615385,1.0960872576177285,5237.92188365651,5237.92188365651,5,5,5,15,0,Champions
15727,2011-11-23 12:36:00,2010-12-15 15:47:00,7,5178.96,3065,17,359,739.8514285714285,0.5934888579387186,5265.51643454039,5265.51643454039,4,5,5,14,0,Champions
17858,2011-12-04 11:56:00,2010-12-05 13:08:00,12,5155.66,2706,6,369,429.6383333333333,0.9898373983739838,5099.772086720867,5099.772086720867,5,5,5,15,0,Champions
13599,2011-12-08 16:10:00,2010-12-08 10:11:00,21,5153.67,3294,1,367,245.41285714285715,1.7416553133514987,5125.584604904632,5125.584604904632,5,5,5,15,0,Champions
15903,2011-11-30 08:08:00,2011-02-17 14:04:00,7,5126.76,2410,10,295,732.3942857142857,0.7222457627118644,6343.279322033899,6343.279322033899,5,5,5,15,0,Champions
13941,2011-11-18 09:43:00,2010-12-02 10:17:00,5,5112.96,2364,22,373,1022.592,0.4080093833780161,5003.298659517426,5003.298659517426,4,4,5,13,0,Champions
17602,2011-12-07 13:53:00,2011-01-19 16:18:00,6,5102.97,4151,2,324,850.495,0.5636574074074074,5748.716203703704,5748.716203703704,5,5,5,15,0,Champions
16700,2011-12-01 11:00:00,2010-12-08 16:34:00,13,5076.55,4024,9,366,390.50384615384615,1.081113387978142,5062.679644808743,5062.679644808743,5,5,5,15,0,Champions
14562,2011-12-06 11:05:00,2011-02-08 14:45:00,18,5074.77,1834,4,304,281.9316666666667,1.802220394736842,6093.062664473684,6093.062664473684,5,5,5,15,0,Champions
15301,2011-10-20 09:57:00,2010-12-06 12:21:00,12,5070.35,2775,51,369,422.5291666666667,0.9898373983739838,5015.386856368565,5015.386856368565,3,5,5,13,0,Champions
13139,2011-11-23 13:54:00,2011-03-25 11:57:00,7,5064.94,2425,16,260,723.5628571428571,0.8194711538461538,7110.396538461538,7110.396538461538,4,5,5,14,0,Champions
12432,2011-10-28 11:43:00,2011-06-20 13:27:00,5,5059.32,1801,43,172,1011.8639999999999,0.8848110465116279,10736.347674418603,10736.347674418603,3,4,5,12,0,Champions
15719,2011-11-07 12:29:00,2011-01-06 12:31:00,13,5045.61,2725,33,338,388.1238461538461,1.170673076923077,5448.661686390532,5448.661686390532,3,5,5,13,0,Champions
17426,2011-12-01 18:07:00,2011-03-02 16:34:00,6,5037.26,3094,8,282,839.5433333333334,0.6476063829787234,6519.85780141844,6519.85780141844,5,5,5,15,0,Champions
14329,2011-11-22 15:50:00,2011-01-14 13:42:00,7,5014.84,3095,17,329,716.4057142857143,0.6476063829787234,5563.576291793313,5563.576291793313,4,5,5,14,0,Champions
14755,2011-11-30 11:24:00,2011-01-09 14:02:00,11,5010.28,2219,10,334,455.47999999999996,1.002432634730539,5475.305988023952,5475.305988023952,5,5,5,15,0,Champions
12444,2011-11-18 13:23:00,2011-06-21 14:00:00,5,5005.46,1153,21,171,1001.092,0.889985380116959,10684.169005847953,10684.169005847953,4,4,5,13,0,Champions
15032,2011-03-28 15:03:00,2010-12-08 12:57:00,3,4959.1,2968,256,366,1653.0333333333335,0.24948770491803277,4945.550546448088,4945.550546448088,1,3,5,9,1,At Risk
15547,2011-12-02 12:52:00,2010-12-12 13:26:00,14,4954.84,4032,7,362,353.9171428571429,1.1771408839779005,4995.902209944752,4995.902209944752,5,5,5,15,0,Champions
12437,2011-12-08 11:35:00,2011-01-12 14:13:00,18,4951.41,2922,2,331,275.0783333333333,1.6552114803625377,5460.014048338368,5460.014048338368,5,5,5,15,0,Champions
12700,2011-12-02 10:47:00,2011-05-08 16:10:00,4,4939.99,2967,8,215,1234.9975,0.5662790697674419,8386.49465116279,8386.49465116279,5,4,5,14,0,Champions
15786,2011-10-24 14:13:00,2011-08-17 13:33:00,3,4932.2,3364,46,114,1644.0666666666666,0.8009868421052632,15791.692982456141,15791.692982456141,3,4,5,12,0,Champions
14709,2011-11-24 15:41:00,2010-12-16 13:43:00,13,4921.04,2484,15,358,378.54153846153844,1.105272346368715,5017.261452513967,5017.261452513967,4,5,5,14,0,Champions
17133,2011-11-24 12:27:00,2011-03-18 13:47:00,7,4892.240000000001,2730,16,266,698.8914285714287,0.8009868421052632,6713.036090225565,6713.036090225565,4,5,5,14,0,Champions
12664,2011-12-01 17:07:00,2011-01-21 11:42:00,9,4881.88,1203,8,323,542.4311111111111,0.8481037151702786,5516.675541795666,5516.675541795666,5,5,5,15,0,Champions
12688,2011-08-18 08:49:00,2011-08-18 08:49:00,1,4873.8099999999995,3028,114,114,4873.8099999999995,0.2669956140350877,15604.742543859647,15604.742543859647,2,1,5,8,2,Loyal Customers
14292,2011-12-02 11:50:00,2011-03-02 08:26:00,9,4871.93,1663,8,283,541.3255555555556,0.9679770318021201,6283.584628975265,6283.584628975265,5,5,5,15,0,Champions
17652,2011-11-14 12:55:00,2011-03-03 14:05:00,12,4867.72,2509,25,281,405.6433333333334,1.2998220640569396,6322.839145907474,6322.839145907474,4,5,5,14,0,Champions
15738,2011-11-21 08:26:00,2010-12-02 12:50:00,16,4812.42,2982,19,373,300.77625,1.3056300268096515,4709.204557640751,4709.204557640751,4,5,5,14,0,Champions
13013,2011-12-08 15:01:00,2010-12-03 12:28:00,13,4810.9400000000005,2224,1,372,370.07230769230773,1.0636760752688172,4720.411559139785,4720.411559139785,5,5,5,15,0,Champions
15555,2011-11-27 16:19:00,2010-12-05 14:45:00,16,4805.17,4439,12,369,300.323125,1.3197831978319783,4753.081436314364,4753.081436314364,5,5,5,15,0,Champions
17365,2011-11-27 12:13:00,2011-01-11 12:11:00,8,4801.56,4777,13,333,600.195,0.7312312312312312,5262.971171171172,5262.971171171172,5,5,5,15,0,Champions
15298,2011-12-07 17:17:00,2010-12-08 13:55:00,12,4799.9,3116,2,366,399.9916666666666,0.9979508196721311,4786.785519125682,4786.785519125682,5,5,5,15,0,Champions
15187,2011-12-08 11:56:00,2011-05-11 13:49:00,16,4777.18,1887,2,212,298.57375,2.297169811320755,8224.861792452832,8224.861792452832,5,5,5,15,0,Champions
17690,2011-11-09 15:17:00,2010-12-01 16:15:00,15,4757.95,1773,30,373,317.19666666666666,1.2240281501340482,4655.9028150134045,4655.9028150134045,4,5,5,14,0,Champions
12955,2011-12-08 16:29:00,2011-03-17 09:03:00,11,4757.16,3664,1,268,432.4690909090909,1.2493003731343282,6478.967910447761,6478.967910447761,5,5,5,15,0,Champions
14180,2011-11-29 10:56:00,2010-12-02 13:08:00,25,4748.52,719,11,372,189.94080000000002,2.0455309139784945,4659.166129032258,4659.166129032258,5,5,5,15,0,Champions
15152,2011-11-30 12:32:00,2011-06-05 15:36:00,13,4745.69,2704,10,187,365.0530769230769,2.115975935828877,9262.97780748663,9262.97780748663,5,5,5,15,0,Champions
16722,2011-11-22 13:28:00,2010-12-06 12:59:00,13,4730.81,5001,17,368,363.90846153846155,1.0752377717391304,4692.243614130435,4692.243614130435,4,5,5,14,0,Champions
12714,2011-11-30 15:43:00,2011-02-18 10:53:00,5,4708.86,3069,9,295,941.7719999999999,0.5158898305084746,5826.216610169491,5826.216610169491,5,4,5,14,0,Champions
14159,2011-11-20 12:36:00,2010-12-12 11:17:00,11,4693.01,4408,20,363,426.6372727272728,0.9223484848484849,4718.866804407714,4718.866804407714,4,5,5,14,0,Champions
14135,2011-12-08 11:38:00,2010-12-02 10:27:00,15,4690.31,3850,2,373,312.68733333333336,1.2240281501340482,4589.713538873995,4589.713538873995,5,5,5,15,0,Champions
14191,2011-12-08 09:23:00,2011-05-03 10:30:00,13,4684.76,3662,2,221,360.36615384615385,1.790441176470588,7737.273303167422,7737.273303167422,5,5,5,15,0,Champions
15291,2011-11-14 11:02:00,2010-12-01 09:32:00,15,4668.3,2103,26,374,311.22,1.220755347593583,4555.961229946524,4555.961229946524,4,5,5,14,0,Champions
14189,2011-12-07 15:55:00,2010-12-06 11:42:00,15,4654.08,3937,2,369,310.272,1.2372967479674797,4603.629268292682,4603.629268292682,5,5,5,15,0,Champions
14390,2011-11-29 13:49:00,2010-12-02 11:57:00,9,4652.82,2136,10,373,516.98,0.734416890080429,4553.027613941018,4553.027613941018,5,5,5,15,0,Champions
14286,2011-11-16 10:34:00,2011-04-11 08:16:00,3,4628.75,4338,24,243,1542.9166666666667,0.3757716049382716,6952.649176954733,6952.649176954733,4,3,5,12,0,Champions
16931,2011-12-04 13:15:00,2010-12-05 11:40:00,21,4604.22,3158,5,370,219.24857142857144,1.7275337837837836,4542.000810810811,4542.000810810811,5,5,5,15,0,Champions
13802,2011-07-24 10:54:00,2011-02-01 12:03:00,3,4599.42,2572,139,312,1533.14,0.2926682692307693,5380.731730769231,5380.731730769231,2,3,5,10,0,Champions
15093,2011-11-21 13:09:00,2010-12-02 18:25:00,6,4597.02,3760,18,372,766.1700000000001,0.4909274193548387,4510.516935483871,4510.516935483871,4,5,5,14,0,Champions
14004,2011-10-27 14:40:00,2011-02-24 09:28:00,7,4582.64,2668,43,289,654.6628571428572,0.7372404844290658,5787.763321799308,5787.763321799308,3,5,5,13,0,Champions
17613,2011-11-17 10:51:00,2011-02-07 11:20:00,14,4559.150000000001,2496,23,306,325.65357142857147,1.3925653594771241,5438.201797385622,5438.201797385622,4,5,5,14,0,Champions
17068,2011-11-27 13:14:00,2010-12-06 13:58:00,21,4552.14,2164,12,368,216.76857142857145,1.7369225543478262,4515.030163043479,4515.030163043479,5,5,5,15,0,Champions
12484,2011-11-07 11:37:00,2011-01-07 14:04:00,6,4541.72,2191,33,336,756.9533333333334,0.5435267857142857,4933.713690476191,4933.713690476191,3,4,5,12,0,Champions
13267,2011-12-07 11:12:00,2010-12-08 09:20:00,19,4521.49,1969,3,367,237.97315789473683,1.575783378746594,4496.849727520435,4496.849727520435,5,5,5,15,0,Champions
15299,2011-10-03 14:19:00,2010-12-02 16:48:00,7,4507.01,2948,67,372,643.8585714285715,0.5727486559139785,4422.200672043011,4422.200672043011,3,5,5,13,0,Champions
17975,2011-11-24 13:27:00,2010-12-08 11:38:00,13,4488.81,1568,15,367,345.29307692307697,1.0781675749318802,4464.347820163488,4464.347820163488,4,5,5,14,0,Champions
12524,2011-11-30 15:31:00,2011-01-10 10:35:00,8,4485.72,3699,9,334,560.715,0.7290419161676647,4902.059281437126,4902.059281437126,5,5,5,15,0,Champions
14426,2011-11-16 12:25:00,2011-01-31 09:51:00,10,4481.67,2699,24,313,448.16700000000003,0.972444089456869,5226.228594249202,5226.228594249202,4,5,5,14,0,Champions
16984,2011-09-12 13:43:00,2011-08-01 17:37:00,2,4481.35,2423,88,130,2240.675,0.4682692307692307,12582.251923076925,12582.251923076925,2,3,5,10,0,Champions
17364,2011-12-09 09:00:00,2011-01-12 16:57:00,11,4481.18,2701,1,331,407.38000000000005,1.0115181268882174,4941.48247734139,4941.48247734139,5,5,5,15,0,Champions
12627,2011-11-29 12:07:00,2011-07-22 13:59:00,7,4478.53,2752,11,140,639.79,1.521875,11676.1675,11676.1675,5,5,5,15,0,Champions
14085,2011-12-07 13:46:00,2010-12-06 12:39:00,18,4448.54,3184,2,369,247.14111111111112,1.4847560975609757,4400.317344173442,4400.317344173442,5,5,5,15,0,Champions
14534,2011-12-07 12:19:00,2011-01-25 12:33:00,18,4447.05,2047,3,319,247.05833333333334,1.7174764890282133,5088.317398119122,5088.317398119122,5,5,5,15,0,Champions
13069,2011-12-09 08:39:00,2010-12-05 11:02:00,24,4436.12,5885,1,370,184.83833333333334,1.9743243243243243,4376.172432432432,4376.172432432432,5,5,5,15,0,Champions
15955,2011-11-15 14:15:00,2010-12-02 11:22:00,14,4416.26,2135,24,373,315.44714285714286,1.1424262734584452,4321.541286863271,4321.541286863271,4,5,5,14,0,Champions
16626,2011-12-09 11:56:00,2011-03-18 12:27:00,17,4413.1,2690,1,267,259.59411764705885,1.9379681647940077,6032.889513108615,6032.889513108615,5,5,5,15,0,Champions
15874,2011-10-07 12:31:00,2011-02-28 13:28:00,7,4405.88,2534,64,284,629.4114285714286,0.7502200704225352,5662.48661971831,5662.48661971831,3,5,5,13,0,Champions
12712,2011-11-11 08:19:00,2010-12-03 14:30:00,13,4396.13,1062,29,371,338.1638461538462,1.0665431266846361,4325.033557951482,4325.033557951482,4,5,5,14,0,Champions
13505,2011-09-28 11:56:00,2011-04-21 12:07:00,4,4393.63,2486,73,233,1098.4075,0.5225321888412018,6882.725107296137,6882.725107296137,2,4,5,11,0,Champions
12752,2011-09-19 13:32:00,2011-09-19 13:32:00,1,4366.78,2262,81,81,4366.78,0.3757716049382716,19677.465432098765,19677.465432098765,2,1,5,8,2,Loyal Customers
16945,2011-11-18 11:39:00,2010-12-16 17:49:00,19,4345.5,2725,22,358,228.71052631578948,1.6153980446927374,4430.467877094972,4430.467877094972,4,5,5,14,0,Champions
14016,2011-07-01 11:29:00,2010-12-17 14:21:00,4,4341.21,2125,162,357,1085.3025,0.3410364145658263,4438.492016806723,4438.492016806723,2,4,5,11,0,Champions
14800,2011-10-23 12:46:00,2010-12-05 11:10:00,12,4339.74,3655,48,370,361.645,0.9871621621621621,4281.094864864865,4281.094864864865,3,5,5,13,0,Champions
14525,2011-11-20 11:37:00,2010-12-13 17:40:00,9,4332.2,2696,20,361,481.35555555555555,0.7588296398891966,4380.202216066482,4380.202216066482,4,5,5,14,0,Champions
17567,2011-12-02 15:48:00,2010-12-02 15:18:00,8,4331.48,2632,7,372,541.435,0.6545698924731183,4249.973655913978,4249.973655913978,5,5,5,15,0,Champions
18251,2011-09-13 15:03:00,2011-09-13 15:03:00,1,4314.72,7824,87,87,4314.72,0.34985632183908044,18101.986206896552,18101.986206896552,2,2,5,9,2,Loyal Customers
12347,2011-12-07 15:52:00,2010-12-07 14:57:00,7,4310.0,2458,2,367,615.7142857142857,0.5805517711171662,4286.512261580381,4286.512261580381,5,5,5,15,0,Champions
15034,2011-11-24 12:11:00,2010-12-21 09:47:00,8,4308.61,2422,16,354,538.57625,0.6878531073446328,4442.493361581921,4442.493361581921,4,5,5,14,0,Champions
17937,2011-12-01 11:45:00,2010-12-12 14:43:00,7,4301.22,1754,9,362,614.46,0.5885704419889503,4336.86546961326,4336.86546961326,5,5,5,15,0,Champions
14422,2011-12-09 11:26:00,2011-03-17 17:26:00,6,4263.64,2906,1,267,710.6066666666667,0.6839887640449439,5828.571535580525,5828.571535580525,5,5,5,15,0,Champions
12500,2011-11-16 16:20:00,2011-01-10 09:48:00,11,4257.82,2678,23,334,387.07454545454544,1.002432634730539,4653.006886227545,4653.006886227545,4,5,5,14,0,Champions
17419,2011-11-28 13:47:00,2010-12-07 15:03:00,12,4226.57,1876,11,367,352.21416666666664,0.9952316076294278,4203.536920980926,4203.536920980926,5,5,5,15,0,Champions
14277,2011-11-24 15:01:00,2011-05-11 13:20:00,3,4216.2,1984,15,212,1405.3999999999999,0.4307193396226415,7259.023584905661,7259.023584905661,4,3,5,12,0,Champions
15804,2011-12-09 12:31:00,2011-05-25 10:12:00,13,4206.39,2565,1,199,323.5684615384616,1.9883793969849246,7715.2379396984925,7715.2379396984925,5,5,5,15,0,Champions
17920,2011-12-05 14:29:00,2010-12-01 11:49:00,17,4204.1,2516,4,374,247.3,1.3835227272727273,4102.931818181819,4102.931818181819,5,5,5,15,0,Champions
15971,2011-11-22 12:50:00,2011-02-01 16:47:00,12,4199.85,1717,18,311,349.9875,1.1744372990353698,4929.084405144696,4929.084405144696,4,5,5,14,0,Champions
12747,2011-12-07 14:34:00,2010-12-05 15:38:00,11,4196.01,1275,2,369,381.4554545454546,0.9073509485094852,4150.524796747968,4150.524796747968,5,5,5,15,0,Champions
14146,2011-12-01 10:18:00,2010-12-17 15:52:00,5,4191.0,2437,9,357,838.2,0.4262955182072829,4284.915966386555,4284.915966386555,5,4,5,14,0,Champions
18041,2011-11-28 11:39:00,2010-12-02 11:21:00,21,4183.39,3819,12,373,199.20904761904762,1.7136394101876675,4093.66581769437,4093.66581769437,5,5,5,15,0,Champions
12949,2011-11-09 11:25:00,2011-04-01 13:20:00,8,4167.22,2381,31,252,520.9025,0.9662698412698413,6035.854365079365,6035.854365079365,4,5,5,14,0,Champions
15570,2011-12-02 14:47:00,2010-12-05 12:57:00,12,4165.52,2067,7,369,347.1266666666667,0.9898373983739838,4120.365311653117,4120.365311653117,5,5,5,15,0,Champions
16549,2011-11-29 15:06:00,2011-01-09 14:03:00,10,4154.64,2365,10,334,415.46400000000006,0.9113023952095809,4540.2502994011975,4540.2502994011975,5,5,5,15,0,Champions
13384,2011-11-09 11:04:00,2011-06-14 12:47:00,7,4151.93,2422,31,179,593.1328571428572,1.1902932960893855,8466.225977653632,8466.225977653632,4,5,5,14,0,Champions
13555,2011-09-27 12:36:00,2011-05-22 11:06:00,4,4149.28,2660,74,202,1037.32,0.6027227722772277,7497.461386138613,7497.461386138613,2,4,5,11,0,Champions
13988,2011-11-20 10:15:00,2011-03-30 11:48:00,6,4147.96,3044,20,255,691.3266666666667,0.7161764705882352,5937.276078431372,5937.276078431372,4,5,5,14,0,Champions
15514,2011-11-27 14:40:00,2010-12-10 13:50:00,11,4139.46,2160,12,364,376.31454545454545,0.9198145604395604,4150.832142857143,4150.832142857143,5,5,5,15,0,Champions
12569,2011-12-07 16:24:00,2011-04-01 13:47:00,32,4124.69,1801,2,252,128.8965625,3.865079365079365,5974.253373015872,5974.253373015872,5,5,5,15,0,Champions
16592,2011-12-05 13:49:00,2011-02-25 10:19:00,16,4113.68,2927,4,288,257.105,1.6909722222222223,5213.518055555556,5213.518055555556,5,5,5,15,0,Champions
17940,2011-10-21 13:27:00,2011-02-10 09:29:00,10,4106.4400000000005,9755,49,303,410.64400000000006,1.0045379537953796,4946.701650165017,4946.701650165017,3,5,5,13,0,Champions
17377,2011-11-16 11:17:00,2010-12-01 12:35:00,20,4100.92,2076,24,374,205.046,1.6276737967914439,4002.234759358289,4002.234759358289,4,5,5,14,0,Champions
16401,2011-12-08 18:15:00,2011-01-16 10:56:00,12,4098.32,3882,1,328,341.52666666666664,1.1135670731707317,4560.630487804878,4560.630487804878,5,5,5,15,0,Champions
16670,2011-11-23 09:34:00,2010-12-16 10:30:00,11,4095.9,2556,17,359,372.3545454545455,0.932625348189415,4164.3551532033425,4164.3551532033425,4,5,5,14,0,Champions
12749,2011-12-06 09:56:00,2011-05-10 15:25:00,5,4090.88,1471,4,213,818.176,0.7144953051643192,7010.193427230047,7010.193427230047,5,4,5,14,0,Champions
14092,2011-12-02 12:13:00,2010-12-16 15:47:00,14,4076.91,2066,8,358,291.2078571428571,1.1902932960893855,4156.626117318435,4156.626117318435,5,5,5,15,0,Champions
12449,2011-11-17 13:46:00,2011-06-05 15:37:00,4,4067.29,1553,22,187,1016.8225,0.6510695187165776,7938.828074866311,7938.828074866311,4,4,5,13,0,Champions
18087,2011-09-02 15:12:00,2011-02-22 10:43:00,2,4055.7199999999993,3907,98,291,2027.8599999999997,0.20919243986254293,5087.071477663229,5087.071477663229,2,3,5,10,0,Champions
14401,2011-12-05 13:30:00,2010-12-15 09:07:00,13,4051.48,4507,4,360,311.6523076923077,1.0991319444444445,4107.750555555556,4107.750555555556,5,5,5,15,0,Champions
12656,2011-11-22 13:42:00,2011-04-20 09:20:00,5,4051.17,1723,17,234,810.234,0.6503739316239316,6319.132692307692,6319.132692307692,4,4,5,13,0,Champions
12867,2011-11-13 15:30:00,2010-12-14 16:39:00,7,4036.82,4298,26,360,576.6885714285714,0.5918402777777778,4092.8869444444445,4092.8869444444445,4,5,5,14,0,Champions
13815,2011-11-17 14:19:00,2011-01-25 12:16:00,4,4027.36,2560,22,319,1006.84,0.3816614420062696,4608.107836990596,4608.107836990596,4,4,5,13,0,Champions
12841,2011-12-05 11:13:00,2010-12-03 10:43:00,25,4022.35,2757,5,372,160.894,2.0455309139784945,3946.6606182795704,3946.6606182795704,5,5,5,15,0,Champions
12957,2011-11-30 09:53:00,2011-01-04 12:18:00,8,4017.54,2549,10,340,502.1925,0.7161764705882353,4312.947352941177,4312.947352941177,5,5,5,15,0,Champions
12378,2011-08-02 10:34:00,2011-08-02 10:34:00,1,4008.62,2529,130,130,4008.62,0.23413461538461536,11254.97153846154,11254.97153846154,2,1,5,8,2,Loyal Customers
14547,2011-12-06 11:06:00,2011-10-16 14:35:00,8,4007.54,2668,4,54,500.9425,4.509259259259259,27088.001851851852,27088.001851851852,5,5,5,15,0,Champions
16186,2011-11-17 12:43:00,2010-12-02 14:40:00,12,4006.94,3020,23,372,333.9116666666667,0.9818548387096774,3931.5405913978498,3931.5405913978498,4,5,5,14,0,Champions
17769,2011-11-27 11:18:00,2011-01-23 11:15:00,10,3997.98,1862,13,321,399.798,0.948208722741433,4545.989719626168,4545.989719626168,5,5,5,15,0,Champions
15529,2011-11-17 11:29:00,2010-12-08 12:24:00,11,3995.23,3496,23,367,363.20272727272726,0.9122956403269754,3973.4576294277927,3973.4576294277927,4,5,5,14,0,Champions
17001,2011-12-09 09:38:00,2010-12-16 09:35:00,11,3989.57,2164,1,359,362.6881818181818,0.932625348189415,4056.248050139276,4056.248050139276,5,5,5,15,0,Champions
15416,2011-10-06 09:38:00,2011-03-02 08:41:00,4,3984.32,2090,65,283,996.08,0.4302120141342756,5138.787279151944,5138.787279151944,3,4,5,12,0,Champions
17611,2011-12-02 13:29:00,2010-12-13 13:52:00,15,3984.22,2560,7,361,265.61466666666666,1.2647160664819943,4028.3664819944593,4028.3664819944593,5,5,5,15,0,Champions
12779,2011-11-02 11:43:00,2010-12-03 13:40:00,8,3981.36,2024,38,371,497.67,0.6563342318059299,3916.971428571429,3916.971428571429,3,5,5,13,0,Champions
12727,2011-11-29 11:46:00,2011-01-23 15:17:00,7,3980.7,2098,11,320,568.6714285714286,0.6658203125000001,4540.4859375,4540.4859375,5,5,5,15,0,Champions
14299,2011-12-01 16:05:00,2010-12-09 10:30:00,9,3965.62,2149,8,366,440.6244444444444,0.7484631147540983,3954.7849726775958,3954.7849726775958,5,5,5,15,0,Champions
13523,2011-11-06 15:11:00,2010-12-08 14:22:00,5,3964.88,1752,33,366,792.976,0.4158128415300546,3954.046994535519,3954.046994535519,3,4,5,12,0,Champions
13183,2011-12-02 10:30:00,2011-01-09 10:50:00,9,3957.78,2208,8,335,439.75333333333333,0.8177238805970148,4312.208059701492,4312.208059701492,5,5,5,15,0,Champions
17651,2011-11-28 10:29:00,2011-06-15 15:57:00,10,3945.0,3112,12,177,394.5,1.719632768361582,8135.169491525424,8135.169491525424,5,5,5,15,0,Champions
12473,2011-11-10 13:46:00,2011-06-01 10:15:00,5,3938.5499999999997,2439,29,192,787.7099999999999,0.7926432291666666,7487.34765625,7487.34765625,4,4,5,13,0,Champions
17593,2011-12-06 10:30:00,2010-12-22 10:29:00,5,3927.34,3101,4,353,785.4680000000001,0.43112606232294615,4060.8473087818697,4060.8473087818697,5,4,5,14,0,Champions
14739,2011-12-05 16:54:00,2010-12-07 14:58:00,7,3902.28,3820,4,367,557.4685714285714,0.5805517711171662,3881.0141689373295,3881.0141689373295,5,5,5,15,0,Champions
13999,2011-11-29 13:40:00,2010-12-13 11:23:00,12,3901.81,2243,10,362,325.1508333333333,1.0089779005524862,3934.14544198895,3934.14544198895,5,5,5,15,0,Champions
14291,2011-12-08 10:26:00,2011-03-09 15:20:00,11,3883.25,2749,2,275,353.02272727272725,1.2175,5154.131818181818,5154.131818181818,5,5,5,15,0,Champions
18073,2011-08-17 14:02:00,2011-05-26 19:38:00,12,3877.5200000000004,3108,114,197,323.1266666666667,1.8540609137055837,7184.237563451777,7184.237563451777,2,5,5,12,0,Champions
13124,2011-09-11 12:45:00,2010-12-15 15:00:00,3,3866.33,2147,90,359,1288.7766666666666,0.2543523676880223,3930.9483286908076,3930.9483286908076,2,3,5,10,0,Champions
15195,2011-12-07 12:20:00,2011-12-07 12:20:00,1,3861.0,1404,3,3,3861.0,10.145833333333332,469755.0,469755.0,5,1,5,11,2,Loyal Customers
16717,2011-11-16 12:16:00,2010-12-08 16:48:00,6,3858.38,1866,24,366,643.0633333333334,0.49897540983606553,3847.8379781420763,3847.8379781420763,4,5,5,14,0,Champions
12662,2011-12-09 11:59:00,2010-12-01 13:04:00,11,3849.78,2058,1,373,349.98,0.8976206434316354,3767.210991957105,3767.210991957105,5,5,5,15,0,Champions
16327,2011-11-25 13:23:00,2010-12-05 12:43:00,6,3844.22,2571,14,370,640.7033333333333,0.49358108108108106,3792.2710810810804,3792.2710810810804,4,5,5,14,0,Champions
13266,2011-11-28 14:39:00,2011-03-28 10:14:00,12,3834.2599999999998,4428,11,257,319.52166666666665,1.421206225680934,5445.544357976653,5445.544357976653,5,5,5,15,0,Champions
17091,2011-12-07 10:43:00,2010-12-07 09:55:00,9,3827.76,1746,3,368,425.3066666666667,0.7443953804347826,3796.555434782609,3796.555434782609,5,5,5,15,0,Champions
15867,2011-12-04 13:32:00,2010-12-05 14:17:00,15,3812.64,2054,5,369,254.176,1.2372967479674797,3771.310569105691,3771.310569105691,5,5,5,15,0,Champions
12755,2011-03-04 12:42:00,2010-12-09 10:44:00,2,3811.95,1491,281,366,1905.975,0.16632513661202186,3801.534836065574,3801.534836065574,1,2,5,8,1,At Risk
12597,2011-11-20 13:33:00,2011-03-16 14:00:00,4,3811.22,2236,19,268,952.805,0.45429104477611937,5190.654104477611,5190.654104477611,4,4,5,13,0,Champions
13435,2011-12-04 14:45:00,2011-06-03 17:07:00,7,3809.8900000000003,2129,5,189,544.2700000000001,1.1273148148148149,7357.724074074075,7357.724074074075,5,5,5,15,0,Champions
12668,2011-11-28 10:56:00,2010-12-19 12:46:00,4,3807.15,1634,12,356,951.7875,0.34199438202247195,3903.3981741573034,3903.3981741573034,5,4,5,14,0,Champions
16145,2011-12-01 10:33:00,2010-12-15 09:09:00,11,3799.4900000000002,3123,9,360,345.40818181818184,0.9300347222222223,3852.2606944444447,3852.2606944444447,5,5,5,15,0,Champions
16655,2011-11-22 11:25:00,2011-01-12 10:16:00,6,3794.52,2367,18,332,632.42,0.5500753012048193,4171.686144578312,4171.686144578312,4,5,5,14,0,Champions
16168,2011-11-29 12:45:00,2010-12-05 11:38:00,27,3787.6,1892,11,370,140.28148148148148,2.2211148648648646,3736.416216216216,3736.416216216216,5,5,5,15,0,Champions
16019,2011-10-24 11:51:00,2010-12-10 12:29:00,9,3786.2400000000002,1733,47,365,420.6933333333334,0.7505136986301371,3786.2400000000007,3786.2400000000007,3,5,5,13,0,Champions
12562,2011-12-01 17:20:00,2011-05-25 12:44:00,7,3781.7400000000002,1779,8,199,540.2485714285715,1.0706658291457287,6936.357286432162,6936.357286432162,5,5,5,15,0,Champions
17173,2011-12-04 14:40:00,2011-07-31 15:26:00,8,3766.6,1122,5,131,470.825,1.8587786259541985,10494.725190839694,10494.725190839694,5,5,5,15,0,Champions
16904,2011-12-05 13:10:00,2010-12-07 13:29:00,16,3754.27,2034,4,367,234.641875,1.326975476839237,3733.8107629427795,3733.8107629427795,5,5,5,15,0,Champions
12429,2011-11-30 17:22:00,2010-12-09 12:05:00,4,3750.4,1557,9,366,937.6,0.3326502732240437,3740.153005464481,3740.153005464481,5,4,5,14,0,Champions
17238,2011-12-07 11:35:00,2010-12-03 15:05:00,17,3744.65,1822,3,371,220.2735294117647,1.394710242587601,3684.0896226415093,3684.0896226415093,5,5,5,15,0,Champions
14145,2011-10-24 12:10:00,2011-05-06 13:01:00,4,3742.2,756,47,217,935.55,0.5610599078341014,6294.4838709677415,6294.4838709677415,3,4,5,12,0,Champions
13552,2011-10-04 15:19:00,2011-01-28 10:10:00,12,3740.07,1417,66,316,311.6725,1.1558544303797469,4320.01756329114,4320.01756329114,3,5,5,13,0,Champions
16570,2011-11-24 17:02:00,2011-02-01 10:37:00,10,3738.4,2112,15,312,373.84000000000003,0.9755608974358975,4373.448717948719,4373.448717948719,4,5,5,14,0,Champions
15808,2011-02-06 14:33:00,2010-12-05 13:05:00,4,3734.9700000000003,1343,306,369,933.7425000000001,0.32994579945799457,3694.4825203252035,3694.4825203252035,1,4,5,10,1,At Risk
14282,2011-12-06 17:04:00,2010-12-07 12:21:00,15,3729.34,2668,3,368,248.62266666666667,1.2406589673913044,3698.9377717391308,3698.9377717391308,5,5,5,15,0,Champions
12502,2011-09-05 11:52:00,2011-02-03 10:41:00,5,3723.87,820,96,310,744.774,0.4909274193548387,4384.556612903226,4384.556612903226,2,4,5,11,0,Champions
12647,2011-11-17 12:56:00,2010-12-05 14:02:00,12,3722.82,1431,22,369,310.235,0.9898373983739838,3682.4642276422765,3682.4642276422765,4,5,5,14,0,Champions
13680,2011-12-08 13:47:00,2011-01-04 14:12:00,4,3722.42,1936,1,339,930.605,0.35914454277286134,4007.9153392330386,4007.9153392330386,5,4,5,14,0,Champions
16240,2011-11-15 14:30:00,2011-09-23 13:44:00,2,3718.8,1641,24,77,1859.4,0.7905844155844155,17628.077922077922,17628.077922077922,4,3,5,12,0,Champions
14364,2011-08-23 11:01:00,2011-05-12 12:56:00,8,3717.35,1967,109,211,464.66875,1.1540284360189574,6430.486966824645,6430.486966824645,2,5,5,12,0,Champions
15845,2011-11-22 09:42:00,2011-01-06 17:19:00,8,3711.77,1926,18,337,463.97125,0.7225519287833828,4020.1663204747774,4020.1663204747774,4,5,5,14,0,Champions
15622,2011-10-27 16:44:00,2011-03-02 13:42:00,9,3709.56,1674,43,282,412.17333333333335,0.9714095744680851,4801.380851063829,4801.380851063829,3,5,5,13,0,Champions
13148,2011-11-10 15:23:00,2010-12-10 13:06:00,12,3707.12,1975,29,364,308.9266666666667,1.003434065934066,3717.3043956043957,3717.3043956043957,4,5,5,14,0,Champions
17819,2011-09-29 10:52:00,2010-12-03 14:26:00,7,3704.87,1031,72,371,529.2671428571429,0.5742924528301887,3644.952964959569,3644.952964959569,2,5,5,12,0,Champions
15379,2011-06-23 13:13:00,2010-12-16 13:02:00,7,3703.29,2305,169,358,529.0414285714286,0.5951466480446927,3775.7006983240226,3775.7006983240226,2,5,5,12,0,Champions
12553,2011-12-01 16:38:00,2011-01-14 10:42:00,10,3692.28,1965,8,330,369.228,0.9223484848484848,4083.885454545455,4083.885454545455,5,5,5,15,0,Champions
16253,2011-10-04 09:09:00,2011-03-29 13:33:00,2,3683.86,3233,67,255,1841.93,0.23872549019607842,5272.976078431373,5272.976078431373,3,3,5,11,0,Champions
15581,2011-08-11 09:38:00,2010-12-08 14:38:00,13,3679.9700000000003,286,121,366,283.0746153846154,1.081113387978142,3669.91543715847,3669.91543715847,2,5,5,12,0,Champions
15296,2011-10-20 11:47:00,2011-01-17 11:57:00,6,3672.86,1766,51,327,612.1433333333333,0.5584862385321101,4099.675535168195,4099.675535168195,3,5,5,13,0,Champions
18079,2011-10-25 15:27:00,2011-04-15 12:14:00,4,3651.97,7432,45,239,912.9925,0.5094142259414226,5577.2763598326355,5577.2763598326355,3,4,5,12,0,Champions
13137,2011-11-29 12:09:00,2011-02-04 11:54:00,8,3650.41,2226,11,309,456.30125,0.7880258899676376,4311.972977346278,4311.972977346278,5,5,5,15,0,Champions
12417,2011-12-06 14:52:00,2010-12-17 11:51:00,9,3649.1,1552,3,358,405.4555555555555,0.7651885474860335,3720.451117318435,3720.451117318435,5,5,5,15,0,Champions
16712,2011-11-30 13:48:00,2011-03-08 15:07:00,11,3645.43,1749,9,276,331.40272727272725,1.2130887681159421,4820.949094202899,4820.949094202899,5,5,5,15,0,Champions
13426,2011-12-09 08:59:00,2010-12-15 12:43:00,10,3641.32,2245,1,360,364.132,0.8454861111111112,3691.893888888889,3691.893888888889,5,5,5,15,0,Champions
12619,2011-11-23 14:52:00,2011-03-31 13:10:00,9,3641.24,3378,16,253,404.5822222222222,1.0827569169960474,5253.17233201581,5253.17233201581,4,5,5,14,0,Champions
16440,2011-12-02 12:02:00,2011-05-09 12:25:00,5,3640.67,2018,8,215,728.134,0.7078488372093024,6180.672325581396,6180.672325581396,5,4,5,14,0,Champions
13381,2011-11-08 11:58:00,2011-02-14 10:10:00,6,3639.31,2029,32,299,606.5516666666666,0.6107859531772575,4442.635953177257,4442.635953177257,4,5,5,14,0,Champions
17230,2011-03-20 16:12:00,2010-12-15 11:22:00,8,3638.41,1651,264,360,454.80125,0.6763888888888889,3688.9434722222218,3688.9434722222218,1,5,5,11,0,Champions
14543,2011-11-11 12:45:00,2010-12-10 11:51:00,16,3630.33,679,29,365,226.895625,1.334246575342466,3630.33,3630.33,4,5,5,14,0,Champions
17528,2011-12-08 13:27:00,2011-09-29 13:04:00,8,3628.5,2138,1,71,453.5625,3.4295774647887325,18653.556338028167,18653.556338028167,5,5,5,15,0,Champions
13327,2011-11-01 10:21:00,2010-12-09 15:32:00,8,3627.77,1600,39,365,453.47125,0.667123287671233,3627.77,3627.77,3,5,5,13,0,Champions
13520,2011-10-12 10:20:00,2010-12-03 10:36:00,6,3624.35,1649,59,372,604.0583333333333,0.4909274193548387,3556.1498655913974,3556.1498655913974,3,5,5,13,0,Champions
17576,2011-12-01 17:56:00,2010-12-09 16:57:00,19,3622.68,1994,8,365,190.66736842105263,1.5844178082191782,3622.68,3622.68,5,5,5,15,0,Champions
14040,2011-10-30 12:42:00,2011-01-12 14:57:00,12,3614.92,1554,41,331,301.24333333333334,1.103474320241692,3986.241087613293,3986.241087613293,3,5,5,13,0,Champions
13082,2011-08-05 16:16:00,2011-01-05 15:42:00,9,3613.63,4324,126,338,401.51444444444445,0.810465976331361,3902.29275147929,3902.29275147929,2,5,5,12,0,Champions
15505,2011-10-18 07:56:00,2011-07-07 13:33:00,5,3610.96,2390,53,155,722.192,0.9818548387096774,8503.228387096773,8503.228387096773,3,4,5,12,0,Champions
15113,2011-11-30 08:23:00,2011-10-16 15:27:00,3,3609.33,2386,10,54,1203.11,1.690972222222222,24396.397222222222,24396.397222222222,5,3,5,13,0,Champions
16242,2011-12-01 15:12:00,2011-03-07 17:04:00,7,3603.21,1982,8,277,514.7442857142858,0.7691787003610108,4747.912093862816,4747.912093862816,5,5,5,15,0,Champions
15484,2011-12-08 15:03:00,2011-09-22 13:31:00,4,3594.31,3152,1,78,898.5775,1.5608974358974361,16819.527564102562,16819.527564102562,5,4,5,14,0,Champions
14132,2011-12-07 13:35:00,2011-06-09 12:04:00,11,3586.0299999999997,3368,2,184,326.00272727272727,1.819633152173913,7113.592119565217,7113.592119565217,5,5,5,15,0,Champions
17203,2011-11-04 12:27:00,2011-10-10 14:37:00,6,3563.85,2850,36,60,593.975,3.04375,21680.087500000005,21680.087500000005,3,5,5,13,0,Champions
17491,2011-12-08 16:18:00,2010-12-07 12:18:00,10,3558.87,2013,1,368,355.887,0.8271059782608696,3529.857472826087,3529.857472826087,5,5,5,15,0,Champions
15544,2011-11-30 16:43:00,2010-12-02 12:47:00,9,3546.71,3109,9,373,394.0788888888889,0.734416890080429,3470.6411528150134,3470.6411528150134,5,5,5,15,0,Champions
12370,2011-10-19 14:51:00,2010-12-14 12:58:00,4,3545.69,2353,51,360,886.4225,0.33819444444444446,3594.935694444445,3594.935694444445,3,4,5,12,0,Champions
14503,2011-12-06 13:30:00,2011-06-14 10:00:00,6,3543.26,2004,3,179,590.5433333333334,1.0202513966480447,7225.083240223465,7225.083240223465,5,5,5,15,0,Champions
13448,2011-11-23 12:33:00,2010-12-01 10:52:00,6,3539.37,1660,17,374,589.895,0.4883021390374332,3454.1979946524066,3454.1979946524066,4,5,5,14,0,Champions
13334,2011-09-18 15:21:00,2011-02-07 11:42:00,3,3536.82,1774,82,306,1178.94,0.29840686274509803,4218.755882352942,4218.755882352942,2,3,5,10,0,Champions
12454,2011-10-14 17:13:00,2011-10-14 17:13:00,1,3528.34,1006,56,56,3528.34,0.5435267857142857,22997.216071428575,22997.216071428575,3,1,5,9,2,Loyal Customers
17160,2011-11-08 14:05:00,2011-04-12 12:00:00,6,3518.03,2856,31,242,586.3383333333334,0.7546487603305786,5306.119628099174,5306.119628099174,4,5,5,14,0,Champions
13953,2011-12-02 16:04:00,2010-12-22 10:29:00,7,3515.68,2724,7,353,502.23999999999995,0.6035764872521246,3635.193201133144,3635.193201133144,5,5,5,15,0,Champions
16360,2011-12-05 12:16:00,2011-09-12 13:50:00,6,3512.53,2144,5,88,585.4216666666667,2.075284090909091,14569.01647727273,14569.01647727273,5,5,5,15,0,Champions
14395,2011-12-07 14:34:00,2010-12-02 18:15:00,9,3507.71,1693,2,372,389.74555555555554,0.7363911290322581,3441.704704301075,3441.704704301075,5,5,5,15,0,Champions
16131,2011-10-19 11:53:00,2011-04-14 08:32:00,6,3506.54,1802,52,240,584.4233333333333,0.7609375,5332.862916666667,5332.862916666667,3,5,5,13,0,Champions
14907,2011-12-06 14:14:00,2010-12-07 10:14:00,7,3501.1,1691,3,368,500.15714285714284,0.5789741847826088,3472.5584239130435,3472.5584239130435,5,5,5,15,0,Champions
16458,2011-12-07 09:34:00,2010-12-14 11:51:00,18,3482.7400000000002,2154,3,361,193.48555555555558,1.5176592797783932,3521.3299168975072,3521.3299168975072,5,5,5,15,0,Champions
13993,2011-10-28 09:06:00,2011-01-13 10:43:00,9,3466.36,900,43,331,385.1511111111111,0.8276057401812689,3822.421148036254,3822.421148036254,3,5,5,13,0,Champions
13014,2011-11-29 12:27:00,2011-03-03 18:28:00,10,3466.2799999999997,905,11,281,346.628,1.083185053380783,4502.46334519573,4502.46334519573,5,5,5,15,0,Champions
17758,2011-11-20 14:45:00,2011-04-03 15:22:00,8,3456.7000000000003,2091,19,250,432.08750000000003,0.9740000000000001,5046.782,5046.782,4,5,5,14,0,Champions
15410,2011-09-16 14:47:00,2011-03-23 10:15:00,8,3450.84,1200,84,262,431.355,0.9293893129770993,4807.467938931298,4807.467938931298,2,5,5,12,0,Champions
13536,2011-12-08 16:38:00,2011-09-25 13:30:00,7,3448.29,2136,1,75,492.61285714285714,2.8408333333333333,16781.678,16781.678,5,5,5,15,0,Champions
15129,2011-10-20 14:40:00,2011-02-21 09:09:00,11,3447.4,1794,50,292,313.40000000000003,1.1466181506849316,4309.250000000001,4309.250000000001,3,5,5,13,0,Champions
15974,2011-10-31 13:13:00,2011-02-24 10:10:00,7,3442.15,2262,39,289,491.7357142857143,0.7372404844290658,4347.352076124567,4347.352076124567,3,5,5,13,0,Champions
17725,2011-11-23 16:34:00,2011-03-17 19:47:00,11,3439.08,2162,16,267,312.64363636363635,1.2539794007490637,4701.36404494382,4701.36404494382,4,5,5,14,0,Champions
15676,2011-11-21 12:40:00,2011-03-01 10:19:00,3,3435.76,2252,19,284,1145.2533333333333,0.3215228873239437,4415.677464788733,4415.677464788733,4,3,5,12,0,Champions
14221,2011-10-28 13:42:00,2011-01-04 15:33:00,9,3432.8,2191,42,339,381.4222222222222,0.808075221238938,3696.0825958702067,3696.0825958702067,3,5,5,13,0,Champions
12406,2011-11-17 19:22:00,2011-06-09 10:23:00,2,3415.3,1818,22,184,1707.65,0.33084239130434784,6774.915760869565,6774.915760869565,4,2,5,11,0,Champions
15981,2011-11-15 08:00:00,2011-02-01 13:50:00,8,3408.48,1866,25,311,426.06,0.7829581993569132,4000.306109324759,4000.306109324759,4,5,5,14,0,Champions
13437,2011-11-25 14:00:00,2011-06-02 14:30:00,7,3408.06,1283,14,190,486.86571428571426,1.1213815789473685,6547.062631578947,6547.062631578947,4,5,5,14,0,Champions
17669,2011-10-28 08:53:00,2011-04-04 10:11:00,7,3406.7200000000003,1916,43,250,486.67428571428576,0.8522500000000001,4973.8112,4973.8112,3,5,5,13,0,Champions
13198,2011-11-29 15:17:00,2010-12-13 09:29:00,6,3401.2400000000002,2648,10,362,566.8733333333333,0.5044889502762431,3429.427071823204,3429.427071823204,5,5,5,15,0,Champions
15228,2011-10-04 13:56:00,2011-02-18 09:04:00,4,3386.71,2255,66,295,846.6775,0.41271186440677965,4190.336101694915,4190.336101694915,3,4,5,12,0,Champions
13842,2011-10-12 10:51:00,2010-12-08 10:39:00,9,3385.62,1768,59,367,376.18,0.7464237057220708,3367.1697547683925,3367.1697547683925,3,5,5,13,0,Champions
15708,2011-10-30 10:54:00,2010-12-05 11:12:00,7,3364.2400000000002,1267,41,370,480.6057142857143,0.5758445945945946,3318.7772972972975,3318.7772972972975,3,5,5,13,0,Champions
16011,2011-12-01 16:31:00,2010-12-08 16:34:00,16,3362.71,2042,8,366,210.169375,1.330601092896175,3353.5222677595625,3353.5222677595625,5,5,5,15,0,Champions
14227,2011-11-13 15:48:00,2011-02-28 12:27:00,10,3350.96,1820,26,285,335.096,1.067982456140351,4291.580350877192,4291.580350877192,4,5,5,14,0,Champions
16818,2011-11-29 10:41:00,2011-05-18 11:42:00,11,3349.57,2164,11,206,304.50636363636363,1.6253033980582525,5934.917718446601,5934.917718446601,5,5,5,15,0,Champions
16607,2011-11-22 10:24:00,2010-12-16 08:41:00,14,3347.71,2859,18,359,239.12214285714285,1.1869777158774373,3403.660584958217,3403.660584958217,4,5,5,14,0,Champions
17183,2011-12-02 10:07:00,2011-08-26 15:25:00,6,3347.31,1296,8,105,557.885,1.7392857142857143,11635.887142857142,11635.887142857142,5,5,5,15,0,Champions
13015,2011-10-17 13:19:00,2011-04-04 14:28:00,5,3346.28,1617,53,249,669.2560000000001,0.6111947791164659,4905.1895582329325,4905.1895582329325,3,4,5,12,0,Champions
12643,2011-08-03 12:56:00,2011-01-11 11:48:00,6,3344.64,1808,128,333,557.4399999999999,0.5484234234234234,3666.0468468468466,3666.0468468468466,2,5,5,12,0,Champions
12613,2011-10-13 14:59:00,2011-03-22 15:42:00,5,3344.38,1644,57,262,668.876,0.580868320610687,4659.15534351145,4659.15534351145,3,4,5,12,0,Champions
12594,2011-11-02 12:20:00,2011-01-21 09:52:00,10,3338.2200000000003,1777,38,323,333.822,0.9423374613003096,3772.2919504643965,3772.2919504643965,3,5,5,13,0,Champions
16556,2011-10-04 11:36:00,2010-12-14 13:32:00,7,3313.79,1890,67,360,473.3985714285714,0.5918402777777778,3359.8148611111114,3359.8148611111114,3,5,5,13,0,Champions
13373,2011-10-10 10:51:00,2011-03-08 14:35:00,3,3312.25,1651,61,276,1104.0833333333333,0.33084239130434784,4380.330615942029,4380.330615942029,3,3,5,11,0,Champions
14841,2011-10-17 15:03:00,2010-12-16 10:28:00,6,3295.76,1778,53,359,549.2933333333334,0.5087047353760445,3350.8423398328696,3350.8423398328696,3,5,5,13,0,Champions
14702,2011-12-08 19:29:00,2010-12-09 19:23:00,17,3292.14,1454,1,365,193.65529411764706,1.41763698630137,3292.1399999999994,3292.1399999999994,5,5,5,15,0,Champions
15632,2011-11-24 09:51:00,2011-03-10 08:29:00,8,3285.31,2109,16,275,410.66375,0.8854545454545455,4360.502363636363,4360.502363636363,4,5,5,14,0,Champions
12480,2011-11-11 14:52:00,2011-01-07 15:27:00,4,3281.63,1707,28,336,820.4075,0.36235119047619047,3564.8659226190475,3564.8659226190475,4,4,5,13,0,Champions
15764,2011-09-12 17:58:00,2011-03-08 09:23:00,6,3279.97,2050,88,277,546.6616666666666,0.6592960288808664,4321.982129963898,4321.982129963898,2,5,5,12,0,Champions
17723,2011-08-04 18:37:00,2011-05-09 14:44:00,6,3276.4000000000005,792,127,214,546.0666666666667,0.8533878504672897,5588.2523364486,5588.2523364486,2,5,5,12,0,Champions
13952,2011-05-06 09:00:00,2011-04-15 09:27:00,2,3251.071,1431,218,239,1625.5355,0.2547071129707113,4965.024748953975,4965.024748953975,1,2,5,8,1,At Risk
13047,2011-11-08 12:06:00,2010-12-01 08:34:00,10,3237.54,1391,32,374,323.754,0.8138368983957219,3159.63128342246,3159.63128342246,4,5,5,14,0,Champions
15443,2011-12-08 10:40:00,2011-01-23 13:25:00,7,3236.91,1663,2,320,462.4157142857143,0.6658203125000001,3692.10046875,3692.10046875,5,5,5,15,0,Champions
17050,2011-09-04 13:48:00,2011-02-13 12:41:00,6,3228.84,1614,96,300,538.14,0.60875,3928.4220000000005,3928.4220000000005,2,5,5,12,0,Champions
14175,2011-10-11 11:55:00,2011-01-14 12:22:00,3,3222.3,1515,60,330,1074.1000000000001,0.2767045454545454,3564.059090909091,3564.059090909091,3,3,5,11,0,Champions
13880,2011-11-18 13:44:00,2010-12-07 14:00:00,13,3219.77,1842,21,367,247.67461538461538,1.0781675749318802,3202.223569482289,3202.223569482289,4,5,5,14,0,Champions
13268,2011-11-22 11:51:00,2011-03-17 13:20:00,11,3214.69,3658,18,267,292.24454545454546,1.2539794007490637,4394.613670411985,4394.613670411985,4,5,5,14,0,Champions
14388,2011-11-29 13:32:00,2010-12-02 11:02:00,8,3212.84,1941,10,373,401.605,0.6528150134048257,3143.931903485255,3143.931903485255,5,5,5,15,0,Champions
16107,2011-11-22 09:40:00,2011-06-09 18:42:00,7,3204.1600000000003,1176,18,183,457.7371428571429,1.164275956284153,6390.81092896175,6390.81092896175,4,5,5,14,0,Champions
17220,2011-11-15 13:47:00,2010-12-10 14:54:00,14,3198.25,1905,24,364,228.44642857142858,1.1706730769230769,3207.036401098901,3207.036401098901,4,5,5,14,0,Champions
13868,2011-12-02 16:32:00,2011-11-01 12:45:00,2,3192.54,1964,7,39,1596.27,1.5608974358974361,29878.9,29878.9,5,2,5,12,0,Champions
17685,2011-11-23 11:36:00,2010-12-02 14:42:00,7,3191.53,1956,17,372,455.9328571428572,0.5727486559139785,3131.47432795699,3131.47432795699,4,5,5,14,0,Champions
13758,2011-11-28 11:11:00,2010-12-01 12:08:00,7,3190.55,1844,12,374,455.79285714285714,0.5696858288770054,3113.7720588235293,3113.7720588235293,5,5,5,15,0,Champions
14844,2011-10-07 10:41:00,2011-04-12 13:10:00,4,3189.81,1833,64,241,797.4525,0.5051867219917012,4831.040041493776,4831.040041493776,3,4,5,12,0,Champions
12456,2011-10-26 14:41:00,2011-03-30 09:12:00,3,3181.04,1633,44,255,1060.3466666666666,0.3580882352941176,4553.253333333334,4553.253333333334,3,3,5,11,0,Champions
17672,2011-10-20 14:18:00,2011-02-03 13:29:00,2,3178.17,1690,50,309,1589.085,0.1970064724919094,3754.149029126214,3754.149029126214,3,3,5,11,2,Loyal Customers
17231,2011-11-27 15:18:00,2010-12-13 14:16:00,10,3174.32,1742,12,361,317.432,0.8431440443213296,3209.4925207756232,3209.4925207756232,5,5,5,15,0,Champions
16837,2011-11-08 14:27:00,2011-04-08 08:48:00,11,3170.98,1563,31,246,288.2709090909091,1.3610264227642275,4704.909349593496,4704.909349593496,4,5,5,14,0,Champions
16041,2011-11-09 12:25:00,2011-07-21 16:27:00,3,3166.4,1584,31,141,1055.4666666666667,0.6476063829787234,8196.709219858156,8196.709219858156,4,4,5,13,0,Champions
15861,2011-11-27 15:59:00,2011-03-17 20:12:00,8,3165.36,2544,12,267,395.67,0.9119850187265918,4327.177528089888,4327.177528089888,5,5,5,15,0,Champions
17863,2011-10-11 13:45:00,2010-12-05 13:21:00,6,3160.0,2638,59,369,526.6666666666666,0.4949186991869919,3125.7452574525746,3125.7452574525746,3,5,5,13,0,Champions
15065,2011-11-02 09:45:00,2011-02-21 12:54:00,4,3158.13,1383,38,291,789.5325,0.41838487972508587,3961.2283505154637,3961.2283505154637,3,4,5,12,0,Champions
14235,2011-09-25 14:37:00,2011-03-24 13:23:00,5,3144.86,1959,75,260,628.972,0.5853365384615384,4414.899615384615,4414.899615384615,2,4,5,11,0,Champions
13742,2011-11-23 11:07:00,2011-01-23 14:59:00,12,3131.02,1124,17,320,260.91833333333335,1.14140625,3571.3196875000003,3571.3196875000003,4,5,5,14,0,Champions
16156,2011-12-01 12:42:00,2011-02-02 12:02:00,9,3122.04,1308,9,311,346.8933333333333,0.8808279742765274,3664.1305466237945,3664.1305466237945,5,5,5,15,0,Champions
13685,2011-12-07 11:41:00,2011-10-10 12:59:00,7,3119.44,5056,3,60,445.63428571428574,3.551041666666667,18976.593333333334,18976.593333333334,5,5,5,15,0,Champions
16326,2011-12-04 10:11:00,2011-01-09 12:01:00,14,3110.96,709,6,335,222.21142857142857,1.2720149253731343,3389.553432835821,3389.553432835821,5,5,5,15,0,Champions
16678,2011-12-07 12:17:00,2011-03-02 09:24:00,12,3109.99,2397,3,283,259.1658333333333,1.290636042402827,4011.1178445229675,4011.1178445229675,5,5,5,15,0,Champions
13869,2011-08-08 13:53:00,2010-12-17 15:14:00,4,3104.95,1721,123,357,776.2375,0.3410364145658263,3174.5287114845937,3174.5287114845937,2,4,5,11,0,Champions
14099,2011-11-23 13:53:00,2010-12-20 11:14:00,11,3104.17,2179,16,355,282.1972727272727,0.9431338028169014,3191.6114084507044,3191.6114084507044,4,5,5,14,0,Champions
16905,2011-12-04 14:01:00,2010-12-03 10:43:00,7,3102.43,1408,5,372,443.2042857142857,0.5727486559139785,3044.0509408602147,3044.0509408602147,5,5,5,15,0,Champions
15491,2011-09-05 15:56:00,2011-04-18 10:04:00,6,3100.09,1646,95,236,516.6816666666667,0.7738347457627118,4794.630720338983,4794.630720338983,2,5,5,12,0,Champions
14257,2011-10-06 16:54:00,2011-01-25 10:49:00,5,3099.7200000000003,1682,64,319,619.9440000000001,0.477076802507837,3546.701567398119,3546.701567398119,3,4,5,12,0,Champions
14565,2011-09-05 09:07:00,2010-12-13 13:25:00,4,3099.12,1540,96,361,774.78,0.33725761772853186,3133.4592797783935,3133.4592797783935,2,4,5,11,0,Champions
13135,2011-05-27 10:52:00,2011-05-27 10:52:00,1,3096.0,4300,197,197,3096.0,0.154505076142132,5736.243654822335,5736.243654822335,1,1,5,7,1,At Risk
17059,2011-11-10 12:27:00,2010-12-05 12:35:00,5,3095.04,1855,30,370,619.008,0.41131756756756754,3053.2151351351354,3053.2151351351354,4,4,5,13,0,Champions
13362,2011-11-30 14:41:00,2011-02-25 11:33:00,4,3090.7400000000002,1382,9,288,772.6850000000001,0.4227430555555556,3917.083680555556,3917.083680555556,5,4,5,14,0,Champions
15998,2011-11-03 12:45:00,2010-12-12 13:32:00,5,3089.97,2041,37,362,617.9939999999999,0.4204074585635359,3115.577486187845,3115.577486187845,3,4,5,12,0,Champions
16218,2011-11-10 09:59:00,2010-12-01 11:29:00,7,3084.68,2088,30,374,440.6685714285714,0.5696858288770054,3010.449732620321,3010.449732620321,4,5,5,14,0,Champions
18272,2011-12-07 12:43:00,2011-04-07 09:35:00,6,3078.58,2050,3,247,513.0966666666667,0.7393724696356275,4549.318623481781,4549.318623481781,5,5,5,15,0,Champions
12910,2011-11-16 14:28:00,2011-04-12 10:01:00,8,3075.04,1692,23,242,384.38,1.006198347107438,4637.973553719009,4637.973553719009,4,5,5,14,0,Champions
13631,2011-09-01 09:57:00,2011-03-17 17:13:00,11,3070.42,467,100,267,279.1290909090909,1.2539794007490637,4197.39063670412,4197.39063670412,2,5,5,12,0,Champions
16686,2011-10-23 13:49:00,2010-12-19 14:41:00,7,3062.83,2030,47,355,437.54714285714283,0.6001760563380282,3149.1069014084505,3149.1069014084505,3,5,5,13,0,Champions
14456,2011-12-04 13:59:00,2011-07-20 13:06:00,9,3062.4,2908,5,142,340.26666666666665,1.929137323943662,7871.661971830984,7871.661971830984,5,5,5,15,0,Champions
17799,2011-11-17 15:16:00,2010-12-13 13:10:00,10,3055.93,1758,22,361,305.59299999999996,0.8431440443213296,3089.790720221606,3089.790720221606,4,5,5,14,0,Champions
16940,2011-10-18 13:15:00,2011-02-23 12:27:00,3,3049.88,2169,52,290,1016.6266666666667,0.3148706896551724,3838.642068965517,3838.642068965517,3,4,5,12,0,Champions
16393,2011-12-07 12:51:00,2010-12-05 13:10:00,13,3046.21,1576,2,369,234.32384615384615,1.0723238482384825,3013.188753387534,3013.188753387534,5,5,5,15,0,Champions
16709,2011-09-16 10:56:00,2011-03-03 10:55:00,5,3029.87,851,85,282,605.9739999999999,0.5396719858156028,3921.6402482269505,3921.6402482269505,2,4,5,11,0,Champions
12598,2011-11-30 12:18:00,2011-02-28 11:58:00,8,3023.08,1964,10,285,377.885,0.8543859649122808,3871.6638596491225,3871.6638596491225,5,5,5,15,0,Champions
12395,2011-11-20 15:21:00,2010-12-03 16:35:00,12,3018.63,2118,19,371,251.5525,0.9845013477088949,2969.8111859838273,2969.8111859838273,4,5,5,14,0,Champions
18094,2011-09-19 09:28:00,2011-02-21 08:50:00,7,3017.3,2518,82,292,431.04285714285714,0.729666095890411,3771.625,3771.625,2,5,5,12,0,Champions
12754,2011-04-18 09:00:00,2011-02-04 10:31:00,3,3010.74,6481,236,309,1003.5799999999999,0.2955097087378641,3556.3757281553394,3556.3757281553394,1,3,5,9,1,At Risk
12916,2011-07-24 10:35:00,2011-01-23 10:43:00,4,3006.15,1119,139,321,751.5375,0.37928348909657317,3418.207943925234,3418.207943925234,2,4,5,11,0,Champions
15521,2011-10-30 13:42:00,2011-03-30 09:15:00,8,3000.2,1836,40,255,375.025,0.9549019607843137,4294.403921568627,4294.403921568627,3,5,5,13,0,Champions
17659,2011-11-22 13:29:00,2010-12-02 16:46:00,12,2999.46,1525,17,372,249.955,0.9818548387096774,2943.0185483870964,2943.0185483870964,4,5,5,14,0,Champions
17504,2011-05-17 12:59:00,2011-01-21 11:09:00,9,2997.0299999999997,1664,206,323,333.00333333333333,0.8481037151702786,3386.7366873065016,3386.7366873065016,1,5,5,11,0,Champions
12670,2011-11-29 15:23:00,2011-04-21 10:16:00,5,2996.05,1397,10,233,599.21,0.6531652360515021,4693.3830472103,4693.3830472103,5,4,5,14,0,Champions
14307,2011-09-12 09:38:00,2010-12-01 11:41:00,6,2995.72,2058,89,374,499.28666666666663,0.4883021390374332,2923.630481283422,2923.630481283422,2,5,5,12,0,Champions
15687,2011-12-01 08:33:00,2011-01-13 15:13:00,9,2993.1,1310,9,330,332.56666666666666,0.8301136363636363,3310.55,3310.55,5,5,5,15,0,Champions
14639,2011-10-18 15:06:00,2010-12-13 13:50:00,6,2984.49,1431,52,361,497.41499999999996,0.5058864265927977,3017.559141274238,3017.559141274238,3,5,5,13,0,Champions
13451,2011-11-13 15:58:00,2011-01-09 15:35:00,5,2976.15,2149,26,334,595.23,0.45565119760479045,3252.379491017964,3252.379491017964,4,4,5,13,0,Champions
14032,2011-12-07 15:23:00,2010-12-08 10:53:00,11,2975.59,2032,2,367,270.5081818181818,0.9122956403269754,2959.374250681199,2959.374250681199,5,5,5,15,0,Champions
15854,2011-12-05 13:39:00,2010-12-13 11:47:00,12,2974.65,939,4,362,247.88750000000002,1.0089779005524862,2999.3017955801106,2999.3017955801106,5,5,5,15,0,Champions
16497,2011-10-21 10:55:00,2011-01-10 13:20:00,6,2965.69,1396,50,333,494.2816666666667,0.5484234234234234,3250.6812312312313,3250.6812312312313,3,5,5,13,0,Champions
17924,2011-11-28 09:11:00,2010-12-01 10:51:00,7,2962.5,1160,12,374,423.2142857142857,0.5696858288770054,2891.2098930481284,2891.2098930481284,5,5,5,15,0,Champions
14868,2011-12-06 14:49:00,2011-04-20 13:36:00,8,2953.59,1405,3,233,369.19875,1.0450643776824036,4626.868454935623,4626.868454935623,5,5,5,15,0,Champions
17084,2011-11-04 14:54:00,2011-11-04 14:49:00,2,2949.75,1816,35,35,1474.875,1.7392857142857143,30761.678571428572,30761.678571428572,3,3,5,11,2,Loyal Customers
17444,2011-07-15 12:05:00,2011-06-20 09:04:00,3,2940.04,2119,148,173,980.0133333333333,0.5278179190751445,6202.974566473989,6202.974566473989,2,4,5,11,0,Champions
16316,2011-10-06 13:48:00,2010-12-16 14:26:00,8,2938.91,1484,64,358,367.36375,0.6801675977653631,2996.3747206703906,2996.3747206703906,3,5,5,13,0,Champions
14530,2011-11-14 10:38:00,2011-02-16 10:47:00,6,2925.91,1410,26,297,487.65166666666664,0.61489898989899,3595.8153198653195,3595.8153198653195,4,5,5,14,0,Champions
17512,2011-11-11 12:11:00,2011-02-11 12:22:00,10,2924.9900000000002,2753,29,302,292.499,1.007864238410596,3535.170033112583,3535.170033112583,4,5,5,14,0,Champions
15606,2011-10-09 15:47:00,2011-01-19 12:07:00,9,2920.16,892,61,325,324.4622222222222,0.8428846153846155,3279.5643076923075,3279.5643076923075,3,5,5,13,0,Champions
12906,2011-11-28 09:55:00,2011-09-22 15:03:00,5,2919.81,1749,12,78,583.962,1.951121794871795,13663.21346153846,13663.21346153846,5,4,5,14,0,Champions
14112,2011-11-17 12:30:00,2011-03-09 11:28:00,7,2915.15,1651,23,276,416.45,0.771965579710145,3855.1802536231885,3855.1802536231885,4,5,5,14,0,Champions
12438,2011-11-25 13:28:00,2011-07-22 13:29:00,2,2906.85,1180,14,140,1453.425,0.4348214285714286,7578.573214285714,7578.573214285714,4,2,5,11,2,Loyal Customers
17644,2011-12-08 13:43:00,2011-03-24 09:44:00,11,2895.64,1793,1,261,263.24,1.2828065134099618,4049.458237547893,4049.458237547893,5,5,5,15,0,Champions
18144,2011-12-02 12:46:00,2010-12-01 13:45:00,12,2888.75,1343,8,373,240.72916666666666,0.9792225201072386,2826.792895442359,2826.792895442359,5,5,5,15,0,Champions
12408,2011-11-07 12:27:00,2011-03-24 14:46:00,5,2888.55,1409,33,260,577.71,0.5853365384615384,4055.079807692308,4055.079807692308,3,4,5,12,0,Champions
13735,2011-11-15 11:14:00,2011-04-19 13:49:00,4,2885.2400000000002,1130,25,234,721.3100000000001,0.5202991452991452,4500.481196581197,4500.481196581197,4,4,5,13,0,Champions
16633,2011-11-22 13:41:00,2011-04-19 14:36:00,6,2883.1,1138,17,234,480.51666666666665,0.780448717948718,4497.143162393162,4497.143162393162,4,5,5,14,0,Champions
15673,2011-09-12 16:12:00,2011-01-16 16:25:00,4,2881.02,1514,88,327,720.255,0.3723241590214067,3215.8174311926605,3215.8174311926605,2,4,5,11,0,Champions
14251,2011-12-08 08:32:00,2011-10-13 12:46:00,5,2879.7000000000003,1674,2,58,575.94,2.623922413793103,18122.25,18122.25,5,4,5,14,0,Champions
17728,2011-12-06 08:52:00,2011-09-14 11:39:00,3,2876.01,1469,4,87,958.6700000000001,1.0495689655172413,12066.018965517243,12066.018965517243,5,4,5,14,0,Champions
14005,2011-11-30 12:41:00,2011-05-08 10:33:00,5,2874.72,2478,10,216,574.944,0.7045717592592592,4857.744444444444,4857.744444444444,5,4,5,14,0,Champions
15628,2011-12-05 10:24:00,2010-12-08 09:51:00,9,2870.2400000000002,1894,5,367,318.91555555555556,0.7464237057220708,2854.5983651226156,2854.5983651226156,5,5,5,15,0,Champions
14711,2011-11-29 14:58:00,2011-03-22 13:32:00,11,2868.8,978,10,262,260.8,1.2779103053435115,3996.6106870229014,3996.6106870229014,5,5,5,15,0,Champions
13901,2011-09-28 14:48:00,2011-01-25 09:01:00,5,2867.2,1739,72,319,573.4399999999999,0.477076802507837,3280.6520376175545,3280.6520376175545,2,4,5,11,0,Champions
14535,2011-10-10 15:39:00,2011-04-05 12:50:00,3,2864.19,1831,60,249,954.73,0.3667168674698795,4198.511445783132,4198.511445783132,3,3,5,11,0,Champions
12685,2011-11-11 13:46:00,2011-09-07 10:28:00,6,2863.08,1523,28,94,477.18,1.9428191489361701,11117.278723404255,11117.278723404255,4,5,5,14,0,Champions
18145,2011-11-27 11:22:00,2011-01-31 12:10:00,4,2861.55,2625,13,313,715.3875,0.3889776357827476,3336.951277955272,3336.951277955272,5,4,5,14,0,Champions
16928,2011-09-20 15:10:00,2010-12-01 15:21:00,17,2847.6,2114,80,373,167.50588235294117,1.3872319034852547,2786.5254691689006,2786.5254691689006,2,5,5,12,0,Champions
15984,2011-12-07 12:16:00,2010-12-06 13:21:00,10,2837.67,1843,3,368,283.767,0.8271059782608696,2814.536820652174,2814.536820652174,5,5,5,15,0,Champions
14852,2011-10-12 13:20:00,2011-04-01 13:22:00,6,2836.69,1747,58,252,472.7816666666667,0.7247023809523809,4108.697817460317,4108.697817460317,3,5,5,13,0,Champions
14572,2011-12-06 14:40:00,2011-01-19 17:23:00,7,2832.84,1428,3,324,404.6914285714286,0.6576003086419754,3191.316666666667,3191.316666666667,5,5,5,15,0,Champions
17596,2011-11-16 14:11:00,2010-12-06 12:34:00,7,2827.93,4400,23,369,403.98999999999995,0.5774051490514905,2797.2749322493223,2797.2749322493223,4,5,5,14,0,Champions
14842,2011-10-27 12:37:00,2011-02-04 15:32:00,4,2824.69,1166,44,308,706.1725,0.39529220779220775,3347.4410714285714,3347.4410714285714,3,4,5,12,0,Champions
13174,2011-11-23 14:35:00,2010-12-05 16:24:00,3,2817.03,1395,16,369,939.0100000000001,0.24745934959349594,2786.4930894308945,2786.4930894308945,4,3,5,12,0,Champions
16871,2011-11-17 19:27:00,2011-03-14 10:31:00,6,2812.34,1253,22,271,468.72333333333336,0.6738929889298894,3787.838007380074,3787.838007380074,4,5,5,14,0,Champions
12356,2011-11-17 08:40:00,2011-01-18 09:50:00,3,2811.43,1591,23,326,937.1433333333333,0.2800996932515337,3147.766717791411,3147.766717791411,4,3,5,12,0,Champions
14903,2011-11-18 16:07:00,2011-03-06 11:50:00,5,2810.63,1536,21,279,562.126,0.5454749103942652,3676.9890681003585,3676.9890681003585,4,4,5,13,0,Champions
18230,2011-11-30 13:22:00,2011-02-10 13:06:00,7,2810.2000000000003,1316,9,302,401.4571428571429,0.7055049668874173,3396.4337748344374,3396.4337748344374,5,5,5,15,0,Champions
13230,2011-12-05 16:03:00,2010-12-09 19:28:00,14,2806.97,1665,4,365,200.49785714285713,1.1674657534246575,2806.97,2806.97,5,5,5,15,0,Champions
16081,2011-10-14 13:06:00,2010-12-08 11:16:00,5,2806.9,1477,56,367,561.38,0.4146798365122616,2791.6035422343325,2791.6035422343325,3,4,5,12,0,Champions
16764,2011-12-06 11:41:00,2011-07-19 17:17:00,13,2799.25,1259,4,143,215.32692307692307,2.767045454545454,7144.938811188811,7144.938811188811,5,5,5,15,0,Champions
15993,2011-12-01 10:45:00,2011-10-26 16:21:00,7,2797.57,2051,9,44,399.65285714285716,4.842329545454545,23207.114772727273,23207.114772727273,5,5,5,15,0,Champions
13769,2011-12-07 15:08:00,2010-12-07 13:28:00,10,2796.51,1163,2,367,279.651,0.8293596730245232,2781.2701634877385,2781.2701634877385,5,5,5,15,0,Champions
12578,2011-11-18 13:30:00,2011-01-13 15:34:00,2,2794.51,1196,21,330,1397.255,0.18446969696969695,3090.897424242424,3090.897424242424,4,2,5,11,2,Loyal Customers
12758,2011-08-15 10:22:00,2011-03-08 12:05:00,2,2791.59,2135,117,277,1395.795,0.2197653429602888,3678.4489169675094,3678.4489169675094,2,2,5,9,2,Loyal Customers
17739,2011-11-28 09:12:00,2010-12-14 14:26:00,7,2791.35,861,12,360,398.7642857142857,0.5918402777777778,2830.11875,2830.11875,5,5,5,15,0,Champions
14626,2011-11-16 10:37:00,2011-04-20 13:18:00,4,2791.27,1403,24,233,697.8175,0.5225321888412018,4372.59034334764,4372.59034334764,4,4,5,13,0,Champions
17213,2011-10-30 14:53:00,2010-12-08 13:03:00,7,2781.23,1176,40,366,397.31857142857143,0.5821379781420765,2773.6310109289616,2773.6310109289616,3,5,5,13,0,Champions
12388,2011-11-24 12:30:00,2011-01-17 11:12:00,6,2780.66,1462,16,327,463.4433333333333,0.5584862385321101,3103.7948012232414,3103.7948012232414,4,4,5,13,0,Champions
14121,2011-12-06 12:19:00,2011-10-11 10:39:00,4,2780.15,2082,4,60,695.0375,2.029166666666667,16912.579166666666,16912.579166666666,5,4,5,14,0,Champions
17838,2011-11-13 11:20:00,2010-12-02 15:55:00,5,2779.3,1879,27,372,555.86,0.40910618279569894,2727.0013440860216,2727.0013440860216,4,4,5,13,0,Champions
13870,2011-12-07 13:23:00,2011-02-25 09:09:00,8,2770.94,1325,2,288,346.3675,0.8454861111111112,3511.781597222222,3511.781597222222,5,5,5,15,0,Champions
15356,2011-11-08 13:11:00,2010-12-06 14:05:00,10,2766.5,1673,31,368,276.65,0.8271059782608696,2743.947010869565,2743.947010869565,4,5,5,14,0,Champions
15114,2011-11-09 15:05:00,2011-02-11 08:45:00,10,2760.56,3096,30,302,276.056,1.007864238410596,3336.4384105960266,3336.4384105960266,4,5,5,14,0,Champions
14854,2011-09-22 17:00:00,2011-03-10 12:22:00,7,2759.83,1832,78,275,394.26142857142855,0.7747727272727273,3663.047090909091,3663.047090909091,2,5,5,12,0,Champions
13971,2011-11-21 12:06:00,2011-02-27 12:27:00,8,2758.26,1844,19,286,344.7825,0.8513986013986014,3520.156993006993,3520.156993006993,4,5,5,14,0,Champions
15321,2011-09-30 09:40:00,2011-02-21 11:10:00,3,2748.31,1181,71,292,916.1033333333334,0.3127140410958904,3435.3875000000003,3435.3875000000003,3,3,5,11,0,Champions
12669,2011-07-12 09:54:00,2011-03-28 10:15:00,3,2744.0299999999997,1115,151,257,914.6766666666666,0.3553015564202335,3897.163229571984,3897.163229571984,2,3,5,10,0,Champions
14808,2011-10-31 12:21:00,2011-06-20 12:53:00,8,2741.17,2147,40,172,342.64625,1.4156976744186045,5817.01773255814,5817.01773255814,3,5,5,13,0,Champions
14125,2011-11-29 12:47:00,2011-09-22 15:40:00,3,2740.43,1640,11,78,913.4766666666666,1.170673076923077,12823.80705128205,12823.80705128205,5,3,5,13,0,Champions
15696,2011-11-06 14:02:00,2011-01-17 11:24:00,8,2736.46,1028,33,327,342.0575,0.7446483180428134,3054.458409785933,3054.458409785933,3,5,5,13,0,Champions
16938,2011-12-01 10:20:00,2011-02-04 09:34:00,4,2736.38,2540,9,309,684.095,0.3940129449838188,3232.293527508091,3232.293527508091,5,4,5,14,0,Champions
16003,2011-11-10 09:57:00,2010-12-15 12:09:00,5,2735.37,1185,30,360,547.074,0.4227430555555556,2773.36125,2773.36125,4,4,5,13,0,Champions
12840,2011-07-19 09:29:00,2011-04-27 12:21:00,4,2726.77,1511,144,227,681.6925,0.5363436123348018,4384.453964757709,4384.453964757709,2,4,5,11,0,Champions
12380,2011-11-18 11:27:00,2011-06-07 09:49:00,4,2724.81,1127,22,186,681.2025,0.6545698924731183,5347.073387096774,5347.073387096774,4,4,5,13,0,Champions
12708,2011-11-10 09:52:00,2010-12-06 10:43:00,10,2712.91,1307,30,369,271.291,0.8248644986449865,2683.501761517615,2683.501761517615,4,5,5,14,0,Champions
15796,2011-12-08 19:55:00,2011-02-10 15:40:00,8,2711.56,861,1,302,338.945,0.8062913907284769,3277.2165562913906,3277.2165562913906,5,5,5,15,0,Champions
17069,2011-11-11 17:13:00,2010-12-01 16:49:00,9,2709.7000000000003,1506,28,373,301.0777777777778,0.734416890080429,2651.5831099195707,2651.5831099195707,4,5,5,14,0,Champions
13285,2011-11-16 13:19:00,2011-02-22 17:13:00,4,2709.12,2051,23,290,677.28,0.41982758620689653,3409.7544827586203,3409.7544827586203,4,4,5,13,0,Champions
13654,2011-10-27 16:24:00,2011-03-11 12:54:00,6,2707.33,2182,43,273,451.22166666666664,0.6689560439560439,3619.690293040293,3619.690293040293,3,5,5,13,0,Champions
14107,2011-10-19 12:12:00,2010-12-10 13:29:00,7,2703.23,1793,52,364,386.17571428571426,0.5853365384615384,2710.656456043956,2710.656456043956,3,5,5,13,0,Champions
14732,2011-12-01 14:34:00,2011-01-04 14:40:00,8,2702.4900000000002,1405,8,339,337.81125000000003,0.7182890855457227,2909.760619469027,2909.760619469027,5,5,5,15,0,Champions
18097,2011-12-02 11:16:00,2010-12-20 14:49:00,6,2697.8,1686,8,354,449.6333333333334,0.5158898305084746,2781.629943502825,2781.629943502825,5,5,5,15,0,Champions
17386,2011-12-02 11:28:00,2011-06-27 12:11:00,6,2686.42,1902,8,166,447.7366666666667,1.1001506024096386,5906.887349397591,5906.887349397591,5,5,5,15,0,Champions
12625,2011-05-12 09:54:00,2011-01-24 13:27:00,2,2683.82,1612,212,319,1341.91,0.1908307210031348,3070.8285266457683,3070.8285266457683,1,2,5,8,1,At Risk
17346,2011-12-06 12:18:00,2010-12-01 14:34:00,15,2676.56,1657,4,373,178.43733333333333,1.2240281501340482,2619.1538873994637,2619.1538873994637,5,5,5,15,0,Champions
13883,2011-11-29 10:45:00,2011-03-31 17:17:00,5,2674.48,1436,11,253,534.896,0.6015316205533597,3858.439525691699,3858.439525691699,5,4,5,14,0,Champions
14713,2011-11-30 16:26:00,2010-12-09 18:58:00,11,2666.36,1615,9,365,242.39636363636365,0.9172945205479452,2666.36,2666.36,5,5,5,15,0,Champions
12360,2011-10-18 15:22:00,2011-05-23 09:43:00,3,2662.06,1165,52,201,887.3533333333334,0.45429104477611937,4834.089054726368,4834.089054726368,3,3,5,11,0,Champions
14439,2011-01-24 11:39:00,2011-01-24 11:39:00,1,2661.24,526,320,320,2661.24,0.0951171875,3035.476875,3035.476875,1,1,5,7,1,At Risk
15671,2011-11-21 12:43:00,2011-03-14 09:37:00,7,2657.13,1699,19,271,379.59000000000003,0.7862084870848709,3578.791328413284,3578.791328413284,4,5,5,14,0,Champions
12721,2011-11-08 12:13:00,2010-12-20 11:38:00,6,2656.13,1959,32,355,442.68833333333333,0.5144366197183099,2730.950563380282,2730.950563380282,4,5,5,14,0,Champions
13851,2011-09-05 12:36:00,2011-02-24 17:18:00,3,2651.46,1705,96,288,883.82,0.3170572916666667,3360.3572916666667,3360.3572916666667,2,3,5,10,0,Champions
16618,2011-11-08 13:52:00,2011-01-21 11:55:00,5,2647.59,1363,31,323,529.518,0.4711687306501548,2991.8586687306506,2991.8586687306506,4,4,5,13,0,Champions
18260,2011-06-20 12:37:00,2010-12-16 18:23:00,6,2643.2000000000003,1478,173,358,440.53333333333336,0.5101256983240223,2694.882681564246,2694.882681564246,2,5,5,12,0,Champions
13658,2011-11-30 10:13:00,2011-05-19 17:15:00,5,2639.17,1019,10,204,527.8340000000001,0.7460171568627452,4722.044362745099,4722.044362745099,5,4,5,14,0,Champions
17655,2011-11-29 11:34:00,2010-12-08 16:45:00,7,2638.94,1116,11,366,376.99142857142857,0.5821379781420765,2631.729781420765,2631.729781420765,5,5,5,15,0,Champions
15752,2011-10-31 11:37:00,2010-12-02 09:43:00,7,2637.38,1978,40,373,376.7685714285714,0.5712131367292226,2580.8142091152818,2580.8142091152818,3,5,5,13,0,Champions
13804,2011-11-09 12:32:00,2011-02-23 09:09:00,7,2635.79,1498,31,290,376.5414285714286,0.7346982758620689,3317.4598275862068,3317.4598275862068,4,5,5,14,0,Champions
13771,2011-10-06 14:18:00,2011-04-06 15:47:00,4,2634.45,1477,64,247,658.6125,0.492914979757085,3893.013157894736,3893.013157894736,3,4,5,12,0,Champions
12520,2011-09-21 15:23:00,2011-03-11 11:35:00,5,2634.26,1439,79,274,526.8520000000001,0.5554288321167883,3509.14197080292,3509.14197080292,2,4,5,11,0,Champions
17402,2011-12-05 10:15:00,2010-12-05 13:53:00,13,2633.85,701,5,369,202.60384615384615,1.0723238482384825,2605.298780487805,2605.298780487805,5,5,5,15,0,Champions
18077,2011-12-01 13:32:00,2010-12-08 10:21:00,11,2633.0099999999998,1878,8,367,239.36454545454544,0.9122956403269754,2618.661171662125,2618.661171662125,5,5,5,15,0,Champions
13422,2011-10-06 13:42:00,2011-10-06 13:42:00,1,2626.3,1326,64,64,2626.3,0.4755859375,14978.117187500002,14978.117187500002,3,1,5,9,2,Loyal Customers
13644,2011-11-23 14:07:00,2011-08-26 11:53:00,4,2624.26,2067,16,106,656.065,1.1485849056603774,9036.366981132076,9036.366981132076,4,4,5,13,0,Champions
17965,2011-11-02 09:31:00,2010-12-05 15:54:00,14,2622.57,1556,38,369,187.32642857142858,1.154810298102981,2594.141056910569,2594.141056910569,3,5,5,13,0,Champions
18210,2011-12-08 11:02:00,2011-03-17 16:58:00,6,2621.38,1398,2,267,436.8966666666667,0.6839887640449439,3583.534456928839,3583.534456928839,5,5,5,15,0,Champions
16255,2011-11-23 12:40:00,2010-12-09 14:25:00,8,2619.91,1767,17,365,327.48875,0.667123287671233,2619.91,2619.91,4,5,5,14,0,Champions
14262,2011-12-01 14:17:00,2011-04-13 12:23:00,8,2618.23,1645,8,241,327.27875,1.0103734439834025,3965.3690871369295,3965.3690871369295,5,5,5,15,0,Champions
13021,2011-12-05 16:37:00,2010-12-16 10:12:00,9,2616.38,1352,4,359,290.7088888888889,0.7630571030640668,2660.107799442897,2660.107799442897,5,5,5,15,0,Champions
15782,2011-11-30 10:49:00,2011-09-11 14:29:00,3,2614.7400000000002,864,10,89,871.58,1.0259831460674158,10723.37191011236,10723.37191011236,5,4,5,14,0,Champions
14397,2011-12-07 09:22:00,2011-05-10 12:25:00,19,2612.96,1890,3,214,137.52421052631578,2.702394859813084,4456.684112149533,4456.684112149533,5,5,5,15,0,Champions
12836,2011-10-11 15:10:00,2011-02-01 11:19:00,4,2612.86,1064,59,312,653.215,0.39022435897435903,3056.711217948718,3056.711217948718,3,4,5,12,0,Champions
18075,2011-11-16 15:21:00,2010-12-14 10:48:00,10,2611.75,1464,23,361,261.175,0.8431440443213296,2640.6890581717453,2640.6890581717453,4,5,5,14,0,Champions
12726,2011-11-11 13:35:00,2010-12-17 12:56:00,7,2609.1,3143,28,357,372.7285714285714,0.5968137254901961,2667.5672268907565,2667.5672268907565,4,5,5,14,0,Champions
16241,2011-11-30 11:08:00,2010-12-05 11:04:00,13,2607.87,1453,10,370,200.6053846153846,1.0694256756756757,2572.628513513513,2572.628513513513,5,5,5,15,0,Champions
13136,2011-10-14 13:41:00,2011-05-11 12:47:00,5,2607.61,1328,56,213,521.522,0.7144953051643192,4468.439671361502,4468.439671361502,3,4,5,12,0,Champions
14408,2011-11-29 11:41:00,2011-03-20 14:41:00,7,2606.53,1616,11,264,372.3614285714286,0.8070549242424242,3603.7251893939397,3603.7251893939397,5,5,5,15,0,Champions
13983,2011-11-10 11:06:00,2010-12-08 10:38:00,12,2603.43,1183,30,367,216.9525,0.9952316076294278,2589.242370572207,2589.242370572207,4,5,5,14,0,Champions
17317,2011-10-24 17:19:00,2011-09-11 12:45:00,3,2600.34,1146,46,90,866.7800000000001,1.0145833333333334,10545.823333333334,10545.823333333334,3,4,5,12,0,Champions
12600,2011-11-11 10:29:00,2010-12-03 12:57:00,10,2599.04,774,29,371,259.904,0.8204177897574124,2557.0070080862533,2557.0070080862533,4,5,5,14,0,Champions
16919,2011-07-06 13:35:00,2010-12-06 12:52:00,11,2596.45,1413,156,368,236.04090909090908,0.9098165760869565,2575.283288043478,2575.283288043478,2,5,5,12,0,Champions
13895,2011-11-11 16:57:00,2011-06-28 10:17:00,4,2593.07,1365,28,165,648.2675,0.7378787878787878,5736.185151515152,5736.185151515152,4,4,5,13,0,Champions
14243,2011-12-01 11:12:00,2010-12-09 08:34:00,10,2588.77,1221,9,366,258.877,0.8316256830601092,2581.696857923497,2581.696857923497,5,5,5,15,0,Champions
15033,2011-12-05 12:40:00,2011-01-14 13:28:00,10,2586.67,1695,5,329,258.66700000000003,0.9251519756838906,2869.709878419453,2869.709878419453,5,5,5,15,0,Champions
13911,2011-10-13 15:43:00,2011-02-04 14:46:00,9,2580.91,2731,57,308,286.7677777777778,0.8894074675324675,3058.5459415584414,3058.5459415584414,3,5,5,13,0,Champions
14546,2011-12-04 13:00:00,2011-04-05 12:37:00,5,2578.09,1317,5,249,515.618,0.6111947791164659,3779.1279116465867,3779.1279116465867,5,4,5,14,0,Champions
16912,2011-11-11 12:18:00,2011-01-20 15:42:00,11,2575.38,1029,29,323,234.12545454545455,1.0365712074303406,2910.259133126935,2910.259133126935,4,5,5,14,0,Champions
15485,2011-11-09 14:31:00,2010-12-01 13:23:00,3,2575.0,1306,30,373,858.3333333333334,0.24480563002680966,2519.7721179624664,2519.7721179624664,4,3,5,12,0,Champions
18245,2011-12-02 14:48:00,2010-12-19 14:58:00,7,2567.06,1788,7,355,366.72285714285715,0.6001760563380282,2639.371549295775,2639.371549295775,5,5,5,15,0,Champions
16308,2011-11-02 11:24:00,2011-03-23 14:46:00,4,2560.0,8000,38,261,640.0,0.4664750957854406,3580.0766283524904,3580.0766283524904,3,4,5,12,0,Champions
15572,2011-12-05 10:09:00,2011-03-06 14:44:00,7,2552.86,1229,5,278,364.69428571428574,0.766411870503597,3351.776618705036,3351.776618705036,5,5,5,15,0,Champions
14334,2011-11-23 10:01:00,2010-12-16 17:37:00,8,2552.21,1731,17,358,319.02625,0.6801675977653631,2602.1135474860334,2602.1135474860334,4,5,5,14,0,Champions
14701,2011-11-29 12:38:00,2011-01-27 12:40:00,9,2549.37,932,11,317,283.2633333333333,0.8641561514195583,2935.394479495268,2935.394479495268,5,5,5,15,0,Champions
14676,2011-11-08 13:29:00,2011-03-01 14:26:00,6,2548.2400000000002,2500,31,283,424.7066666666667,0.6453180212014135,3286.5992932862196,3286.5992932862196,4,5,5,14,0,Champions
13344,2011-10-03 09:45:00,2011-03-07 10:28:00,3,2543.72,971,68,278,847.9066666666666,0.3284622302158273,3339.7762589928057,3339.7762589928057,3,3,5,11,0,Champions
14776,2011-10-19 15:34:00,2011-01-31 13:17:00,11,2538.3,3134,51,312,230.75454545454548,1.0731169871794872,2969.485576923077,2969.485576923077,3,5,5,13,0,Champions
17700,2011-11-23 11:51:00,2011-03-03 16:34:00,4,2534.64,1266,17,281,633.66,0.4332740213523132,3292.325978647687,3292.325978647687,4,4,5,13,0,Champions
13471,2011-12-08 15:44:00,2011-10-23 13:10:00,4,2531.58,1590,1,47,632.895,2.5904255319148937,19660.14255319149,19660.14255319149,5,4,5,14,0,Champions
14659,2011-12-01 12:17:00,2011-01-28 12:43:00,9,2529.93,1195,9,316,281.1033333333333,0.8668908227848102,2922.2292721518984,2922.2292721518984,5,5,5,15,0,Champions
17314,2011-11-15 09:41:00,2011-01-31 11:25:00,8,2527.92,1896,25,313,315.99,0.7779552715654952,2947.8939297124602,2947.8939297124602,4,5,5,14,0,Champions
13975,2011-11-08 13:19:00,2011-03-08 12:19:00,6,2526.28,1732,31,277,421.0466666666667,0.6592960288808664,3328.8527075812276,3328.8527075812276,4,5,5,14,0,Champions
17449,2011-12-07 16:56:00,2010-12-15 10:57:00,7,2520.86,1122,2,360,360.1228571428572,0.5918402777777778,2555.8719444444446,2555.8719444444446,5,5,5,15,0,Champions
13394,2011-12-08 11:36:00,2011-02-03 10:39:00,8,2520.02,2392,2,310,315.0025,0.785483870967742,2967.1203225806453,2967.1203225806453,5,5,5,15,0,Champions
15245,2011-07-28 18:56:00,2011-03-23 13:42:00,3,2515.84,1784,134,261,838.6133333333333,0.34985632183908044,3518.3203065134103,3518.3203065134103,2,3,5,10,0,Champions
15271,2011-12-02 14:11:00,2010-12-09 13:47:00,15,2507.07,1262,7,365,167.138,1.2508561643835616,2507.07,2507.07,5,5,5,15,0,Champions
12352,2011-11-03 14:37:00,2011-02-16 12:33:00,8,2506.04,536,36,297,313.255,0.8198653198653199,3079.813468013468,3079.813468013468,3,5,5,13,0,Champions
13695,2011-11-08 14:26:00,2011-03-25 11:31:00,15,2504.13,1603,31,260,166.942,1.7560096153846152,3515.4132692307694,3515.4132692307694,4,5,5,14,0,Champions
12517,2011-11-11 14:04:00,2011-06-02 15:13:00,5,2502.84,1371,28,190,500.56800000000004,0.8009868421052632,4808.087368421053,4808.087368421053,4,4,5,13,0,Champions
15932,2011-12-05 17:13:00,2011-02-23 14:50:00,8,2495.87,2325,4,289,311.98375,0.842560553633218,3152.2233564013836,3152.2233564013836,5,5,5,15,0,Champions
16477,2011-10-07 09:44:00,2010-12-03 12:48:00,7,2494.46,1415,64,372,356.3514285714286,0.5727486559139785,2447.5212365591397,2447.5212365591397,3,5,5,13,0,Champions
12483,2011-11-22 17:02:00,2011-01-04 14:20:00,8,2484.98,1110,17,339,310.6225,0.7182890855457227,2675.568436578171,2675.568436578171,4,5,5,14,0,Champions
12913,2011-12-05 12:11:00,2010-12-06 16:36:00,5,2483.63,1419,5,368,496.726,0.4135529891304348,2463.383016304348,2463.383016304348,5,4,5,14,0,Champions
16710,2011-11-20 14:50:00,2010-12-06 13:13:00,10,2483.04,1836,19,368,248.304,0.8271059782608696,2462.7978260869563,2462.7978260869563,4,5,5,14,0,Champions
14315,2011-10-26 12:06:00,2011-03-18 12:59:00,6,2481.13,1021,45,266,413.5216666666667,0.6865601503759399,3404.558082706767,3404.558082706767,3,5,5,13,0,Champions
13507,2011-12-06 13:13:00,2011-07-17 11:50:00,4,2479.16,1597,3,146,619.79,0.833904109589041,6197.9,6197.9,5,4,5,14,0,Champions
13588,2011-11-24 10:42:00,2011-03-29 15:53:00,9,2478.95,2606,16,255,275.43888888888887,1.074264705882353,3548.3009803921564,3548.3009803921564,4,5,5,14,0,Champions
17682,2011-11-29 15:59:00,2010-12-06 13:35:00,6,2474.33,1367,10,368,412.3883333333333,0.49626358695652173,2454.158831521739,2454.158831521739,5,5,5,15,0,Champions
17188,2011-11-28 13:53:00,2010-12-12 12:56:00,7,2474.23,1328,11,362,353.4614285714286,0.5885704419889503,2494.734668508287,2494.734668508287,5,5,5,15,0,Champions
14766,2011-12-01 16:05:00,2010-12-08 15:33:00,6,2473.37,1349,8,366,412.2283333333333,0.49897540983606553,2466.6121584699454,2466.6121584699454,5,5,5,15,0,Champions
14502,2011-11-20 11:50:00,2011-01-30 15:52:00,11,2470.67,1498,20,313,224.60636363636365,1.0696884984025559,2881.132747603834,2881.132747603834,4,5,5,14,0,Champions
17164,2011-11-07 09:14:00,2011-03-11 14:26:00,7,2467.35,1501,33,273,352.4785714285714,0.780448717948718,3298.837912087912,3298.837912087912,3,5,5,13,0,Champions
12455,2011-09-27 15:31:00,2011-02-16 09:56:00,6,2466.86,2089,73,297,411.1433333333334,0.61489898989899,3031.662962962963,3031.662962962963,2,4,5,11,0,Champions
15750,2011-12-07 12:34:00,2010-12-08 10:36:00,8,2465.48,1786,3,367,308.185,0.6634877384196185,2452.044141689373,2452.044141689373,5,5,5,15,0,Champions
17131,2011-12-04 12:52:00,2011-09-25 12:42:00,5,2463.17,983,5,76,492.634,2.002467105263158,11829.69802631579,11829.69802631579,5,4,5,14,0,Champions
13784,2011-11-30 09:33:00,2011-01-11 14:38:00,11,2462.79,2493,10,332,223.89,1.0084713855421688,2707.585391566265,2707.585391566265,5,5,5,15,0,Champions
15674,2011-09-27 15:17:00,2011-03-30 09:19:00,5,2446.6,1275,73,255,489.32,0.5968137254901961,3501.9960784313726,3501.9960784313726,2,4,5,11,0,Champions
14163,2011-09-13 15:18:00,2011-04-14 17:33:00,4,2445.91,893,87,239,611.4775,0.5094142259414226,3735.385564853556,3735.385564853556,2,4,5,11,0,Champions
15527,2011-11-21 12:17:00,2010-12-20 14:15:00,8,2429.78,992,19,354,303.7225,0.6878531073446328,2505.281638418079,2505.281638418079,4,5,5,14,0,Champions
17071,2011-11-11 16:31:00,2011-02-03 08:18:00,9,2429.03,1197,28,310,269.89222222222224,0.8836693548387097,2859.986935483871,2859.986935483871,4,5,5,14,0,Champions
13949,2011-12-07 09:35:00,2011-09-06 11:55:00,6,2427.32,2474,3,95,404.55333333333334,1.9223684210526315,9326.018947368422,9326.018947368422,5,5,5,15,0,Champions
16143,2011-12-06 14:13:00,2010-12-05 15:18:00,6,2424.94,919,3,369,404.1566666666667,0.4949186991869919,2398.6533875338755,2398.6533875338755,5,5,5,15,0,Champions
17722,2011-09-04 15:22:00,2010-12-08 12:41:00,4,2424.04,1595,96,367,606.01,0.33174386920980925,2410.8299727520434,2410.8299727520434,2,4,5,11,0,Champions
15089,2011-11-29 16:31:00,2011-08-03 14:14:00,6,2420.84,1359,10,128,403.47333333333336,1.4267578125,6903.176562500001,6903.176562500001,5,5,5,15,0,Champions
15373,2011-12-01 15:05:00,2010-12-03 14:40:00,12,2415.91,500,8,371,201.32583333333332,0.9845013477088949,2376.838679245283,2376.838679245283,5,5,5,15,0,Champions
12397,2011-11-04 09:52:00,2011-07-27 14:21:00,2,2409.9,1263,36,135,1204.95,0.45092592592592595,6515.655555555555,6515.655555555555,3,2,5,10,2,Loyal Customers
17589,2011-10-10 16:58:00,2011-04-13 13:47:00,4,2404.17,1631,60,240,601.0425,0.5072916666666667,3656.341875,3656.341875,3,4,5,12,0,Champions
15980,2011-09-12 09:41:00,2011-03-30 15:05:00,3,2398.86,1560,89,254,799.62,0.359498031496063,3447.1807086614176,3447.1807086614176,2,4,5,11,0,Champions
18065,2011-12-04 10:30:00,2010-12-10 12:44:00,14,2392.83,1027,6,365,170.91642857142855,1.1674657534246575,2392.83,2392.83,5,5,5,15,0,Champions
13141,2011-09-16 09:54:00,2011-01-28 13:04:00,5,2388.75,1548,85,315,477.75,0.48313492063492064,2767.9166666666665,2767.9166666666665,2,4,5,11,0,Champions
15370,2011-10-30 10:58:00,2011-01-11 11:32:00,7,2386.05,830,41,333,340.86428571428576,0.6398273273273274,2615.3400900900906,2615.3400900900906,3,5,5,13,0,Champions
17530,2011-12-08 18:42:00,2010-12-09 20:01:00,10,2385.0,1526,1,365,238.5,0.8339041095890412,2385.0,2385.0,5,5,5,15,0,Champions
14493,2011-12-02 16:14:00,2011-07-07 16:59:00,5,2383.2400000000002,1285,7,155,476.648,0.9818548387096774,5612.145806451614,5612.145806451614,5,4,5,14,0,Champions
14554,2011-11-29 16:44:00,2011-10-18 13:04:00,4,2381.04,1478,10,52,595.26,2.3413461538461537,16713.06923076923,16713.06923076923,5,4,5,14,0,Champions
14239,2011-10-27 14:40:00,2011-01-27 14:45:00,11,2380.85,993,43,316,216.4409090909091,1.0595332278481013,2750.0324367088606,2750.0324367088606,3,5,5,13,0,Champions
15270,2011-11-24 09:24:00,2011-02-02 13:25:00,7,2379.49,1521,16,310,339.9271428571428,0.6872983870967742,2801.657580645161,2801.657580645161,4,5,5,14,0,Champions
13722,2011-07-31 12:44:00,2011-03-02 11:43:00,3,2375.41,1401,132,283,791.8033333333333,0.32265901060070673,3063.6913427561835,3063.6913427561835,2,3,5,10,0,Champions
17434,2011-12-07 13:16:00,2011-09-15 13:54:00,7,2373.82,1693,2,85,339.1171428571429,2.5066176470588233,10193.462352941177,10193.462352941177,5,5,5,15,0,Champions
14930,2011-08-23 10:31:00,2011-03-10 14:42:00,3,2372.86,1166,109,274,790.9533333333334,0.33325729927007297,3160.9266423357667,3160.9266423357667,2,3,5,10,0,Champions
13908,2011-09-21 11:49:00,2011-03-08 12:04:00,4,2369.55,1478,80,277,592.3875,0.4395306859205776,3122.3312274368236,3122.3312274368236,2,4,5,11,0,Champions
15755,2011-11-29 14:57:00,2011-02-18 11:53:00,6,2364.25,1427,10,295,394.0416666666667,0.6190677966101694,2925.258474576271,2925.258474576271,5,5,5,15,0,Champions
12457,2011-10-04 13:13:00,2011-04-14 18:57:00,7,2363.23,843,66,239,337.6042857142857,0.8914748953974896,3609.1169456066946,3609.1169456066946,3,5,5,13,0,Champions
17634,2011-11-03 13:09:00,2011-01-06 12:45:00,9,2361.9700000000003,840,36,338,262.4411111111111,0.810465976331361,2550.648076923077,2550.648076923077,3,5,5,13,0,Champions
14030,2011-11-21 16:48:00,2010-12-08 16:11:00,8,2360.09,1479,18,366,295.01125,0.6653005464480874,2353.641666666667,2353.641666666667,4,5,5,14,0,Champions
14440,2011-12-01 15:42:00,2010-12-09 12:49:00,5,2357.6800000000003,588,8,366,471.53600000000006,0.4158128415300546,2351.2382513661205,2351.2382513661205,5,4,5,14,0,Champions
15140,2011-10-18 14:07:00,2011-03-20 14:37:00,7,2354.25,1572,52,264,336.32142857142856,0.8070549242424242,3254.9289772727275,3254.9289772727275,3,5,5,13,0,Champions
14309,2011-12-01 13:33:00,2010-12-16 13:05:00,9,2352.53,1633,8,358,261.39222222222224,0.7651885474860335,2398.5291899441345,2398.5291899441345,5,5,5,15,0,Champions
12704,2011-12-02 13:15:00,2011-06-23 10:20:00,8,2340.84,1006,7,170,292.605,1.4323529411764706,5025.921176470589,5025.921176470589,5,5,5,15,0,Champions
18259,2011-11-15 12:34:00,2010-12-08 13:38:00,3,2338.6000000000004,714,25,366,779.5333333333334,0.24948770491803277,2332.2103825136614,2332.2103825136614,4,4,5,13,0,Champions
12584,2011-12-06 09:35:00,2011-03-04 15:15:00,9,2338.15,416,4,280,259.7944444444445,0.9783482142857143,3047.9455357142865,3047.9455357142865,5,5,5,15,0,Champions
18257,2011-10-31 14:48:00,2011-02-16 15:13:00,8,2337.63,1041,39,296,292.20375,0.8226351351351351,2882.550506756757,2882.550506756757,3,5,5,13,0,Champions
17954,2011-12-04 14:15:00,2010-12-03 14:18:00,12,2332.72,2234,5,371,194.39333333333332,0.9845013477088949,2294.9940700808625,2294.9940700808625,5,5,5,15,0,Champions
15281,2011-10-12 09:10:00,2011-01-10 15:51:00,9,2332.15,1211,59,333,259.1277777777778,0.8226351351351352,2556.2605105105104,2556.2605105105104,3,5,5,13,0,Champions
12782,2011-12-05 09:16:00,2010-12-17 11:30:00,5,2330.92,1086,5,358,466.184,0.42510474860335196,2376.496648044693,2376.496648044693,5,4,5,14,0,Champions
15785,2011-11-07 11:33:00,2011-02-17 14:17:00,5,2328.9700000000003,1612,33,295,465.79400000000004,0.5158898305084746,2881.6069491525427,2881.6069491525427,3,4,5,12,0,Champions
17313,2011-11-08 15:45:00,2011-11-08 15:45:00,1,2328.84,1402,31,31,2328.84,0.9818548387096774,27420.21290322581,27420.21290322581,4,2,5,11,2,Loyal Customers
17744,2011-12-06 12:11:00,2010-12-16 14:17:00,6,2322.4,3412,4,358,387.06666666666666,0.5101256983240223,2367.8100558659216,2367.8100558659216,5,5,5,15,0,Champions
17211,2011-11-13 12:03:00,2010-12-05 12:44:00,8,2317.2200000000003,1323,27,370,289.65250000000003,0.658108108108108,2285.9062162162163,2285.9062162162163,4,5,5,14,0,Champions
14290,2011-11-28 14:02:00,2010-12-13 10:24:00,5,2314.65,915,11,362,462.93,0.4204074585635359,2333.832182320442,2333.832182320442,5,4,5,14,0,Champions
15365,2011-11-14 08:29:00,2011-01-28 13:08:00,7,2314.32,1084,26,315,330.6171428571429,0.6763888888888889,2681.672380952381,2681.672380952381,4,5,5,14,0,Champions
13994,2011-12-06 11:05:00,2011-07-14 18:28:00,6,2313.14,940,4,148,385.5233333333333,1.2339527027027026,5704.703378378378,5704.703378378378,5,5,5,15,0,Champions
13704,2011-12-04 15:13:00,2011-09-12 14:40:00,9,2308.06,1531,5,88,256.4511111111111,3.1129261363636362,9573.20340909091,9573.20340909091,5,5,5,15,0,Champions
15288,2011-10-27 16:58:00,2010-12-09 13:59:00,5,2306.52,775,43,365,461.304,0.4169520547945206,2306.52,2306.52,3,4,5,12,0,Champions
16735,2011-09-22 11:49:00,2011-01-09 12:53:00,5,2300.56,1573,79,334,460.11199999999997,0.45565119760479045,2514.08502994012,2514.08502994012,2,4,5,11,0,Champions
16550,2011-08-23 11:12:00,2010-12-06 13:53:00,5,2298.97,1540,109,368,459.794,0.4135529891304348,2280.2283967391304,2280.2283967391304,2,4,5,11,0,Champions
15105,2011-11-21 16:54:00,2011-07-28 10:09:00,7,2298.93,1211,18,135,328.4185714285714,1.5782407407407408,6215.625555555555,6215.625555555555,4,5,5,14,0,Champions
13115,2011-11-28 12:38:00,2011-06-08 16:15:00,4,2294.78,1567,12,184,573.695,0.6616847826086957,4552.145108695652,4552.145108695652,5,4,5,14,0,Champions
15704,2011-07-22 13:35:00,2011-05-08 12:42:00,4,2293.62,1028,140,216,573.405,0.5636574074074073,3875.7930555555554,3875.7930555555554,2,4,5,11,0,Champions
12615,2011-12-07 15:02:00,2011-06-24 13:35:00,4,2291.19,1376,2,168,572.7975,0.7247023809523809,4977.883035714285,4977.883035714285,5,4,5,14,0,Champions
13527,2011-11-06 12:04:00,2011-01-17 11:17:00,7,2287.51,1692,34,327,326.7871428571429,0.6515672782874617,2553.3368501529053,2553.3368501529053,3,5,5,13,0,Champions
17696,2011-11-01 13:43:00,2010-12-10 09:51:00,8,2285.71,1756,38,365,285.71375,0.667123287671233,2285.71,2285.71,3,5,5,13,0,Champions
12684,2011-12-02 09:53:00,2011-05-10 12:55:00,7,2283.63,1985,8,213,326.23285714285714,1.000293427230047,3913.2626760563385,3913.2626760563385,5,5,5,15,0,Champions
16782,2011-11-29 13:20:00,2010-12-09 11:28:00,13,2279.9,712,10,366,175.37692307692308,1.081113387978142,2273.6707650273224,2273.6707650273224,5,5,5,15,0,Champions
13317,2011-10-04 13:35:00,2010-12-16 09:22:00,6,2273.68,1035,66,359,378.94666666666666,0.5087047353760445,2311.6802228412257,2311.6802228412257,3,5,5,13,0,Champions
17768,2011-12-01 13:22:00,2011-06-26 13:46:00,3,2273.1800000000003,1186,8,166,757.7266666666668,0.5500753012048193,4998.257228915663,4998.257228915663,5,4,5,14,0,Champions
14466,2011-11-10 14:07:00,2010-12-02 13:36:00,7,2272.4,1006,29,372,324.62857142857143,0.5727486559139785,2229.6397849462364,2229.6397849462364,4,5,5,14,0,Champions
13700,2011-11-13 13:00:00,2011-01-16 13:18:00,10,2265.12,2304,26,327,226.512,0.9308103975535168,2528.3449541284403,2528.3449541284403,4,5,5,14,0,Champions
16057,2011-11-23 15:23:00,2011-02-28 10:35:00,7,2263.12,863,16,285,323.30285714285714,0.7475877192982456,2898.3817543859645,2898.3817543859645,4,5,5,14,0,Champions
16209,2011-09-12 11:58:00,2011-04-07 12:23:00,5,2262.62,1179,89,247,452.524,0.6161437246963563,3343.547773279352,3343.547773279352,2,4,5,11,0,Champions
14432,2011-11-30 08:04:00,2011-09-11 14:09:00,6,2255.51,2070,10,89,375.91833333333335,2.0519662921348316,9250.125280898877,9250.125280898877,5,5,5,15,0,Champions
16293,2011-11-18 09:58:00,2010-12-07 15:02:00,10,2248.9900000000002,982,22,367,224.89900000000003,0.8293596730245232,2236.733923705722,2236.733923705722,4,5,5,14,0,Champions
17442,2011-11-03 09:17:00,2011-02-22 13:02:00,6,2248.56,1496,37,290,374.76,0.6297413793103448,2830.0841379310345,2830.0841379310345,3,5,5,13,0,Champions
15235,2011-05-06 09:44:00,2010-12-01 17:22:00,12,2247.51,1324,218,373,187.29250000000002,0.9792225201072386,2199.306032171582,2199.306032171582,1,5,5,11,0,Champions
16771,2011-11-06 13:28:00,2011-01-05 13:57:00,5,2246.81,1489,33,338,449.36199999999997,0.450258875739645,2426.288905325444,2426.288905325444,3,4,5,12,0,Champions
15665,2011-06-24 14:57:00,2011-04-10 15:09:00,2,2242.01,1666,168,243,1121.005,0.25051440329218105,3367.6281893004116,3367.6281893004116,2,3,5,10,2,Loyal Customers
14211,2011-10-17 13:23:00,2011-02-17 15:50:00,9,2241.1,1242,53,295,249.0111111111111,0.9286016949152541,2772.886440677966,2772.886440677966,3,5,5,13,0,Champions
16743,2011-11-10 13:13:00,2010-12-16 12:15:00,7,2238.09,2047,29,359,319.7271428571429,0.5934888579387186,2275.4954038997216,2275.4954038997216,4,5,5,14,0,Champions
14560,2011-12-02 15:22:00,2010-12-17 09:22:00,22,2237.77,1260,7,358,101.71681818181818,1.8704608938547487,2281.525279329609,2281.525279329609,5,5,5,15,0,Champions
14700,2011-11-07 14:40:00,2011-04-15 13:16:00,3,2235.3,1342,32,238,745.1,0.3836659663865546,3428.086134453782,3428.086134453782,4,3,5,12,0,Champions
16076,2011-12-06 14:59:00,2011-05-15 12:31:00,10,2234.73,1435,3,209,223.473,1.4563397129186604,3902.7581339712915,3902.7581339712915,5,5,5,15,0,Champions
15834,2011-09-30 14:41:00,2011-03-07 17:52:00,4,2233.75,965,70,277,558.4375,0.4395306859205776,2943.388989169675,2943.388989169675,3,4,5,12,0,Champions
18242,2011-09-28 13:43:00,2011-05-10 11:20:00,4,2232.4900000000002,1017,72,214,558.1225000000001,0.5689252336448598,3807.751635514019,3807.751635514019,3,4,5,12,0,Champions
14226,2011-11-11 11:34:00,2011-03-15 15:36:00,5,2232.19,1308,29,269,446.438,0.5657527881040892,3028.807992565056,3028.807992565056,4,4,5,13,0,Champions
14825,2011-12-06 11:38:00,2010-12-06 12:30:00,12,2226.91,991,4,369,185.57583333333332,0.9898373983739838,2202.770054200542,2202.770054200542,5,5,5,15,0,Champions
17591,2011-09-27 13:42:00,2010-12-07 15:39:00,7,2225.9700000000003,1009,73,367,317.9957142857143,0.5805517711171662,2213.839373297003,2213.839373297003,2,5,5,12,0,Champions
12783,2011-12-07 15:56:00,2011-09-25 15:35:00,6,2225.91,624,2,75,370.98499999999996,2.435,10832.761999999999,10832.761999999999,5,5,5,15,0,Champions
13365,2011-11-06 12:36:00,2011-05-06 12:00:00,2,2225.37,1247,34,218,1112.685,0.27924311926605505,3725.9635321100914,3725.9635321100914,3,2,5,10,2,Loyal Customers
15722,2011-11-04 11:43:00,2011-02-22 12:24:00,5,2222.56,1026,36,291,444.512,0.5229810996563573,2787.7470790378006,2787.7470790378006,3,4,5,12,0,Champions
15811,2011-11-17 15:31:00,2010-12-09 15:29:00,6,2218.62,1071,22,365,369.77,0.5003424657534247,2218.62,2218.62,4,5,5,14,0,Champions
12876,2011-10-13 12:26:00,2011-05-27 13:34:00,2,2218.02,1941,58,196,1109.01,0.31058673469387754,4130.496428571429,4130.496428571429,3,2,5,10,2,Loyal Customers
12653,2011-07-14 10:41:00,2011-02-16 10:53:00,2,2209.85,919,149,297,1104.925,0.20496632996632996,2715.8089225589224,2715.8089225589224,2,2,5,9,2,Loyal Customers
13862,2011-11-21 16:24:00,2011-01-11 15:13:00,8,2209.36,1688,18,332,276.17,0.733433734939759,2428.965060240964,2428.965060240964,4,5,5,14,0,Champions
15797,2011-08-18 17:04:00,2011-01-24 15:47:00,4,2207.4,873,113,319,551.85,0.3816614420062696,2525.7084639498435,2525.7084639498435,2,4,5,11,0,Champions
15179,2011-11-21 12:53:00,2011-01-24 13:48:00,5,2206.95,1938,18,319,441.39,0.477076802507837,2525.193573667711,2525.193573667711,4,4,5,13,0,Champions
13831,2011-11-23 15:41:00,2010-12-05 12:13:00,6,2202.99,745,16,370,367.16499999999996,0.49358108108108106,2173.2198648648646,2173.2198648648646,4,5,5,14,0,Champions
17406,2011-01-10 15:07:00,2010-12-08 10:35:00,3,2200.42,787,333,367,733.4733333333334,0.24880790190735694,2188.4286103542236,2188.4286103542236,1,4,5,10,1,At Risk
15123,2011-12-02 13:12:00,2011-05-17 14:57:00,2,2199.31,1195,7,206,1099.655,0.2955097087378641,3896.8356796116504,3896.8356796116504,5,3,5,13,2,Loyal Customers
16628,2011-11-10 12:45:00,2011-04-19 08:55:00,5,2188.05,1205,30,235,437.61,0.6476063829787234,3398.4606382978727,3398.4606382978727,4,4,5,13,0,Champions
15394,2011-11-30 11:49:00,2010-12-16 12:46:00,4,2183.54,910,10,359,545.885,0.33913649025069637,2220.033704735376,2220.033704735376,5,4,5,14,0,Champions
14341,2011-10-25 15:48:00,2011-01-25 13:55:00,8,2182.28,1403,45,318,272.785,0.7657232704402516,2504.818238993711,2504.818238993711,3,5,5,13,0,Champions
12856,2011-12-02 10:52:00,2011-10-07 12:38:00,6,2179.93,1079,8,64,363.32166666666666,2.853515625,12432.41328125,12432.41328125,5,5,5,15,0,Champions
12909,2011-10-31 12:43:00,2011-03-31 12:51:00,5,2178.67,1280,40,253,435.73400000000004,0.6015316205533597,3143.1405138339924,3143.1405138339924,3,4,5,12,0,Champions
12501,2011-01-07 12:28:00,2011-01-07 12:28:00,1,2169.39,1783,337,337,2169.39,0.09031899109792285,2349.636053412463,2349.636053412463,1,1,5,7,1,At Risk
12633,2011-10-12 11:40:00,2011-02-25 08:44:00,4,2163.98,1162,59,288,540.995,0.4227430555555556,2742.5440972222223,2742.5440972222223,3,4,5,12,0,Champions
13755,2011-12-06 12:26:00,2011-10-07 15:45:00,9,2161.35,1264,4,63,240.14999999999998,4.348214285714286,12522.107142857143,12522.107142857143,5,5,5,15,0,Champions
12935,2011-12-07 17:25:00,2011-01-24 13:58:00,7,2160.7,1853,2,319,308.6714285714285,0.6679075235109718,2472.274294670846,2472.274294670846,5,5,5,15,0,Champions
16456,2011-09-01 13:50:00,2010-12-01 14:11:00,5,2158.37,1148,99,373,431.674,0.4080093833780161,2112.0778820375335,2112.0778820375335,2,4,5,11,0,Champions
14407,2011-08-24 14:02:00,2011-03-08 11:59:00,6,2157.73,1415,107,277,359.62166666666667,0.6592960288808664,2843.218231046931,2843.218231046931,2,5,5,12,0,Champions
16379,2011-12-05 15:38:00,2011-09-22 09:33:00,4,2157.4,1410,4,79,539.35,1.5411392405063291,9967.73417721519,9967.73417721519,5,4,5,14,0,Champions
13224,2011-10-10 14:55:00,2011-07-11 14:10:00,2,2155.95,1518,60,151,1077.975,0.40314569536423844,5211.402317880794,5211.402317880794,3,2,5,10,2,Loyal Customers
16966,2011-12-01 13:40:00,2011-04-13 14:17:00,7,2154.97,1981,8,240,307.8528571428571,0.8877604166666667,3277.350208333333,3277.350208333333,5,5,5,15,0,Champions
17272,2011-10-28 16:37:00,2011-03-22 12:05:00,4,2148.63,1778,42,263,537.1575,0.46292775665399244,2981.9389733840308,2981.9389733840308,3,4,5,12,0,Champions
14828,2011-05-27 10:16:00,2011-01-07 09:50:00,3,2139.76,2172,197,337,713.2533333333334,0.27095697329376855,2317.544213649852,2317.544213649852,1,3,5,9,1,At Risk
12560,2011-12-04 13:54:00,2011-07-19 15:55:00,3,2134.01,1110,5,143,711.3366666666667,0.638548951048951,5446.948601398602,5446.948601398602,5,3,5,13,0,Champions
17400,2011-08-05 15:38:00,2010-12-21 17:16:00,5,2129.96,1097,126,353,425.992,0.43112606232294615,2202.3665722379606,2202.3665722379606,2,4,5,11,0,Champions
13517,2011-10-11 11:43:00,2011-06-13 08:44:00,3,2128.42,1369,60,180,709.4733333333334,0.5072916666666667,4315.962777777778,4315.962777777778,3,3,5,11,0,Champions
14360,2011-11-08 09:12:00,2011-09-06 11:58:00,4,2128.23,1151,32,95,532.0575,1.281578947368421,8176.883684210526,8176.883684210526,4,4,5,13,0,Champions
16407,2011-11-27 11:05:00,2011-01-31 14:02:00,10,2126.93,1124,13,312,212.69299999999998,0.9755608974358975,2488.2354166666664,2488.2354166666664,5,5,5,15,0,Champions
14640,2011-11-15 13:07:00,2011-04-26 12:31:00,6,2125.08,886,24,228,354.18,0.8009868421052632,3401.9921052631576,3401.9921052631576,4,5,5,14,0,Champions
15058,2011-11-14 14:57:00,2011-01-31 15:35:00,11,2124.9900000000002,1069,25,312,193.18090909090913,1.0731169871794872,2485.965865384616,2485.965865384616,4,5,5,14,0,Champions
13632,2011-11-15 10:51:00,2011-04-10 15:07:00,5,2121.27,1037,25,243,424.254,0.6262860082304527,3186.2697530864198,3186.2697530864198,4,4,5,13,0,Champions
18061,2011-11-18 11:20:00,2010-12-08 13:03:00,10,2119.41,955,22,366,211.94099999999997,0.8316256830601092,2113.6192622950816,2113.6192622950816,4,5,5,14,0,Champions
18008,2011-09-30 15:17:00,2011-01-25 12:26:00,9,2116.19,1581,70,319,235.13222222222223,0.8587382445141066,2421.3459247648902,2421.3459247648902,3,5,5,13,0,Champions
14691,2011-11-09 12:30:00,2011-05-11 09:55:00,5,2114.33,707,31,213,422.866,0.7144953051643192,3623.1476525821595,3623.1476525821595,4,4,5,13,0,Champions
13265,2011-10-17 15:02:00,2011-03-11 09:54:00,5,2107.66,1752,53,274,421.532,0.5554288321167883,2807.6492700729923,2807.6492700729923,3,4,5,12,0,Champions
18173,2011-09-14 11:26:00,2011-03-10 11:56:00,4,2106.84,1220,87,275,526.71,0.44272727272727275,2796.351272727273,2796.351272727273,2,4,5,11,0,Champions
18093,2011-09-07 15:43:00,2011-02-10 12:15:00,4,2106.52,1392,93,303,526.63,0.4018151815181518,2537.557095709571,2537.557095709571,2,4,5,11,0,Champions
14461,2011-07-14 17:11:00,2011-03-23 12:15:00,3,2103.06,766,148,262,701.02,0.3485209923664122,2929.835496183206,2929.835496183206,2,3,5,10,2,Loyal Customers
14515,2011-11-22 11:37:00,2011-05-05 12:13:00,6,2102.09,1134,18,219,350.34833333333336,0.833904109589041,3503.4833333333336,3503.4833333333336,4,5,5,14,0,Champions
17861,2011-12-06 16:21:00,2011-01-24 11:34:00,8,2100.8,1988,3,320,262.6,0.7609375,2396.2250000000004,2396.2250000000004,5,5,5,15,0,Champions
15815,2011-10-07 12:42:00,2011-03-25 08:43:00,5,2100.6,1856,64,260,420.12,0.5853365384615384,2948.9192307692306,2948.9192307692306,3,4,5,12,0,Champions
13126,2011-12-05 10:00:00,2010-12-08 11:42:00,8,2099.64,2143,5,367,262.455,0.6634877384196185,2088.1978201634874,2088.1978201634874,5,5,5,15,0,Champions
12610,2011-11-17 09:34:00,2011-08-05 13:52:00,5,2099.54,1049,23,126,419.908,1.2078373015873016,6082.000793650794,6082.000793650794,4,4,5,13,0,Champions
16875,2011-10-03 13:39:00,2011-01-04 10:37:00,5,2095.53,1069,67,340,419.10600000000005,0.447610294117647,2249.6130882352945,2249.6130882352945,3,4,5,12,0,Champions
17191,2011-11-11 16:58:00,2010-12-06 14:36:00,7,2095.13,1167,28,368,299.30428571428575,0.5789741847826088,2078.0501358695656,2078.0501358695656,4,5,5,14,0,Champions
18283,2011-12-06 12:02:00,2011-01-06 14:14:00,16,2094.88,1397,4,337,130.93,1.4451038575667656,2268.9353115727004,2268.9353115727004,5,5,5,15,0,Champions
14306,2011-10-19 13:23:00,2011-09-15 10:31:00,2,2093.32,1075,51,86,1046.66,0.7078488372093023,8884.43953488372,8884.43953488372,3,3,5,11,2,Loyal Customers
13571,2011-11-27 10:47:00,2011-03-31 12:43:00,12,2092.32,1759,13,254,174.36,1.437992125984252,3006.6803149606303,3006.6803149606303,5,5,5,15,0,Champions
17490,2011-12-09 09:08:00,2011-06-16 09:15:00,7,2092.32,1134,1,177,298.90285714285716,1.2037429378531073,4314.671186440678,4314.671186440678,5,5,5,15,0,Champions
13297,2011-12-02 09:32:00,2011-10-03 15:08:00,4,2089.85,963,8,67,522.4625,1.8171641791044775,11385.003731343284,11385.003731343284,5,4,5,14,0,Champions
18044,2011-12-05 14:26:00,2010-12-14 12:25:00,10,2088.6,1033,4,361,208.85999999999999,0.8431440443213296,2111.742382271468,2111.742382271468,5,5,5,15,0,Champions
14810,2011-10-30 11:19:00,2010-12-05 12:08:00,11,2087.88,1016,41,370,189.80727272727273,0.9048986486486486,2059.6654054054056,2059.6654054054056,3,5,5,13,0,Champions
16954,2011-12-09 09:46:00,2010-12-15 10:41:00,9,2085.08,1054,1,360,231.67555555555555,0.7609375,2114.039444444444,2114.039444444444,5,5,5,15,0,Champions
18231,2011-05-31 14:18:00,2011-02-24 09:08:00,5,2083.27,821,192,289,416.654,0.5266003460207612,2631.1195501730103,2631.1195501730103,1,4,5,10,0,Champions
14696,2011-12-05 13:43:00,2010-12-01 15:37:00,7,2078.95,1630,4,373,296.99285714285713,0.5712131367292226,2034.361260053619,2034.361260053619,5,5,5,15,0,Champions
14209,2011-11-29 10:18:00,2011-01-11 12:56:00,6,2073.43,691,11,332,345.57166666666666,0.5500753012048193,2279.5239457831326,2279.5239457831326,5,5,5,15,0,Champions
18241,2011-11-30 12:10:00,2011-05-06 09:22:00,17,2073.09,1051,10,218,121.9464705882353,2.373566513761468,3470.999311926606,3470.999311926606,5,5,5,15,0,Champions
18219,2011-12-07 11:43:00,2010-12-06 10:05:00,10,2069.77,885,3,369,206.977,0.8248644986449865,2047.3334688346886,2047.3334688346886,5,5,5,15,0,Champions
14482,2011-11-21 13:14:00,2011-04-14 16:41:00,6,2068.15,1646,18,239,344.69166666666666,0.7641213389121339,3158.4717573221756,3158.4717573221756,4,5,5,14,0,Champions
12948,2011-11-23 17:10:00,2011-03-20 10:17:00,7,2064.95,1080,16,265,294.99285714285713,0.8040094339622641,2844.176415094339,2844.176415094339,4,5,5,14,0,Champions
12928,2011-11-04 14:24:00,2010-12-15 15:45:00,5,2062.7000000000003,1472,35,359,412.5400000000001,0.42392061281337046,2097.1740947075214,2097.1740947075214,3,4,5,12,0,Champions
16281,2011-09-28 14:57:00,2011-09-28 14:57:00,1,2062.06,934,72,72,2062.06,0.4227430555555556,10453.498611111112,10453.498611111112,2,2,5,9,2,Loyal Customers
14409,2011-09-29 18:18:00,2010-12-06 15:03:00,6,2059.4500000000003,1230,71,368,343.24166666666673,0.49626358695652173,2042.661005434783,2042.661005434783,3,5,5,13,0,Champions
12518,2011-12-09 10:13:00,2011-08-21 13:18:00,5,2056.89,1318,1,110,411.378,1.3835227272727273,6825.135,6825.135,5,4,4,13,0,Champions
17667,2011-10-04 14:32:00,2011-02-14 09:24:00,5,2055.51,1033,66,299,411.10200000000003,0.5089882943143812,2509.2346153846156,2509.2346153846156,3,4,4,11,0,Champions
14188,2011-11-09 12:45:00,2011-02-02 13:46:00,6,2054.36,1162,31,310,342.3933333333334,0.5891129032258065,2418.8432258064518,2418.8432258064518,4,5,4,13,0,Champions
16150,2011-10-28 12:39:00,2010-12-02 18:27:00,5,2053.02,1047,43,372,410.604,0.40910618279569894,2014.3879032258067,2014.3879032258067,3,4,4,11,0,Champions
17086,2011-12-02 13:54:00,2011-10-07 11:22:00,6,2050.08,1859,7,64,341.68,2.853515625,11691.8625,11691.8625,5,5,4,14,0,Champions
17612,2011-10-17 14:59:00,2011-02-15 10:40:00,6,2048.45,1808,53,298,341.4083333333333,0.6128355704697986,2509.00755033557,2509.00755033557,3,5,4,12,0,Champions
14232,2011-10-28 11:09:00,2011-03-20 12:44:00,5,2048.07,1941,43,265,409.61400000000003,0.5742924528301887,2820.926603773585,2820.926603773585,3,4,4,11,0,Champions
17625,2011-11-21 13:36:00,2011-03-27 12:21:00,4,2047.0,1198,18,258,511.75,0.47189922480620156,2895.9496124031007,2895.9496124031007,4,4,4,12,0,Champions
13495,2011-12-02 11:21:00,2010-12-06 15:14:00,5,2044.8700000000001,829,8,368,408.97400000000005,0.4135529891304348,2028.1998641304351,2028.1998641304351,5,4,4,13,0,Champions
17597,2011-05-10 11:54:00,2011-05-10 11:54:00,1,2044.3700000000001,1176,214,214,2044.3700000000001,0.14223130841121495,3486.892757009346,3486.892757009346,1,2,4,7,1,At Risk
17090,2011-12-05 13:44:00,2010-12-20 13:52:00,7,2043.95,921,4,354,291.99285714285713,0.6018714689265536,2107.462570621469,2107.462570621469,5,5,4,14,0,Champions
13450,2011-11-13 11:54:00,2011-05-05 19:48:00,6,2043.7199999999998,1982,27,218,340.61999999999995,0.8377293577981652,3421.8247706422017,3421.8247706422017,4,5,4,13,0,Champions
14001,2011-10-25 10:31:00,2010-12-01 12:58:00,3,2043.0800000000002,962,46,373,681.0266666666668,0.24480563002680966,1999.260589812333,1999.260589812333,3,3,4,10,0,Champions
12585,2011-04-19 13:39:00,2010-12-23 12:58:00,2,2040.1,1279,234,351,1020.05,0.17343304843304844,2121.47150997151,2121.47150997151,1,2,4,7,1,At Risk
13593,2011-08-23 13:35:00,2011-01-07 16:32:00,5,2037.0800000000002,731,108,336,407.41600000000005,0.4529389880952381,2212.8994047619053,2212.8994047619053,2,4,4,10,0,Champions
18069,2011-11-13 16:03:00,2011-01-16 15:50:00,5,2036.67,1311,26,327,407.334,0.4654051987767584,2273.347247706422,2273.347247706422,4,4,4,12,0,Champions
17846,2011-09-15 15:20:00,2011-09-15 15:20:00,1,2033.1,1,85,85,2033.1,0.35808823529411765,8730.370588235293,8730.370588235293,2,2,4,8,2,Loyal Customers
13630,2011-12-04 15:16:00,2011-02-27 12:49:00,7,2031.78,1391,5,286,290.2542857142857,0.7449737762237761,2593.005944055944,2593.005944055944,5,5,4,14,0,Champions
16409,2011-11-03 16:45:00,2011-01-26 14:51:00,5,2028.88,1306,36,317,405.776,0.4800867507886435,2336.092113564669,2336.092113564669,3,4,4,11,0,Champions
17337,2011-07-11 14:55:00,2011-02-02 17:06:00,4,2027.8700000000001,1269,151,310,506.96750000000003,0.392741935483871,2387.653387096774,2387.653387096774,2,4,4,10,0,Champions
16358,2011-12-08 15:09:00,2011-06-08 15:05:00,4,2027.5,1302,1,184,506.875,0.6616847826086957,4021.9429347826085,4021.9429347826085,5,4,4,13,0,Champions
14544,2011-11-15 15:06:00,2010-12-13 12:50:00,2,2024.45,1543,24,362,1012.225,0.16816298342541436,2041.2272099447514,2041.2272099447514,4,3,4,11,2,Loyal Customers
15341,2011-09-20 09:40:00,2011-09-20 09:40:00,1,2020.52,812,81,81,2020.52,0.3757716049382716,9104.812345679013,9104.812345679013,2,1,4,7,2,Loyal Customers
14506,2011-11-22 13:02:00,2010-12-05 14:25:00,5,2012.17,730,17,369,402.434,0.4124322493224932,1990.357859078591,1990.357859078591,4,4,4,12,0,Champions
15531,2011-12-01 18:43:00,2011-11-09 17:47:00,2,2007.44,1105,8,30,1003.72,2.029166666666667,24423.853333333333,24423.853333333333,5,3,4,12,2,Loyal Customers
15372,2011-07-25 16:39:00,2011-07-25 16:39:00,1,2007.3999999999999,2924,137,137,2007.3999999999999,0.22217153284671531,5348.1824817518245,5348.1824817518245,2,1,4,7,2,Loyal Customers
16098,2011-09-13 09:59:00,2010-12-01 09:45:00,7,2005.63,613,88,374,286.5185714285714,0.5696858288770054,1957.366176470588,1957.366176470588,2,5,4,11,0,Champions
14730,2011-12-08 14:39:00,2011-03-08 12:49:00,8,2005.06,1132,1,277,250.6325,0.8790613718411552,2642.046570397112,2642.046570397112,5,5,4,14,0,Champions
14217,2011-12-08 11:53:00,2010-12-08 13:28:00,17,2004.98,689,2,366,117.94,1.4137636612021858,1999.501912568306,1999.501912568306,5,5,4,14,0,Champions
14462,2011-10-04 15:55:00,2011-01-04 12:45:00,11,2004.02,964,66,340,182.18363636363637,0.9847426470588235,2151.374411764706,2151.374411764706,3,5,4,12,0,Champions
17082,2011-11-06 15:17:00,2011-01-25 14:36:00,2,2003.85,1049,33,318,1001.925,0.1914308176100629,2300.0165094339623,2300.0165094339623,3,3,4,10,2,Loyal Customers
16754,2010-12-02 17:38:00,2010-12-02 17:38:00,1,2002.4,4280,372,372,2002.4,0.08182123655913978,1964.720430107527,1964.720430107527,1,2,4,7,1,At Risk
15493,2011-11-07 12:04:00,2011-03-14 11:44:00,5,2001.8,560,33,271,400.36,0.5615774907749078,2696.1512915129156,2696.1512915129156,3,4,4,11,0,Champions
18188,2011-11-24 16:46:00,2011-02-22 14:43:00,3,2001.04,1168,15,290,667.0133333333333,0.3148706896551724,2518.5503448275863,2518.5503448275863,4,4,4,12,0,Champions
13305,2011-12-05 15:15:00,2010-12-02 12:10:00,10,2000.86,1232,4,373,200.08599999999998,0.8160187667560322,1957.946112600536,1957.946112600536,5,5,4,14,0,Champions
16698,2011-04-27 10:52:00,2011-03-31 13:33:00,2,1998.0,840,227,253,999.0,0.24061264822134387,2882.490118577075,2882.490118577075,1,3,4,8,1,At Risk
17827,2011-12-04 15:00:00,2010-12-10 10:18:00,5,1995.46,1247,5,365,399.092,0.4169520547945206,1995.46,1995.46,5,4,4,13,0,Champions
18204,2011-09-29 16:44:00,2011-05-31 15:26:00,3,1993.7,1200,71,192,664.5666666666667,0.4755859375,3790.106770833334,3790.106770833334,3,4,4,11,0,Champions
17679,2011-10-18 07:43:00,2011-09-15 10:35:00,2,1992.1100000000001,729,53,86,996.0550000000001,0.7078488372093023,8454.88546511628,8454.88546511628,3,3,4,10,2,Loyal Customers
17088,2011-11-11 14:23:00,2011-03-31 09:48:00,4,1991.01,868,28,254,497.7525,0.47933070866141736,2861.0970472440945,2861.0970472440945,4,4,4,12,0,Champions
13246,2011-11-21 16:50:00,2011-01-13 13:36:00,6,1987.3,1602,18,330,331.21666666666664,0.5534090909090909,2198.074242424242,2198.074242424242,4,5,4,13,0,Champions
13590,2011-11-28 12:54:00,2011-02-09 13:25:00,6,1981.92,1848,11,303,330.32,0.6027227722772278,2387.461386138614,2387.461386138614,5,5,4,14,0,Champions
13725,2011-10-21 10:03:00,2011-02-04 12:18:00,8,1980.56,806,50,309,247.57,0.7880258899676376,2339.49644012945,2339.49644012945,3,5,4,12,0,Champions
17422,2011-11-23 13:27:00,2011-02-16 14:44:00,6,1979.37,2253,16,296,329.895,0.6169763513513513,2440.7771959459456,2440.7771959459456,4,5,4,13,0,Champions
16341,2011-11-15 09:12:00,2011-05-22 13:20:00,4,1971.87,1398,25,201,492.9675,0.6057213930348259,3580.75895522388,3580.75895522388,4,4,4,12,0,Champions
17997,2011-09-26 16:13:00,2011-06-28 17:28:00,8,1970.6699999999998,2298,74,164,246.33374999999998,1.4847560975609757,4385.9423780487805,4385.9423780487805,2,5,4,11,0,Champions
12674,2011-11-01 12:12:00,2011-05-16 09:10:00,4,1970.6,1133,39,208,492.65,0.5853365384615384,3458.0240384615386,3458.0240384615386,3,4,4,11,0,Champions
17790,2011-11-13 11:30:00,2010-12-10 10:47:00,14,1965.55,836,27,365,140.39642857142857,1.1674657534246575,1965.55,1965.55,4,5,4,13,0,Champions
17218,2011-12-05 13:52:00,2010-12-06 15:25:00,10,1960.72,958,4,368,196.072,0.8271059782608696,1944.7358695652176,1944.7358695652176,5,5,4,14,0,Champions
15351,2011-11-27 12:52:00,2010-12-05 11:49:00,7,1960.1100000000001,753,12,370,280.0157142857143,0.5758445945945946,1933.6220270270271,1933.6220270270271,5,5,4,14,0,Champions
14498,2011-10-28 12:09:00,2010-12-13 11:29:00,5,1957.32,1098,43,362,391.464,0.4204074585635359,1973.5408839779004,1973.5408839779004,3,4,4,11,0,Champions
12853,2011-07-28 11:29:00,2011-01-28 10:28:00,6,1957.1000000000001,800,135,316,326.18333333333334,0.5779272151898734,2260.5743670886077,2260.5743670886077,2,5,4,11,0,Champions
17554,2011-12-08 14:15:00,2011-07-14 20:01:00,5,1952.45,1763,1,148,390.49,1.0282939189189189,4815.163851351352,4815.163851351352,5,4,4,13,0,Champions
14533,2011-11-15 12:05:00,2010-12-22 11:07:00,7,1949.72,4019,25,353,278.5314285714286,0.6035764872521246,2015.9994334277621,2015.9994334277621,4,5,4,13,0,Champions
14653,2011-12-08 13:45:00,2011-01-05 13:40:00,7,1947.55,950,1,338,278.2214285714286,0.630362426035503,2103.1235207100594,2103.1235207100594,5,5,4,14,0,Champions
15814,2011-11-23 08:17:00,2011-10-20 09:04:00,4,1945.33,1271,17,51,486.3325,2.3872549019607843,13922.459803921567,13922.459803921567,4,4,4,12,0,Champions
15518,2011-10-06 13:05:00,2011-01-11 12:55:00,8,1942.45,1273,64,332,242.80625,0.733433734939759,2135.5248493975905,2135.5248493975905,3,5,4,12,0,Champions
14418,2011-12-06 11:39:00,2011-08-23 17:18:00,3,1937.25,1711,4,108,645.75,0.845486111111111,6547.1875,6547.1875,5,3,4,12,0,Champions
14472,2011-08-28 11:01:00,2010-12-19 14:03:00,8,1936.84,1160,104,355,242.105,0.6859154929577465,1991.3988732394366,1991.3988732394366,2,5,4,11,0,Champions
15864,2011-11-17 13:32:00,2011-01-27 16:43:00,6,1936.3200000000002,1192,22,316,322.72,0.5779272151898734,2236.5721518987343,2236.5721518987343,4,5,4,13,0,Champions
15157,2011-12-06 11:28:00,2010-12-16 13:44:00,3,1936.07,2392,4,358,645.3566666666667,0.25506284916201116,1973.926117318436,1973.926117318436,5,3,4,12,0,Champions
12528,2011-11-30 14:40:00,2011-01-31 09:05:00,6,1933.48,756,9,313,322.24666666666667,0.5834664536741214,2254.6971246006387,2254.6971246006387,5,5,4,14,0,Champions
14655,2011-12-01 16:28:00,2011-05-01 14:59:00,4,1932.23,1089,8,222,483.0575,0.5484234234234234,3176.8646396396393,3176.8646396396393,5,4,4,13,0,Champions
14978,2011-09-28 13:07:00,2011-01-13 12:03:00,5,1931.42,525,72,331,386.284,0.45978096676737157,2129.8135951661634,2129.8135951661634,2,4,4,10,0,Champions
16983,2011-11-27 12:10:00,2010-12-05 12:34:00,7,1931.25,1379,13,370,275.89285714285717,0.5758445945945946,1905.1520270270273,1905.1520270270273,5,5,4,14,0,Champions
13094,2011-11-18 14:07:00,2010-12-06 10:34:00,12,1927.3200000000002,1716,21,369,160.61,0.9898373983739838,1906.4276422764228,1906.4276422764228,4,5,4,13,0,Champions
16942,2011-11-27 12:40:00,2011-04-26 11:59:00,9,1920.59,811,13,228,213.39888888888888,1.2014802631578947,3074.6287280701754,3074.6287280701754,5,5,4,14,0,Champions
15021,2011-12-01 11:53:00,2010-12-08 12:17:00,9,1914.82,847,9,367,212.75777777777776,0.7464237057220708,1904.385013623978,1904.385013623978,5,5,4,14,0,Champions
17368,2011-11-16 15:26:00,2011-01-06 11:57:00,8,1912.67,1391,23,338,239.08375,0.720414201183432,2065.45724852071,2065.45724852071,4,5,4,13,0,Champions
14285,2011-11-18 14:50:00,2011-06-16 12:36:00,4,1910.01,541,21,177,477.5025,0.6878531073446328,3938.721186440678,3938.721186440678,4,4,4,12,0,Champions
16426,2011-12-07 14:01:00,2011-03-08 15:45:00,10,1908.25,1243,2,276,190.825,1.102807971014493,2523.5914855072465,2523.5914855072465,5,5,4,14,0,Champions
17228,2011-11-24 10:24:00,2010-12-02 16:00:00,8,1906.09,1532,16,372,238.26125,0.6545698924731183,1870.2227150537633,1870.2227150537633,4,5,4,13,0,Champions
14210,2011-08-26 12:36:00,2010-12-03 12:43:00,6,1905.8400000000001,760,106,372,317.64000000000004,0.4909274193548387,1869.977419354839,1869.977419354839,2,5,4,11,0,Champions
15819,2011-10-21 14:50:00,2011-03-08 09:45:00,4,1905.45,1357,49,277,476.3625,0.4395306859205776,2510.7915162454874,2510.7915162454874,3,4,4,11,0,Champions
14250,2011-12-02 14:30:00,2011-09-11 13:44:00,3,1904.05,1200,7,89,634.6833333333333,1.0259831460674158,7808.744382022471,7808.744382022471,5,3,4,12,0,Champions
12762,2011-12-02 10:23:00,2011-11-14 14:23:00,2,1898.52,1227,8,25,949.26,2.435,27718.392000000003,27718.392000000003,5,2,4,11,2,Loyal Customers
17463,2011-11-23 13:40:00,2011-01-30 15:48:00,5,1896.41,1095,16,313,379.28200000000004,0.4862220447284345,2211.468530351438,2211.468530351438,4,4,4,12,0,Champions
17870,2011-12-07 15:07:00,2010-12-08 08:12:00,12,1894.35,1401,2,367,157.86249999999998,0.9952316076294278,1884.0265667574931,1884.0265667574931,5,5,4,14,0,Champions
14934,2011-09-19 10:10:00,2011-03-02 11:48:00,2,1890.94,1042,82,283,945.47,0.2151060070671378,2438.844876325088,2438.844876325088,2,3,4,9,2,Loyal Customers
12371,2011-10-26 10:16:00,2011-10-11 10:43:00,2,1887.96,591,45,60,943.98,1.0145833333333334,11485.09,11485.09,3,2,4,9,2,Loyal Customers
15641,2011-08-26 14:04:00,2010-12-15 14:45:00,4,1887.2,1562,105,359,471.8,0.33913649025069637,1918.7409470752089,1918.7409470752089,2,4,4,10,0,Champions
16170,2011-10-20 08:21:00,2011-04-05 13:42:00,6,1885.05,1770,51,248,314.175,0.7363911290322581,2774.3679435483878,2774.3679435483878,3,5,4,12,0,Champions
13890,2011-12-08 15:36:00,2010-12-16 09:31:00,10,1883.8100000000002,831,1,359,188.38100000000003,0.8478412256267409,1915.2942896935938,1915.2942896935938,5,5,4,14,0,Champions
16128,2011-11-22 11:14:00,2011-03-02 12:21:00,5,1880.22,988,18,283,376.044,0.5377650176678446,2425.018727915194,2425.018727915194,4,4,4,12,0,Champions
17738,2011-11-20 15:05:00,2011-03-02 16:26:00,4,1879.05,1029,19,282,469.7625,0.43173758865248224,2432.103723404255,2432.103723404255,4,4,4,12,0,Champions
15367,2011-10-13 14:13:00,2011-03-09 13:53:00,4,1877.59,1057,57,275,469.3975,0.44272727272727275,2492.074,2492.074,3,4,4,11,0,Champions
17293,2011-12-01 14:37:00,2010-12-13 14:55:00,9,1875.1100000000001,1140,8,361,208.34555555555556,0.7588296398891966,1895.8868421052632,1895.8868421052632,5,5,4,14,0,Champions
16986,2011-11-10 11:55:00,2011-11-09 15:52:00,2,1873.2,1040,30,30,936.6,2.029166666666667,22790.6,22790.6,4,3,4,11,2,Loyal Customers
13982,2011-10-31 16:24:00,2010-12-09 13:57:00,4,1871.81,1136,39,365,467.9525,0.3335616438356165,1871.8100000000002,1871.8100000000002,3,4,4,11,0,Champions
16474,2011-12-02 13:02:00,2011-07-17 14:51:00,7,1871.5,943,7,145,267.35714285714283,1.4693965517241379,4711.01724137931,4711.01724137931,5,5,4,14,0,Champions
17469,2011-11-23 13:15:00,2011-05-19 08:55:00,5,1870.97,787,16,205,374.194,0.7423780487804877,3331.239268292683,3331.239268292683,4,4,4,12,0,Champions
16841,2011-11-03 11:51:00,2011-02-25 12:40:00,6,1869.82,2250,37,288,311.63666666666666,0.6341145833333334,2369.7371527777777,2369.7371527777777,3,5,4,12,0,Champions
14524,2011-11-08 12:29:00,2010-12-14 11:01:00,9,1867.68,676,32,361,207.52,0.7588296398891966,1888.3745152354572,1888.3745152354572,4,5,4,13,0,Champions
17787,2011-07-10 11:24:00,2010-12-03 13:43:00,4,1865.19,910,153,371,466.2975,0.32816711590296493,1835.0252021563342,1835.0252021563342,2,4,4,10,0,Champions
16201,2011-12-06 16:02:00,2011-08-22 10:47:00,4,1863.47,1286,3,110,465.8675,1.106818181818182,6183.332272727273,6183.332272727273,5,4,4,13,0,Champions
14887,2011-09-21 15:32:00,2011-09-21 15:32:00,1,1862.0,1100,79,79,1862.0,0.3852848101265823,8602.911392405063,8602.911392405063,2,1,4,7,2,Loyal Customers
12423,2011-12-09 10:10:00,2010-12-21 10:54:00,8,1859.31,1339,1,354,232.41375,0.6878531073446328,1917.0851694915254,1917.0851694915254,5,5,4,14,0,Champions
17873,2011-09-20 16:41:00,2010-12-01 14:54:00,5,1859.16,1047,80,373,371.832,0.4080093833780161,1819.2852546916888,1819.2852546916888,2,4,4,10,0,Champions
14305,2011-09-29 15:29:00,2011-07-27 14:14:00,3,1858.96,1089,71,135,619.6533333333333,0.6763888888888889,5026.077037037037,5026.077037037037,3,3,4,10,2,Loyal Customers
12963,2011-12-01 12:55:00,2010-12-09 09:14:00,8,1856.63,881,8,366,232.07875,0.6653005464480874,1851.5572404371587,1851.5572404371587,5,5,4,14,0,Champions
16979,2011-12-06 12:21:00,2011-02-15 09:20:00,6,1852.0,865,4,298,308.6666666666667,0.6128355704697986,2268.3892617449665,2268.3892617449665,5,5,4,14,0,Champions
13421,2011-10-30 14:21:00,2011-02-22 15:46:00,2,1851.08,1181,40,290,925.54,0.20991379310344827,2329.8075862068963,2329.8075862068963,3,2,4,9,2,Loyal Customers
12383,2011-06-08 08:02:00,2010-12-22 14:28:00,5,1850.56,1532,185,352,370.11199999999997,0.43235085227272724,1918.9045454545455,1918.9045454545455,1,4,4,9,0,Champions
12381,2011-12-05 12:44:00,2011-08-12 09:57:00,5,1845.31,808,5,120,369.062,1.2682291666666667,5612.817916666667,5612.817916666667,5,4,4,13,0,Champions
17519,2011-11-22 16:43:00,2010-12-06 15:18:00,6,1844.02,1236,17,368,307.33666666666664,0.49626358695652173,1828.9872282608696,1828.9872282608696,4,5,4,13,0,Champions
18180,2011-12-05 08:39:00,2011-07-20 08:59:00,6,1843.75,1721,5,143,307.2916666666667,1.277097902097902,4706.075174825175,4706.075174825175,5,5,4,14,0,Champions
12950,2011-12-07 13:17:00,2011-11-15 13:48:00,3,1843.0,1380,2,24,614.3333333333334,3.8046875,28028.958333333332,28028.958333333332,5,3,4,12,0,Champions
17015,2011-11-11 10:45:00,2011-06-07 13:19:00,3,1842.56,1981,29,185,614.1866666666666,0.49358108108108106,3635.321081081081,3635.321081081081,4,4,4,12,0,Champions
16102,2011-10-28 13:19:00,2011-08-03 12:50:00,3,1842.14,942,42,129,614.0466666666667,0.7078488372093024,5212.256589147288,5212.256589147288,3,4,4,11,2,Loyal Customers
16455,2011-10-07 12:17:00,2010-12-03 16:44:00,7,1841.18,988,64,371,263.0257142857143,0.5742924528301887,1811.403504043127,1811.403504043127,3,5,4,12,0,Champions
14113,2011-12-06 12:18:00,2010-12-20 12:14:00,4,1840.42,745,4,355,460.105,0.3429577464788732,1892.2628169014085,1892.2628169014085,5,4,4,13,0,Champions
14216,2011-12-06 14:56:00,2011-11-02 10:51:00,4,1839.3,594,3,38,459.825,3.2039473684210527,17666.96052631579,17666.96052631579,5,4,4,13,0,Champions
13924,2011-12-08 09:39:00,2011-09-28 15:07:00,6,1838.8500000000001,1575,2,72,306.475,2.5364583333333335,9321.947916666666,9321.947916666666,5,5,4,14,0,Champions
14459,2011-07-07 13:35:00,2011-07-07 13:35:00,1,1837.92,760,155,155,1837.92,0.1963709677419355,4328.005161290323,4328.005161290323,2,1,4,7,2,Loyal Customers
18287,2011-10-28 09:29:00,2011-05-22 10:39:00,3,1837.28,1586,43,202,612.4266666666666,0.45204207920792083,3319.837623762376,3319.837623762376,3,4,4,11,2,Loyal Customers
13650,2011-11-23 12:22:00,2011-03-17 12:37:00,6,1836.34,922,17,268,306.0566666666667,0.681436567164179,2500.9854477611943,2500.9854477611943,4,5,4,13,0,Champions
15827,2011-09-27 15:35:00,2010-12-02 13:06:00,14,1836.0900000000001,882,73,372,131.14928571428572,1.145497311827957,1801.539919354839,1801.539919354839,2,5,4,11,0,Champions
13048,2011-11-25 13:23:00,2011-01-16 14:36:00,4,1835.91,1238,14,327,458.9775,0.3723241590214067,2049.257339449541,2049.257339449541,4,4,4,12,0,Champions
14665,2011-10-10 09:14:00,2011-02-02 09:08:00,5,1835.7,740,61,311,367.14,0.48934887459807075,2154.438906752411,2154.438906752411,3,4,4,11,0,Champions
16152,2011-03-16 09:47:00,2011-03-16 09:47:00,1,1829.04,642,269,269,1829.04,0.11315055762081784,2481.782899628253,2481.782899628253,1,2,4,7,1,At Risk
15203,2011-11-14 08:16:00,2011-02-01 12:29:00,6,1827.8,1753,26,312,304.6333333333333,0.5853365384615385,2138.2916666666665,2138.2916666666665,4,5,4,13,0,Champions
18122,2011-12-01 13:08:00,2011-07-12 11:37:00,6,1826.21,1234,8,151,304.36833333333334,1.2094370860927153,4414.348675496689,4414.348675496689,5,5,4,14,0,Champions
17702,2011-11-09 16:03:00,2011-05-17 16:23:00,4,1824.37,1353,30,206,456.0925,0.5910194174757282,3232.5002427184463,3232.5002427184463,4,4,4,12,0,Champions
16153,2011-10-21 10:50:00,2010-12-20 09:22:00,5,1824.23,1073,50,355,364.846,0.42869718309859156,1875.6167605633802,1875.6167605633802,3,4,4,11,0,Champions
17705,2011-12-06 13:45:00,2011-02-11 10:57:00,9,1823.52,963,3,302,202.61333333333334,0.9070778145695365,2203.9231788079474,2203.9231788079474,5,5,4,14,0,Champions
16169,2011-12-01 15:28:00,2011-09-25 11:33:00,4,1822.97,1325,8,76,455.7425,1.6019736842105263,8755.053289473684,8755.053289473684,5,4,4,13,0,Champions
17828,2011-11-17 08:41:00,2011-06-08 08:31:00,4,1820.09,667,23,185,455.0225,0.658108108108108,3590.9883783783785,3590.9883783783785,4,4,4,12,0,Champions
17629,2011-12-04 10:56:00,2010-12-15 09:58:00,8,1814.12,1629,6,360,226.765,0.6763888888888889,1839.316111111111,1839.316111111111,5,5,4,14,0,Champions
15260,2011-08-31 13:55:00,2010-12-02 12:09:00,7,1810.77,885,100,373,258.68142857142857,0.5712131367292226,1771.9331099195713,1771.9331099195713,2,5,4,11,0,Champions
13481,2011-10-25 09:07:00,2011-03-28 09:07:00,5,1804.56,1142,46,257,360.912,0.5921692607003891,2562.8964980544747,2562.8964980544747,3,4,4,11,0,Champions
17663,2011-11-14 08:56:00,2011-02-25 14:11:00,7,1802.91,797,26,287,257.55857142857144,0.7423780487804877,2292.8994773519166,2292.8994773519166,4,5,4,13,0,Champions
15812,2011-08-24 14:19:00,2011-01-26 12:12:00,5,1801.14,922,107,318,360.228,0.4785770440251572,2067.3462264150944,2067.3462264150944,2,4,4,10,0,Champions
16249,2011-10-18 10:07:00,2011-04-14 13:50:00,5,1800.07,950,53,239,360.014,0.6367677824267782,2749.0608786610883,2749.0608786610883,3,4,4,11,0,Champions
13562,2011-09-19 10:51:00,2011-04-08 12:42:00,3,1799.33,757,82,246,599.7766666666666,0.37118902439024387,2669.737601626016,2669.737601626016,2,3,4,9,2,Loyal Customers
13196,2011-11-28 13:54:00,2011-03-22 14:24:00,4,1797.78,1224,11,262,449.445,0.46469465648854963,2504.5408396946564,2504.5408396946564,5,4,4,13,0,Champions
17750,2011-12-04 14:09:00,2011-06-28 15:44:00,9,1797.57,3957,5,164,199.73,1.6703506097560976,4000.689329268292,4000.689329268292,5,5,4,14,0,Champions
17648,2011-10-10 09:41:00,2011-04-04 10:29:00,4,1797.5,487,61,250,449.375,0.48700000000000004,2624.35,2624.35,3,4,4,11,0,Champions
12348,2011-09-25 13:13:00,2010-12-16 19:09:00,4,1797.24,2341,75,358,449.31,0.34008379888268153,1832.38156424581,1832.38156424581,2,4,4,10,0,Champions
18235,2011-09-29 08:27:00,2011-05-06 13:35:00,3,1796.48,1578,72,217,598.8266666666667,0.420794930875576,3021.7290322580643,3021.7290322580643,3,4,4,11,2,Loyal Customers
13134,2011-09-15 10:35:00,2011-04-13 12:57:00,4,1793.58,1059,86,240,448.395,0.5072916666666667,2727.73625,2727.73625,2,4,4,10,0,Champions
18179,2011-11-30 16:23:00,2011-01-07 14:22:00,6,1793.17,1360,9,336,298.8616666666667,0.5435267857142857,1947.937648809524,1947.937648809524,5,5,4,14,0,Champions
13510,2011-12-08 13:46:00,2011-06-09 09:32:00,4,1791.56,1386,1,184,447.89,0.6616847826086957,3553.909782608696,3553.909782608696,5,4,4,13,0,Champions
16719,2011-11-25 09:27:00,2010-12-06 12:06:00,7,1790.42,1204,15,369,255.77428571428572,0.5774051490514905,1771.0116531165313,1771.0116531165313,4,5,4,13,0,Champions
12523,2011-11-20 12:55:00,2011-01-12 09:43:00,11,1789.77,865,19,332,162.70636363636365,1.0084713855421688,1967.668825301205,1967.668825301205,4,5,4,13,0,Champions
14215,2011-11-28 12:19:00,2010-12-06 15:34:00,6,1789.72,1358,12,368,298.2866666666667,0.49626358695652173,1775.129891304348,1775.129891304348,5,5,4,14,0,Champions
14621,2011-12-08 16:22:00,2010-12-16 13:00:00,5,1788.3600000000001,993,1,358,357.672,0.42510474860335196,1823.327932960894,1823.327932960894,5,4,4,13,0,Champions
13875,2011-10-17 09:36:00,2011-02-11 15:39:00,5,1786.79,1316,54,301,357.358,0.5056063122923588,2166.705481727575,2166.705481727575,3,4,4,11,0,Champions
14608,2011-12-05 16:52:00,2010-12-12 14:49:00,4,1785.15,437,4,362,446.2875,0.3363259668508287,1799.9440607734807,1799.9440607734807,5,4,4,13,0,Champions
14935,2011-02-15 14:44:00,2011-02-15 14:44:00,1,1784.71,935,297,297,1784.71,0.10248316498316498,2193.3304713804714,2193.3304713804714,1,1,4,6,1,At Risk
15050,2011-11-14 16:17:00,2011-09-29 13:22:00,3,1782.09,1224,25,71,594.03,1.2860915492957747,9161.448591549295,9161.448591549295,4,3,4,11,2,Loyal Customers
16380,2011-10-09 15:40:00,2011-10-09 15:40:00,1,1780.59,1524,61,61,1780.59,0.4989754098360656,10654.35,10654.35,3,2,4,9,2,Loyal Customers
15220,2011-10-19 12:39:00,2011-03-04 10:24:00,6,1778.96,1393,52,281,296.49333333333334,0.6499110320284698,2310.748754448399,2310.748754448399,3,5,4,12,0,Champions
17092,2011-10-20 19:51:00,2011-03-07 14:51:00,4,1777.78,1131,50,277,444.445,0.4395306859205776,2342.562093862816,2342.562093862816,3,4,4,11,0,Champions
12645,2011-11-06 12:38:00,2011-01-27 13:08:00,4,1775.18,1084,34,316,443.795,0.3852848101265823,2050.445253164557,2050.445253164557,3,4,4,11,0,Champions
17754,2011-12-09 11:20:00,2011-03-24 13:54:00,5,1772.26,1869,1,260,354.452,0.5853365384615384,2487.9803846153845,2487.9803846153845,5,4,4,13,0,Champions
15594,2011-11-24 08:53:00,2011-04-19 10:08:00,5,1771.78,983,16,235,354.356,0.6476063829787234,2751.9136170212764,2751.9136170212764,4,4,4,12,0,Champions
15473,2011-11-25 15:15:00,2011-10-10 11:12:00,7,1771.2,672,14,61,253.02857142857144,3.492827868852459,10598.16393442623,10598.16393442623,4,5,4,13,0,Champions
17813,2011-11-25 16:13:00,2011-09-29 15:57:00,5,1770.8799999999999,790,14,71,354.176,2.143485915492958,9103.819718309858,9103.819718309858,4,4,4,12,0,Champions
14387,2011-11-07 12:29:00,2011-08-22 14:13:00,3,1770.56,819,33,109,590.1866666666666,0.8377293577981652,5928.939449541284,5928.939449541284,3,3,4,10,2,Loyal Customers
16681,2011-09-28 11:11:00,2011-03-31 13:46:00,6,1770.34,1407,73,253,295.0566666666667,0.7218379446640316,2554.047826086957,2554.047826086957,2,5,4,11,0,Champions
13456,2011-11-22 09:18:00,2011-05-16 15:34:00,6,1766.72,765,18,207,294.4533333333333,0.8822463768115941,3115.230917874396,3115.230917874396,4,5,4,13,0,Champions
15950,2011-11-08 11:09:00,2010-12-15 11:56:00,4,1765.51,729,32,360,441.3775,0.33819444444444446,1790.0309722222223,1790.0309722222223,4,4,4,12,0,Champions
16751,2011-11-09 10:48:00,2011-11-09 10:48:00,1,1764.72,1031,31,31,1764.72,0.9818548387096774,20778.154838709677,20778.154838709677,4,2,4,10,2,Loyal Customers
12424,2011-06-30 12:06:00,2011-06-30 12:06:00,2,1760.96,740,163,163,880.48,0.3734662576687116,3943.2539877300615,3943.2539877300615,2,2,4,8,2,Loyal Customers
12823,2011-09-26 07:35:00,2011-02-16 12:15:00,5,1759.5,230,75,297,351.9,0.5124158249158249,2162.348484848485,2162.348484848485,2,4,4,10,0,Champions
12349,2011-11-21 09:51:00,2011-11-21 09:51:00,1,1757.55,631,19,19,1757.55,1.6019736842105263,33763.46052631579,33763.46052631579,4,1,4,9,2,Loyal Customers
15241,2011-10-04 09:05:00,2011-03-01 11:02:00,8,1756.44,1818,67,284,219.555,0.8573943661971831,2257.396478873239,2257.396478873239,3,5,4,12,0,Champions
16359,2011-12-02 17:04:00,2011-01-12 10:49:00,9,1750.92,1183,7,332,194.54666666666668,0.8251129518072289,1924.9572289156629,1924.9572289156629,5,5,4,14,0,Champions
13564,2011-07-18 14:33:00,2010-12-06 17:26:00,3,1749.02,661,144,368,583.0066666666667,0.24813179347826086,1734.7616847826089,1734.7616847826089,2,3,4,9,2,Loyal Customers
13808,2011-12-04 12:18:00,2011-09-04 12:07:00,5,1747.66,782,6,97,349.53200000000004,1.5689432989690721,6576.246391752578,6576.246391752578,5,4,4,13,0,Champions
15067,2011-09-22 13:20:00,2011-03-02 12:10:00,3,1744.76,954,78,283,581.5866666666667,0.32265901060070673,2250.308833922262,2250.308833922262,2,3,4,9,2,Loyal Customers
13157,2011-10-21 13:50:00,2011-02-14 14:03:00,4,1741.22,1439,49,298,435.305,0.4085570469798658,2132.7023489932885,2132.7023489932885,3,4,4,11,0,Champions
14595,2011-11-20 12:12:00,2011-01-30 13:36:00,6,1740.6,978,20,313,290.09999999999997,0.5834664536741214,2029.7731629392972,2029.7731629392972,4,5,4,13,0,Champions
17930,2011-11-04 10:23:00,2011-04-14 15:46:00,5,1740.48,1594,36,239,348.096,0.6367677824267782,2658.055230125523,2658.055230125523,3,4,4,11,0,Champions
17353,2011-08-02 17:19:00,2011-07-08 16:17:00,2,1740.0,1200,129,154,870.0,0.39529220779220775,4124.025974025974,4124.025974025974,2,3,4,9,2,Loyal Customers
17457,2011-08-05 12:48:00,2011-01-04 14:33:00,5,1737.7,826,127,339,347.54,0.44893067846607665,1870.9749262536873,1870.9749262536873,2,4,4,10,0,Champions
14673,2011-12-06 14:31:00,2010-12-07 12:49:00,5,1736.4,1004,3,368,347.28000000000003,0.4135529891304348,1722.2445652173913,1722.2445652173913,5,4,4,13,0,Champions
17043,2011-11-07 15:33:00,2011-03-18 14:53:00,4,1735.18,998,32,266,433.795,0.45770676691729323,2380.98007518797,2380.98007518797,4,4,4,12,0,Champions
16791,2011-11-10 19:12:00,2011-01-11 15:42:00,7,1721.78,763,29,332,245.96857142857144,0.6417545180722891,1892.92078313253,1892.92078313253,4,5,4,13,0,Champions
17451,2011-12-08 15:02:00,2011-08-26 11:54:00,7,1721.4,1203,1,106,245.91428571428574,2.0100235849056602,5927.462264150943,5927.462264150943,5,5,4,14,0,Champions
14834,2011-11-22 10:30:00,2011-04-13 15:00:00,6,1720.3,734,18,240,286.71666666666664,0.7609375,2616.2895833333328,2616.2895833333328,4,5,4,13,0,Champions
15267,2011-11-17 15:59:00,2011-06-10 10:24:00,5,1717.36,944,22,183,343.472,0.8316256830601092,3425.3355191256824,3425.3355191256824,4,4,4,12,0,Champions
17162,2011-11-11 11:34:00,2011-02-07 12:27:00,10,1715.46,1001,29,306,171.546,0.9946895424836601,2046.2186274509804,2046.2186274509804,4,5,4,13,0,Champions
13763,2011-10-07 15:13:00,2011-10-07 15:13:00,1,1714.96,728,63,63,1714.96,0.48313492063492064,9935.879365079365,9935.879365079365,3,1,4,8,2,Loyal Customers
17147,2011-11-17 12:32:00,2011-02-01 09:36:00,4,1714.59,882,23,312,428.6475,0.39022435897435903,2005.8504807692307,2005.8504807692307,4,4,4,12,0,Champions
14441,2011-12-09 09:07:00,2011-03-29 12:01:00,4,1712.89,446,1,256,428.2225,0.4755859375,2442.2064453125004,2442.2064453125004,5,4,4,13,0,Champions
12405,2011-07-14 08:52:00,2011-07-14 08:52:00,1,1710.39,857,149,149,1710.39,0.2042785234899329,4189.881543624162,4189.881543624162,2,1,4,7,2,Loyal Customers
15947,2011-09-18 10:46:00,2011-09-18 10:46:00,1,1708.24,898,83,83,1708.24,0.3667168674698795,7512.139759036144,7512.139759036144,2,2,4,8,2,Loyal Customers
12407,2011-10-21 10:11:00,2011-03-20 13:21:00,5,1708.1200000000001,1416,50,264,341.624,0.576467803030303,2361.6053030303033,2361.6053030303033,3,4,4,11,0,Champions
16902,2011-08-15 14:17:00,2011-08-15 14:17:00,1,1706.88,629,116,116,1706.88,0.26239224137931033,5370.786206896552,5370.786206896552,2,2,4,8,2,Loyal Customers
15240,2011-10-26 09:50:00,2011-02-01 08:23:00,5,1706.57,1369,45,312,341.31399999999996,0.48778044871794873,1996.4681089743588,1996.4681089743588,3,4,4,11,0,Champions
16398,2011-07-08 15:16:00,2011-03-31 09:38:00,2,1705.8,758,154,254,852.9,0.23966535433070868,2451.248031496063,2451.248031496063,2,3,4,9,2,Loyal Customers
17282,2011-08-01 14:29:00,2011-02-13 11:36:00,3,1703.41,1877,130,300,567.8033333333334,0.304375,2072.482166666667,2072.482166666667,2,4,4,10,2,Loyal Customers
12843,2011-10-05 12:09:00,2011-03-20 14:38:00,8,1702.26,781,66,264,212.7825,0.9223484848484848,2353.5034090909094,2353.5034090909094,3,5,4,12,0,Champions
16007,2011-10-23 11:05:00,2011-05-08 13:32:00,4,1701.94,1393,48,215,425.485,0.5662790697674419,2889.3399999999997,2889.3399999999997,3,4,4,11,0,Champions
13184,2011-11-25 12:02:00,2011-02-22 17:25:00,10,1701.29,1692,15,290,170.129,1.0495689655172413,2141.278793103448,2141.278793103448,4,5,4,13,0,Champions
17193,2011-11-04 12:47:00,2011-06-16 10:04:00,7,1699.3000000000002,1254,36,177,242.7571428571429,1.2037429378531073,3504.2062146892663,3504.2062146892663,3,5,4,12,0,Champions
13824,2011-11-07 12:41:00,2011-02-02 13:07:00,5,1698.94,768,33,310,339.788,0.4909274193548387,2000.3648387096773,2000.3648387096773,3,4,4,11,0,Champions
16775,2011-11-29 15:22:00,2010-12-07 15:15:00,11,1695.66,440,10,367,154.1509090909091,0.9122956403269754,1686.4193460490465,1686.4193460490465,5,5,4,14,0,Champions
12764,2011-01-27 10:19:00,2011-01-27 10:19:00,1,1693.88,386,317,317,1693.88,0.0960173501577287,1950.3665615141958,1950.3665615141958,1,1,4,6,1,At Risk
14245,2011-05-04 08:40:00,2011-03-21 10:41:00,2,1693.45,976,220,264,846.725,0.2305871212121212,2341.3229166666665,2341.3229166666665,1,3,4,8,1,At Risk
15549,2011-09-23 16:22:00,2011-01-27 15:38:00,3,1693.26,698,77,316,564.42,0.2889636075949367,1955.8224683544302,1955.8224683544302,2,3,4,9,2,Loyal Customers
16813,2011-12-01 14:03:00,2011-05-19 13:28:00,10,1692.98,1525,8,204,169.298,1.4920343137254903,3029.1063725490194,3029.1063725490194,5,5,4,14,0,Champions
16671,2011-11-11 13:40:00,2011-06-28 11:20:00,3,1692.27,875,28,165,564.09,0.5534090909090909,3743.506363636364,3743.506363636364,4,4,4,12,2,Loyal Customers
15380,2011-12-01 12:13:00,2010-12-09 15:01:00,5,1690.2600000000002,376,9,365,338.052,0.4169520547945206,1690.26,1690.26,5,4,4,13,0,Champions
17152,2011-05-29 12:19:00,2011-03-21 16:20:00,3,1689.5,517,195,263,563.1666666666666,0.34719581749049433,2344.7433460076045,2344.7433460076045,1,4,4,9,1,At Risk
12635,2011-09-11 11:04:00,2011-07-08 08:43:00,2,1689.18,1172,90,155,844.59,0.392741935483871,3977.7464516129035,3977.7464516129035,2,2,4,8,2,Loyal Customers
13162,2011-08-09 15:59:00,2011-01-09 10:43:00,4,1688.29,1713,122,335,422.0725,0.36343283582089553,1839.4801492537313,1839.4801492537313,2,4,4,10,0,Champions
13577,2011-11-14 15:19:00,2011-04-12 10:33:00,4,1687.6000000000001,791,25,242,421.90000000000003,0.503099173553719,2545.3471074380163,2545.3471074380163,4,4,4,12,0,Champions
16638,2011-11-17 11:09:00,2010-12-06 10:19:00,10,1680.72,1255,23,369,168.072,0.8248644986449865,1662.5008130081303,1662.5008130081303,4,5,4,13,0,Champions
13647,2011-11-30 12:00:00,2011-04-19 09:49:00,4,1678.1200000000001,895,10,235,419.53000000000003,0.5180851063829788,2606.44170212766,2606.44170212766,5,4,4,13,0,Champions
13149,2011-11-25 13:09:00,2011-02-23 13:57:00,4,1676.06,1280,14,289,419.015,0.421280276816609,2116.8231833910036,2116.8231833910036,4,4,4,12,0,Champions
17656,2011-09-27 13:04:00,2011-08-03 10:45:00,5,1674.69,1399,73,129,334.938,1.1797480620155039,4738.463953488372,4738.463953488372,2,4,4,10,0,Champions
16115,2011-11-30 11:32:00,2011-02-20 12:14:00,8,1667.97,1001,10,293,208.49625,0.8310580204778157,2077.846587030717,2077.846587030717,5,5,4,14,0,Champions
12912,2011-12-07 08:55:00,2011-10-30 11:35:00,5,1662.3,670,3,41,332.46,3.711890243902439,14798.524390243903,14798.524390243903,5,4,4,13,0,Champions
12530,2011-10-11 12:34:00,2011-01-07 10:04:00,4,1662.28,913,60,337,415.57,0.3612759643916914,1800.3922848664688,1800.3922848664688,3,4,4,11,0,Champions
13012,2011-11-30 13:05:00,2011-02-18 09:43:00,8,1661.8400000000001,824,9,295,207.73000000000002,0.8254237288135593,2056.1749152542375,2056.1749152542375,5,5,4,14,0,Champions
15214,2011-12-08 12:07:00,2011-04-11 09:46:00,8,1661.44,1254,2,243,207.68,1.0020576131687242,2495.5786008230452,2495.5786008230452,5,5,4,14,0,Champions
15024,2011-11-30 12:06:00,2010-12-07 13:20:00,10,1661.33,920,10,367,166.13299999999998,0.8293596730245232,1652.276430517711,1652.276430517711,5,5,4,14,0,Champions
15332,2010-12-08 14:43:00,2010-12-05 12:00:00,4,1661.06,652,366,370,415.265,0.329054054054054,1638.6132432432432,1638.6132432432432,1,4,4,9,1,At Risk
12967,2010-12-16 19:10:00,2010-12-03 09:49:00,2,1660.9,438,358,372,830.45,0.16364247311827956,1629.646505376344,1629.646505376344,1,2,4,7,1,At Risk
14045,2011-08-22 15:27:00,2010-12-01 11:32:00,4,1659.75,535,109,374,414.9375,0.3255347593582888,1619.8094919786097,1619.8094919786097,2,4,4,10,0,Champions
15953,2011-11-24 15:32:00,2010-12-05 15:15:00,8,1659.3799999999999,892,15,369,207.42249999999999,0.6598915989159891,1641.392140921409,1641.392140921409,4,5,4,13,0,Champions
15826,2011-10-14 16:05:00,2011-05-13 10:44:00,3,1654.31,963,56,211,551.4366666666666,0.432760663507109,2861.7210900473933,2861.7210900473933,3,4,4,11,2,Loyal Customers
14573,2011-06-13 11:15:00,2010-12-02 19:59:00,9,1653.42,544,180,372,183.71333333333334,0.7363911290322581,1622.3072580645162,1622.3072580645162,1,5,4,10,0,Champions
17284,2011-10-10 14:38:00,2011-01-07 14:31:00,6,1652.58,1364,60,336,275.43,0.5435267857142857,1795.2133928571427,1795.2133928571427,3,5,4,12,0,Champions
16711,2011-12-06 16:32:00,2010-12-17 12:43:00,5,1651.03,833,3,358,330.206,0.42510474860335196,1683.312709497207,1683.312709497207,5,4,4,13,0,Champions
14837,2011-09-11 10:58:00,2011-05-22 12:49:00,4,1649.5,1436,90,202,412.375,0.6027227722772277,2980.5321782178216,2980.5321782178216,2,4,4,10,0,Champions
13750,2011-10-17 12:16:00,2011-01-07 11:49:00,5,1647.26,516,54,337,329.452,0.45159495548961426,1784.1243323442138,1784.1243323442138,3,4,4,11,0,Champions
12657,2011-11-28 15:47:00,2011-09-22 11:40:00,4,1643.18,1044,11,79,410.795,1.5411392405063291,7591.90759493671,7591.90759493671,5,4,4,13,0,Champions
15002,2011-08-16 10:44:00,2010-12-07 13:16:00,4,1641.76,862,116,367,410.44,0.33174386920980925,1632.8130790190737,1632.8130790190737,2,4,4,10,0,Champions
13627,2011-10-11 14:20:00,2010-12-17 09:52:00,5,1638.47,1269,59,358,327.694,0.42510474860335196,1670.5071229050282,1670.5071229050282,3,4,4,11,0,Champions
12398,2011-10-25 10:27:00,2011-10-25 10:27:00,1,1635.6599999999999,1394,46,46,1635.6599999999999,0.6616847826086957,12978.606521739128,12978.606521739128,3,1,4,8,2,Loyal Customers
15122,2011-08-17 16:48:00,2011-02-15 09:59:00,3,1633.78,800,114,298,544.5933333333334,0.3064177852348993,2001.1063758389264,2001.1063758389264,2,3,4,9,2,Loyal Customers
14164,2011-09-30 12:24:00,2011-09-20 12:18:00,2,1631.77,1033,71,81,815.885,0.7515432098765432,7353.037654320989,7353.037654320989,3,3,4,10,2,Loyal Customers
17673,2011-12-08 12:50:00,2011-01-23 15:16:00,6,1629.12,1487,2,320,271.52,0.570703125,1858.2149999999997,1858.2149999999997,5,5,4,14,0,Champions
12377,2011-01-28 15:45:00,2010-12-20 09:37:00,2,1628.12,944,315,355,814.06,0.1714788732394366,1673.9825352112673,1673.9825352112673,1,2,4,7,1,At Risk
16515,2011-10-18 13:10:00,2011-02-01 13:09:00,5,1627.13,833,52,311,325.42600000000004,0.48934887459807075,1909.654180064309,1909.654180064309,3,4,4,11,0,Champions
14759,2011-12-05 12:03:00,2011-04-21 10:55:00,3,1625.97,569,5,233,541.99,0.3918991416309013,2547.1203862660946,2547.1203862660946,5,3,4,12,2,Loyal Customers
16987,2011-12-06 17:26:00,2011-05-18 15:55:00,7,1625.05,402,3,205,232.15,1.039329268292683,2893.381707317073,2893.381707317073,5,5,4,14,0,Champions
13425,2011-08-23 17:13:00,2011-02-18 08:34:00,3,1624.21,1123,108,295,541.4033333333333,0.3095338983050847,2009.6157627118646,2009.6157627118646,2,3,4,9,2,Loyal Customers
15172,2011-12-01 11:51:00,2011-04-17 11:56:00,5,1624.05,1611,9,237,324.81,0.6421413502109705,2501.1740506329115,2501.1740506329115,5,4,4,13,0,Champions
14937,2011-10-14 12:29:00,2011-08-01 14:16:00,3,1621.88,484,57,130,540.6266666666667,0.7024038461538461,4553.740000000001,4553.740000000001,3,3,4,10,2,Loyal Customers
17101,2011-11-29 13:57:00,2011-06-14 14:49:00,4,1621.73,815,10,178,405.4325,0.6839887640449439,3325.4575842696627,3325.4575842696627,5,4,4,13,0,Champions
14178,2011-12-01 12:01:00,2011-06-10 12:51:00,7,1620.93,1505,9,182,231.5614285714286,1.1706730769230769,3250.766208791209,3250.766208791209,5,5,4,14,0,Champions
16801,2011-06-29 15:33:00,2011-03-11 13:56:00,4,1619.73,499,163,273,404.9325,0.44597069597069594,2165.5730769230768,2165.5730769230768,2,4,4,10,0,Champions
18161,2011-11-24 16:40:00,2011-01-24 11:56:00,5,1618.69,812,15,320,323.738,0.4755859375,1846.31828125,1846.31828125,4,4,4,12,0,Champions
14336,2011-11-23 11:40:00,2011-03-08 16:48:00,4,1614.91,1759,17,276,403.7275,0.4411231884057971,2135.659963768116,2135.659963768116,4,4,4,12,0,Champions
16992,2011-11-29 11:50:00,2011-02-28 10:37:00,5,1614.31,860,11,285,322.86199999999997,0.5339912280701755,2067.449649122807,2067.449649122807,5,4,4,13,0,Champions
15791,2011-10-27 10:14:00,2011-05-19 15:15:00,2,1612.69,731,44,204,806.345,0.29840686274509803,2885.450245098039,2885.450245098039,3,3,4,10,2,Loyal Customers
14312,2011-10-24 09:46:00,2011-01-06 16:35:00,6,1611.59,1012,47,337,268.5983333333333,0.5419139465875371,1745.4906528189906,1745.4906528189906,3,5,4,12,0,Champions
13614,2011-11-15 14:47:00,2011-01-13 12:37:00,4,1610.46,570,24,331,402.615,0.36782477341389724,1775.8848942598188,1775.8848942598188,4,4,4,12,0,Champions
14918,2011-08-16 11:50:00,2011-07-08 12:50:00,2,1610.15,675,116,155,805.075,0.392741935483871,3791.643548387097,3791.643548387097,2,3,4,9,2,Loyal Customers
12868,2011-06-07 10:42:00,2010-12-01 12:50:00,6,1607.0600000000002,928,186,374,267.84333333333336,0.4883021390374332,1568.3874331550803,1568.3874331550803,1,5,4,10,0,Champions
16817,2011-12-07 11:03:00,2010-12-06 14:19:00,9,1604.75,822,3,368,178.30555555555554,0.7443953804347826,1591.6677989130435,1591.6677989130435,5,5,4,14,0,Champions
12947,2011-07-19 10:06:00,2010-12-01 16:21:00,6,1603.99,1165,144,373,267.33166666666665,0.4896112600536193,1569.5880697050939,1569.5880697050939,2,5,4,11,0,Champions
16466,2011-11-06 11:35:00,2011-02-20 11:39:00,7,1603.46,789,34,293,229.06571428571428,0.7271757679180888,1997.484300341297,1997.484300341297,3,5,4,12,0,Champions
14719,2011-12-08 12:43:00,2011-04-04 14:17:00,5,1602.13,1032,2,249,320.42600000000004,0.6111947791164659,2348.5038152610446,2348.5038152610446,5,4,4,13,0,Champions
14587,2011-11-21 11:34:00,2011-01-12 13:16:00,9,1601.14,761,19,331,177.90444444444447,0.8276057401812689,1765.607552870091,1765.607552870091,4,5,4,13,0,Champions
15660,2011-11-14 16:58:00,2010-12-09 09:49:00,9,1600.86,1050,25,366,177.87333333333333,0.7484631147540983,1596.4860655737705,1596.4860655737705,4,5,4,13,0,Champions
16496,2011-12-01 10:31:00,2011-01-27 09:42:00,3,1599.52,1111,9,317,533.1733333333333,0.2880520504731861,1841.7186119873818,1841.7186119873818,5,4,4,13,2,Loyal Customers
13850,2011-08-02 14:04:00,2011-08-02 14:04:00,1,1595.48,944,129,129,1595.48,0.23594961240310078,4514.342635658914,4514.342635658914,2,1,4,7,2,Loyal Customers
17837,2011-10-28 16:13:00,2011-06-29 16:44:00,8,1593.38,518,42,163,199.1725,1.4938650306748464,3567.998159509203,3567.998159509203,3,5,4,12,0,Champions
16332,2011-11-11 14:22:00,2011-02-07 14:16:00,7,1593.2,801,28,305,227.6,0.6985655737704918,1906.616393442623,1906.616393442623,4,5,4,13,0,Champions
16676,2011-11-06 12:01:00,2011-01-06 13:00:00,4,1592.1200000000001,636,34,337,398.03000000000003,0.3612759643916914,1724.4029673590505,1724.4029673590505,3,4,4,11,0,Champions
14970,2011-10-02 13:44:00,2011-01-27 12:23:00,4,1592.06,250,68,317,398.015,0.3840694006309148,1833.129022082019,1833.129022082019,3,4,4,11,0,Champions
15611,2011-11-30 12:36:00,2011-01-09 11:32:00,13,1591.45,504,10,335,122.41923076923078,1.1811567164179104,1733.9679104477611,1733.9679104477611,5,5,4,14,0,Champions
18178,2011-08-03 09:30:00,2010-12-10 12:42:00,4,1590.81,983,129,365,397.7025,0.3335616438356165,1590.8100000000002,1590.8100000000002,2,4,4,10,0,Champions
14442,2011-05-19 11:36:00,2011-01-27 09:33:00,2,1589.82,482,205,317,794.91,0.1920347003154574,1830.549842271293,1830.549842271293,1,3,4,8,1,At Risk
12393,2011-09-28 15:41:00,2011-01-11 09:47:00,4,1582.6000000000001,816,72,333,395.65000000000003,0.3656156156156156,1734.6816816816818,1734.6816816816818,2,4,4,10,0,Champions
15532,2011-11-14 14:51:00,2010-12-16 16:45:00,4,1580.93,521,25,358,395.2325,0.34008379888268153,1611.8420391061454,1611.8420391061454,4,4,4,12,0,Champions
12607,2011-10-10 16:06:00,2011-10-10 16:06:00,1,1579.51,1228,60,60,1579.51,0.5072916666666667,9608.685833333333,9608.685833333333,3,1,4,8,2,Loyal Customers
13814,2011-09-08 13:48:00,2011-07-25 13:54:00,2,1579.12,864,92,137,789.56,0.44434306569343063,4207.144525547445,4207.144525547445,2,2,4,8,2,Loyal Customers
16889,2011-05-29 11:05:00,2011-01-07 10:47:00,3,1578.67,925,195,337,526.2233333333334,0.27095697329376855,1709.835459940653,1709.835459940653,1,4,4,9,1,At Risk
13186,2011-10-31 11:40:00,2011-08-03 09:09:00,3,1575.89,820,40,129,525.2966666666667,0.7078488372093024,4458.913565891474,4458.913565891474,3,3,4,10,2,Loyal Customers
13634,2011-11-06 13:40:00,2011-01-16 15:30:00,5,1575.16,704,33,327,315.03200000000004,0.4654051987767584,1758.2061162079515,1758.2061162079515,3,4,4,11,0,Champions
13659,2011-05-18 12:37:00,2011-01-23 12:08:00,2,1573.2,894,206,321,786.6,0.18964174454828658,1788.8411214953271,1788.8411214953271,1,2,4,7,1,At Risk
17671,2011-11-24 12:21:00,2010-12-09 14:27:00,4,1572.71,772,16,365,393.1775,0.3335616438356165,1572.71,1572.71,4,4,4,12,0,Champions
16283,2011-12-04 12:08:00,2011-05-15 13:37:00,5,1570.81,1236,6,208,314.162,0.7316706730769231,2756.4694711538464,2756.4694711538464,5,4,4,13,0,Champions
12865,2011-11-13 14:31:00,2011-08-08 10:11:00,2,1568.23,925,26,124,784.115,0.4909274193548387,4616.160887096774,4616.160887096774,4,2,4,10,2,Loyal Customers
15906,2011-11-20 12:24:00,2011-03-29 13:28:00,7,1567.69,544,20,255,223.9557142857143,0.8355392156862744,2243.948431372549,2243.948431372549,4,5,4,13,0,Champions
15111,2011-11-10 16:58:00,2010-12-02 11:45:00,3,1567.48,710,29,373,522.4933333333333,0.24480563002680966,1533.8611260053617,1533.8611260053617,4,3,4,11,2,Loyal Customers
17085,2011-08-08 14:15:00,2010-12-12 12:24:00,5,1566.65,786,123,363,313.33000000000004,0.41924931129476584,1575.2816804407714,1575.2816804407714,2,4,4,10,0,Champions
17204,2011-06-17 14:46:00,2011-03-21 12:42:00,4,1564.56,646,175,264,391.14,0.4611742424242424,2163.1227272727274,2163.1227272727274,2,4,4,10,0,Champions
18239,2011-05-05 12:38:00,2010-12-02 17:48:00,5,1561.6100000000001,795,219,372,312.322,0.40910618279569894,1532.224865591398,1532.224865591398,1,4,4,9,1,At Risk
14038,2011-09-22 13:37:00,2011-05-16 14:05:00,3,1560.38,965,78,207,520.1266666666667,0.44112318840579706,2751.3946859903385,2751.3946859903385,2,3,4,9,2,Loyal Customers
16394,2011-10-14 09:48:00,2011-02-23 10:58:00,5,1555.34,2604,57,290,311.068,0.5247844827586207,1957.5831034482758,1957.5831034482758,3,4,4,11,0,Champions
13313,2011-11-17 16:48:00,2011-01-04 10:00:00,5,1555.32,851,22,340,311.06399999999996,0.447610294117647,1669.6817647058822,1669.6817647058822,4,4,4,12,0,Champions
16369,2011-11-21 16:25:00,2011-05-27 09:39:00,3,1553.66,1035,18,197,517.8866666666667,0.4635152284263959,2878.608629441624,2878.608629441624,4,4,4,12,2,Loyal Customers
15620,2011-10-14 12:41:00,2010-12-16 14:34:00,3,1553.18,915,57,358,517.7266666666667,0.25506284916201116,1583.5494413407823,1583.5494413407823,3,3,4,10,2,Loyal Customers
15117,2011-11-25 08:12:00,2011-05-08 12:38:00,5,1551.78,1948,15,216,310.356,0.7045717592592592,2622.2208333333333,2622.2208333333333,4,4,4,12,0,Champions
13320,2011-09-22 18:07:00,2011-05-10 10:29:00,4,1548.7,1096,78,214,387.175,0.5689252336448598,2641.4742990654204,2641.4742990654204,2,4,4,10,0,Champions
14229,2011-10-19 10:04:00,2011-01-10 12:03:00,3,1547.2,610,52,334,515.7333333333333,0.2733907185628743,1690.802395209581,1690.802395209581,3,3,4,10,2,Loyal Customers
14704,2011-11-28 12:51:00,2011-06-12 13:59:00,9,1546.91,1082,11,180,171.8788888888889,1.521875,3136.7897222222223,3136.7897222222223,5,5,4,14,0,Champions
16790,2011-12-06 11:53:00,2011-11-02 11:23:00,6,1545.6200000000001,898,4,38,257.60333333333335,4.805921052631579,14846.086842105264,14846.086842105264,5,5,4,14,0,Champions
13397,2011-09-28 10:56:00,2011-01-04 13:50:00,5,1544.13,430,73,339,308.826,0.44893067846607665,1662.5588495575223,1662.5588495575223,2,4,4,10,0,Champions
15701,2011-12-07 14:39:00,2011-08-21 12:36:00,4,1542.14,923,2,111,385.535,1.0968468468468469,5071.000900900902,5071.000900900902,5,4,4,13,0,Champions
12818,2011-03-23 12:06:00,2011-03-23 12:06:00,1,1542.08,929,262,262,1542.08,0.11617366412213741,2148.317557251908,2148.317557251908,1,1,4,6,1,At Risk
16365,2011-11-22 11:24:00,2010-12-07 17:19:00,9,1540.42,504,18,367,171.1577777777778,0.7464237057220708,1532.0253405994551,1532.0253405994551,4,5,4,13,0,Champions
17159,2011-11-18 10:52:00,2011-06-21 09:49:00,3,1538.88,1111,22,172,512.96,0.5308866279069767,3265.6465116279073,3265.6465116279073,4,4,4,12,2,Loyal Customers
13849,2011-10-19 10:59:00,2011-06-22 10:11:00,2,1537.95,1016,52,171,768.975,0.35599415204678364,3282.7587719298244,3282.7587719298244,3,2,4,9,2,Loyal Customers
12877,2011-12-06 10:30:00,2010-12-16 12:23:00,12,1535.77,1178,4,359,127.98083333333334,1.017409470752089,1561.4374651810585,1561.4374651810585,5,5,4,14,0,Champions
15392,2011-12-05 11:01:00,2010-12-14 15:50:00,4,1535.53,1277,5,360,383.8825,0.33819444444444446,1556.8568055555554,1556.8568055555554,5,4,4,13,0,Champions
15625,2011-08-28 10:21:00,2011-04-18 14:01:00,4,1534.26,1188,104,235,383.565,0.5180851063829788,2382.999574468085,2382.999574468085,2,4,4,10,0,Champions
13107,2011-10-26 14:52:00,2011-01-10 12:28:00,4,1531.6200000000001,1293,44,334,382.90500000000003,0.36452095808383234,1673.7763473053894,1673.7763473053894,3,4,4,11,0,Champions
12759,2011-10-18 14:49:00,2011-03-09 08:09:00,3,1531.44,902,52,276,510.48,0.33084239130434784,2025.2739130434782,2025.2739130434782,3,3,4,10,2,Loyal Customers
14321,2011-11-29 09:47:00,2011-01-10 11:35:00,5,1530.75,2406,11,334,306.15,0.45565119760479045,1672.8255988023952,1672.8255988023952,5,4,4,13,0,Champions
14567,2011-10-14 10:21:00,2011-08-01 13:48:00,2,1530.3600000000001,412,57,130,765.1800000000001,0.4682692307692307,4296.78,4296.78,3,3,4,10,2,Loyal Customers
15916,2011-11-23 13:46:00,2010-12-08 13:07:00,8,1528.09,757,16,366,191.01125,0.6653005464480874,1523.9148907103825,1523.9148907103825,4,5,4,13,0,Champions
16244,2011-05-12 10:18:00,2010-12-02 11:41:00,2,1522.75,855,212,373,761.375,0.16320375335120643,1490.0904825737266,1490.0904825737266,1,3,4,8,1,At Risk
16434,2011-11-10 14:28:00,2011-02-13 12:17:00,7,1522.25,767,29,300,217.46428571428572,0.7102083333333333,1852.0708333333334,1852.0708333333334,4,5,4,13,0,Champions
16066,2011-11-23 11:54:00,2011-08-07 14:33:00,5,1521.87,936,17,124,304.37399999999997,1.2273185483870968,4479.697983870968,4479.697983870968,4,4,4,12,0,Champions
13764,2011-09-30 12:03:00,2011-01-06 14:53:00,3,1521.76,932,71,337,507.25333333333333,0.27095697329376855,1648.1970326409496,1648.1970326409496,3,3,4,10,2,Loyal Customers
13213,2011-10-14 11:42:00,2011-05-24 12:22:00,5,1520.58,1360,57,200,304.116,0.7609375,2775.0584999999996,2775.0584999999996,3,4,4,11,0,Champions
16880,2011-11-09 11:33:00,2011-06-03 16:45:00,7,1519.08,753,31,189,217.01142857142855,1.1273148148148149,2933.6730158730156,2933.6730158730156,4,5,4,13,0,Champions
14267,2011-06-30 10:09:00,2011-03-24 11:38:00,3,1516.24,530,163,261,505.41333333333336,0.34985632183908044,2120.412260536398,2120.412260536398,2,3,4,9,2,Loyal Customers
13791,2011-08-04 11:44:00,2011-06-24 16:38:00,2,1516.0,1200,128,168,758.0,0.36235119047619047,3293.690476190476,3293.690476190476,2,2,4,8,2,Loyal Customers
16748,2011-11-22 10:17:00,2011-01-09 13:50:00,5,1515.9,880,18,334,303.18,0.45565119760479045,1656.5973053892214,1656.5973053892214,4,4,4,12,0,Champions
16053,2011-11-07 11:21:00,2011-08-09 14:57:00,2,1511.95,1793,33,122,755.975,0.4989754098360656,4523.456967213115,4523.456967213115,3,3,4,10,2,Loyal Customers
16910,2011-12-05 12:51:00,2011-09-09 14:14:00,8,1510.06,886,4,91,188.7575,2.675824175824176,6056.8340659340665,6056.8340659340665,5,5,4,14,0,Champions
16279,2011-11-18 15:00:00,2011-06-16 11:50:00,3,1509.58,1054,21,177,503.1933333333333,0.5158898305084746,3112.975706214689,3112.975706214689,4,4,4,12,2,Loyal Customers
16016,2011-12-06 14:35:00,2010-12-08 12:36:00,8,1508.76,620,3,367,188.595,0.6634877384196185,1500.5378746594006,1500.5378746594006,5,5,4,14,0,Champions
15265,2011-07-11 14:46:00,2011-04-18 12:16:00,2,1506.1200000000001,612,151,236,753.0600000000001,0.2579449152542373,2329.3805084745763,2329.3805084745763,2,3,4,9,2,Loyal Customers
12937,2011-11-24 15:05:00,2011-03-17 14:19:00,4,1504.27,1007,15,267,376.0675,0.4559925093632959,2056.399063670412,2056.399063670412,4,4,4,12,0,Champions
15530,2011-11-18 12:25:00,2011-04-07 11:16:00,4,1502.35,950,22,247,375.5875,0.492914979757085,2220.071862348178,2220.071862348178,4,4,4,12,0,Champions
16762,2011-11-20 11:43:00,2011-07-18 12:52:00,3,1501.38,618,20,144,500.46000000000004,0.6341145833333334,3805.5812500000006,3805.5812500000006,4,4,4,12,2,Loyal Customers
13810,2011-11-11 08:33:00,2011-10-14 12:57:00,3,1499.01,312,29,56,499.67,1.6305803571428572,9770.333035714286,9770.333035714286,4,3,4,11,2,Loyal Customers
17571,2011-10-20 15:57:00,2011-02-14 15:15:00,4,1498.51,905,50,298,374.6275,0.4085570469798658,1835.423322147651,1835.423322147651,3,4,4,11,0,Champions
14414,2011-09-09 12:09:00,2010-12-16 11:11:00,7,1496.98,2512,92,359,213.8542857142857,0.5934888579387186,1521.9991643454039,1521.9991643454039,2,5,4,11,0,Champions
16755,2011-08-17 13:21:00,2011-01-28 10:47:00,3,1496.83,1064,114,316,498.9433333333333,0.2889636075949367,1728.9333860759493,1728.9333860759493,2,4,4,10,2,Loyal Customers
17002,2011-09-15 12:40:00,2011-02-22 11:46:00,3,1493.73,679,86,291,497.91,0.31378865979381443,1873.5788659793814,1873.5788659793814,2,4,4,10,2,Loyal Customers
15057,2011-03-09 15:17:00,2011-01-28 09:09:00,2,1489.5,668,275,316,744.75,0.19264240506329114,1720.4667721518988,1720.4667721518988,1,3,4,8,1,At Risk
13110,2011-11-08 14:30:00,2011-02-01 15:24:00,7,1488.67,388,31,311,212.66714285714286,0.6850884244372991,1747.1528938906754,1747.1528938906754,4,5,4,13,0,Champions
13692,2011-11-15 11:17:00,2011-04-17 12:57:00,3,1488.32,1226,25,236,496.1066666666666,0.3869173728813559,2301.850847457627,2301.850847457627,4,3,4,11,2,Loyal Customers
14963,2011-11-30 12:16:00,2011-06-09 12:30:00,5,1487.8,1176,10,184,297.56,0.8271059782608696,2951.342391304348,2951.342391304348,5,4,4,13,0,Champions
17553,2011-08-02 10:00:00,2011-08-02 10:00:00,1,1487.6,1048,130,130,1487.6,0.23413461538461536,4176.723076923077,4176.723076923077,2,2,4,8,2,Loyal Customers
16395,2011-10-10 12:50:00,2011-01-13 12:10:00,5,1486.9,1476,61,331,297.38,0.45978096676737157,1639.632930513595,1639.632930513595,3,4,4,11,0,Champions
14878,2011-11-27 11:15:00,2010-12-16 12:11:00,9,1485.54,802,13,359,165.06,0.7630571030640668,1510.3679665738161,1510.3679665738161,5,5,4,14,0,Champions
14758,2011-07-18 08:21:00,2011-03-25 12:10:00,4,1484.06,419,145,260,371.015,0.4682692307692307,2083.3919230769234,2083.3919230769234,2,4,4,10,0,Champions
18016,2011-11-07 13:25:00,2010-12-10 17:14:00,5,1483.56,1029,32,364,296.712,0.4180975274725275,1487.6357142857144,1487.6357142857144,4,4,4,12,0,Champions
15427,2011-11-06 14:29:00,2011-10-23 14:47:00,3,1483.14,1013,33,47,494.38000000000005,1.9428191489361701,11518.002127659576,11518.002127659576,3,3,4,10,2,Loyal Customers
17590,2011-12-07 12:55:00,2011-10-30 14:05:00,3,1479.22,828,2,40,493.0733333333333,2.2828125,13497.882500000002,13497.882500000002,5,4,4,13,2,Loyal Customers
14403,2011-08-01 12:57:00,2011-04-06 14:23:00,4,1475.81,519,130,247,368.9525,0.492914979757085,2180.852834008097,2180.852834008097,2,4,4,10,0,Champions
15983,2011-11-17 17:34:00,2010-12-01 12:15:00,4,1475.02,892,22,374,368.755,0.3255347593582888,1439.5248663101606,1439.5248663101606,4,4,4,12,0,Champions
12826,2011-12-07 10:25:00,2010-12-09 15:21:00,7,1474.72,1058,3,365,210.67428571428573,0.5837328767123288,1474.72,1474.72,5,5,4,14,0,Champions
14404,2011-11-06 12:30:00,2010-12-05 16:00:00,6,1474.32,839,34,369,245.72,0.4949186991869919,1458.3382113821137,1458.3382113821137,3,5,4,12,0,Champions
14246,2011-08-21 11:50:00,2011-04-08 08:25:00,3,1474.06,804,111,246,491.3533333333333,0.37118902439024387,2187.1215447154473,2187.1215447154473,2,3,4,9,2,Loyal Customers
15128,2011-10-10 13:54:00,2011-05-04 12:32:00,4,1471.0,1343,60,220,367.75,0.553409090909091,2440.5227272727275,2440.5227272727275,3,4,4,11,0,Champions
16348,2011-11-07 15:44:00,2011-04-13 15:49:00,7,1469.45,819,32,240,209.92142857142858,0.8877604166666667,2234.788541666667,2234.788541666667,4,5,4,13,0,Champions
14875,2011-08-24 12:20:00,2011-03-22 11:53:00,2,1465.3200000000002,558,108,263,732.6600000000001,0.23146387832699622,2033.6190114068443,2033.6190114068443,2,3,4,9,2,Loyal Customers
12882,2011-11-30 16:18:00,2011-11-06 11:22:00,2,1463.04,246,9,34,731.52,1.7904411764705883,15706.164705882353,15706.164705882353,5,2,4,11,2,Loyal Customers
14233,2011-10-21 15:54:00,2011-01-26 12:43:00,4,1462.72,680,49,318,365.68,0.3828616352201258,1678.9081761006291,1678.9081761006291,3,4,4,11,0,Champions
14541,2011-10-12 10:08:00,2011-01-24 14:16:00,8,1461.65,647,59,319,182.70625,0.7633228840125392,1672.4208463949844,1672.4208463949844,3,5,4,12,0,Champions
17063,2011-11-18 16:19:00,2011-02-23 13:44:00,7,1461.14,770,21,289,208.73428571428573,0.7372404844290658,1845.3844290657444,1845.3844290657444,4,5,4,13,0,Champions
16059,2011-10-05 09:56:00,2010-12-07 10:36:00,6,1459.8600000000001,643,66,368,243.31000000000003,0.49626358695652173,1447.9589673913044,1447.9589673913044,3,5,4,12,0,Champions
16996,2011-11-09 16:43:00,2010-12-21 13:22:00,6,1456.96,544,30,353,242.82666666666668,0.5173512747875354,1506.4883852691219,1506.4883852691219,4,5,4,13,0,Champions
13309,2011-12-02 16:34:00,2011-02-04 12:29:00,5,1456.79,1544,7,309,291.358,0.4925161812297734,1720.8037216828477,1720.8037216828477,5,4,4,13,0,Champions
13477,2011-11-02 12:04:00,2011-02-21 12:29:00,6,1454.58,1021,38,292,242.42999999999998,0.6254280821917808,1818.225,1818.225,3,5,4,12,0,Champions
15987,2011-11-27 15:38:00,2010-12-06 08:34:00,7,1451.28,1556,12,369,207.32571428571427,0.5774051490514905,1435.5479674796748,1435.5479674796748,5,5,4,14,0,Champions
14740,2011-05-26 18:17:00,2011-03-01 08:35:00,3,1448.21,735,197,284,482.7366666666667,0.3215228873239437,1861.255809859155,1861.255809859155,1,3,4,8,1,At Risk
15426,2011-11-20 15:36:00,2010-12-05 13:55:00,5,1447.39,674,19,369,289.478,0.4124322493224932,1431.7001355013554,1431.7001355013554,4,4,4,12,0,Champions
14591,2011-11-24 13:57:00,2011-05-10 14:09:00,4,1447.14,1297,15,213,361.785,0.5715962441314554,2479.840845070423,2479.840845070423,4,4,4,12,0,Champions
17073,2011-11-22 11:47:00,2011-08-22 14:37:00,4,1446.09,759,18,109,361.5225,1.1169724770642202,4842.411467889908,4842.411467889908,4,4,4,12,0,Champions
13717,2011-11-07 14:13:00,2011-02-14 13:21:00,6,1445.01,1959,32,298,240.835,0.6128355704697986,1769.8947986577182,1769.8947986577182,4,5,4,13,0,Champions
13461,2011-11-01 09:01:00,2011-06-29 10:23:00,3,1445.0,1170,39,164,481.6666666666667,0.5567835365853658,3216.006097560976,3216.006097560976,3,3,4,10,2,Loyal Customers
17175,2011-10-26 15:31:00,2011-02-16 14:56:00,4,1443.69,866,44,296,360.9225,0.41131756756756754,1780.2258445945945,1780.2258445945945,3,4,4,11,0,Champions
15478,2011-10-30 14:19:00,2011-10-14 11:09:00,2,1441.42,585,40,57,720.71,1.0679824561403508,9230.14561403509,9230.14561403509,3,3,4,10,2,Loyal Customers
15858,2011-11-24 12:48:00,2010-12-07 14:31:00,5,1438.85,1167,16,367,287.77,0.4146798365122616,1431.008855585831,1431.008855585831,4,4,4,12,0,Champions
14071,2011-12-06 12:27:00,2011-03-20 11:33:00,8,1438.82,995,4,265,179.8525,0.9188679245283019,1981.7709433962261,1981.7709433962261,5,5,4,14,0,Champions
13159,2011-12-01 11:20:00,2011-08-16 11:44:00,4,1437.85,1059,9,116,359.4625,1.0495689655172413,4524.269396551724,4524.269396551724,5,4,4,13,0,Champions
14566,2011-08-21 11:05:00,2011-08-21 11:05:00,1,1432.0,800,111,111,1432.0,0.2742117117117117,4708.828828828829,4708.828828828829,2,1,4,7,2,Loyal Customers
16503,2011-08-25 11:46:00,2010-12-14 13:50:00,4,1431.93,569,107,360,357.9825,0.33819444444444446,1451.8179166666666,1451.8179166666666,2,4,4,10,0,Champions
13475,2011-06-01 13:52:00,2011-02-14 12:36:00,4,1431.78,1012,191,299,357.945,0.40719063545150497,1747.82508361204,1747.82508361204,1,4,4,9,2,Loyal Customers
16103,2011-12-02 14:16:00,2011-04-20 12:28:00,6,1429.64,558,7,234,238.27333333333334,0.780448717948718,2229.994017094017,2229.994017094017,5,5,4,14,0,Champions
16271,2011-12-07 12:45:00,2010-12-16 16:36:00,5,1429.24,1038,3,358,285.848,0.42510474860335196,1457.1860335195531,1457.1860335195531,5,4,4,13,0,Champions
14035,2011-11-11 10:03:00,2011-02-15 12:48:00,5,1428.02,739,29,298,285.604,0.5106963087248323,1749.084899328859,1749.084899328859,4,4,4,12,0,Champions
15681,2011-11-14 16:30:00,2011-03-04 13:46:00,5,1426.16,816,25,280,285.232,0.5435267857142857,1859.1014285714286,1859.1014285714286,4,4,4,12,0,Champions
15106,2011-11-22 09:16:00,2011-03-15 12:52:00,5,1422.52,1181,18,269,284.504,0.5657527881040892,1930.1851301115241,1930.1851301115241,4,4,4,12,0,Champions
16463,2011-11-18 14:01:00,2011-05-19 14:45:00,4,1422.4,1163,21,204,355.6,0.5968137254901961,2544.980392156863,2544.980392156863,4,4,4,12,0,Champions
16571,2011-11-13 11:46:00,2011-03-03 09:41:00,3,1421.69,1239,27,282,473.8966666666667,0.3238031914893617,1840.1306737588654,1840.1306737588654,4,4,4,12,2,Loyal Customers
14019,2011-10-24 10:13:00,2011-07-24 15:39:00,3,1421.61,1037,47,138,473.86999999999995,0.6616847826086957,3760.0554347826082,3760.0554347826082,3,3,4,10,2,Loyal Customers
14901,2011-11-28 17:09:00,2010-12-02 11:20:00,9,1421.29,661,11,373,157.92111111111112,0.734416890080429,1390.8065683646112,1390.8065683646112,5,5,4,14,0,Champions
14443,2011-10-17 10:10:00,2010-12-06 11:03:00,4,1420.2,938,54,369,355.05,0.32994579945799457,1404.8048780487804,1404.8048780487804,3,4,4,11,0,Champions
17288,2011-11-30 16:09:00,2010-12-16 13:33:00,7,1419.73,1203,9,358,202.81857142857143,0.5951466480446927,1447.4900837988828,1447.4900837988828,5,5,4,14,0,Champions
16173,2011-11-24 10:53:00,2011-09-02 15:23:00,6,1418.32,575,16,98,236.38666666666666,1.8635204081632653,5282.518367346938,5282.518367346938,4,5,4,13,0,Champions
15444,2011-11-30 17:37:00,2011-10-30 16:12:00,2,1418.26,764,9,40,709.13,1.521875,12941.622500000001,12941.622500000001,5,3,4,12,2,Loyal Customers
17856,2011-12-08 09:40:00,2011-03-03 11:40:00,4,1418.03,842,2,282,354.5075,0.43173758865248224,1835.393439716312,1835.393439716312,5,4,4,13,0,Champions
18116,2011-10-03 11:00:00,2010-12-10 12:14:00,8,1418.03,848,68,365,177.25375,0.667123287671233,1418.03,1418.03,3,5,4,12,0,Champions
14649,2011-12-05 12:30:00,2011-05-11 14:37:00,4,1417.29,1018,5,212,354.3225,0.5742924528301887,2440.1455188679242,2440.1455188679242,5,4,4,13,0,Champions
14748,2011-11-10 18:33:00,2010-12-06 10:19:00,5,1415.75,1223,29,369,283.15,0.4124322493224932,1400.4031165311653,1400.4031165311653,4,4,4,12,0,Champions
16012,2011-11-04 13:25:00,2011-07-07 18:02:00,3,1415.29,799,35,155,471.7633333333333,0.5891129032258065,3332.779677419355,3332.779677419355,3,4,4,11,2,Loyal Customers
16245,2011-11-16 10:14:00,2011-03-28 09:30:00,3,1413.66,1014,24,257,471.22,0.3553015564202335,2007.7272373540857,2007.7272373540857,4,4,4,12,2,Loyal Customers
17004,2011-10-24 14:25:00,2011-09-08 12:16:00,2,1412.94,819,46,93,706.47,0.6545698924731183,5545.409677419355,5545.409677419355,3,3,4,10,2,Loyal Customers
15237,2011-12-08 09:46:00,2011-04-26 15:04:00,4,1412.32,1071,2,227,353.08,0.5363436123348018,2270.911013215859,2270.911013215859,5,4,4,13,0,Champions
15596,2011-08-31 10:55:00,2010-12-09 16:10:00,5,1406.59,561,101,365,281.318,0.4169520547945206,1406.59,1406.59,2,4,4,10,0,Champions
17083,2011-08-22 15:43:00,2011-02-09 11:38:00,3,1405.78,772,109,304,468.5933333333333,0.3003700657894737,1687.8608552631579,1687.8608552631579,2,4,4,10,2,Loyal Customers
15563,2011-11-17 14:50:00,2010-12-16 11:27:00,4,1400.44,1501,22,359,350.11,0.33913649025069637,1423.8456824512537,1423.8456824512537,4,4,4,12,0,Champions
14741,2011-11-28 08:48:00,2010-12-02 08:43:00,6,1400.34,841,12,373,233.39,0.4896112600536193,1370.3058981233244,1370.3058981233244,5,5,4,14,0,Champions
18202,2011-05-24 12:12:00,2011-02-01 13:36:00,3,1396.99,581,200,311,465.66333333333336,0.29360932475884244,1639.5541800643086,1639.5541800643086,1,4,4,9,1,At Risk
13995,2011-11-24 14:22:00,2011-04-08 08:20:00,5,1393.69,879,15,246,278.738,0.6186483739837397,2067.87337398374,2067.87337398374,4,4,4,12,0,Champions
17354,2011-10-20 10:34:00,2011-10-20 10:34:00,1,1393.06,1006,51,51,1393.06,0.5968137254901961,9969.939215686274,9969.939215686274,3,2,4,9,2,Loyal Customers
15810,2011-09-22 09:38:00,2011-02-16 09:11:00,4,1391.98,861,79,297,347.995,0.4099326599326599,1710.6824915824916,1710.6824915824916,2,4,4,10,0,Champions
15051,2011-11-16 15:38:00,2011-07-12 15:29:00,3,1391.61,1011,23,150,463.86999999999995,0.60875,3386.2509999999997,3386.2509999999997,4,3,4,11,2,Loyal Customers
13414,2011-07-29 11:45:00,2011-02-16 12:13:00,3,1390.5,1574,134,297,463.5,0.307449494949495,1708.8636363636363,1708.8636363636363,2,3,4,9,2,Loyal Customers
13516,2011-11-18 13:15:00,2011-04-15 11:06:00,3,1389.41,985,21,239,463.1366666666667,0.3820606694560669,2121.90230125523,2121.90230125523,4,3,4,11,2,Loyal Customers
15898,2011-12-08 15:23:00,2010-12-06 11:01:00,5,1388.88,570,1,369,277.776,0.4124322493224932,1373.8243902439024,1373.8243902439024,5,4,4,13,0,Champions
16539,2011-12-07 08:41:00,2010-12-01 15:40:00,4,1388.81,477,3,373,347.2025,0.32640750670241286,1359.0231903485253,1359.0231903485253,5,4,4,13,0,Champions
15453,2011-12-08 10:59:00,2011-06-05 12:37:00,7,1388.37,845,2,188,198.3385714285714,1.1333111702127658,2695.505585106383,2695.505585106383,5,5,4,14,0,Champions
15134,2011-11-25 08:55:00,2011-04-13 11:05:00,8,1387.99,887,15,241,173.49875,1.0103734439834025,2102.142531120332,2102.142531120332,4,5,4,13,0,Champions
12952,2011-12-04 10:35:00,2011-09-22 16:37:00,4,1387.79,653,6,78,346.9475,1.5608974358974361,6494.1455128205125,6494.1455128205125,5,4,4,13,0,Champions
17676,2011-12-05 15:16:00,2010-12-08 13:49:00,6,1387.68,932,4,366,231.28,0.49897540983606553,1383.888524590164,1383.888524590164,5,5,4,14,0,Champions
12775,2011-11-22 16:33:00,2011-02-01 13:45:00,5,1386.04,877,17,311,277.20799999999997,0.48934887459807075,1626.702893890675,1626.702893890675,4,4,4,12,0,Champions
13308,2011-11-17 09:31:00,2011-05-20 13:13:00,3,1385.51,843,23,203,461.83666666666664,0.4498152709359606,2491.187931034483,2491.187931034483,4,3,4,11,2,Loyal Customers
18167,2011-11-16 15:56:00,2011-08-26 11:40:00,3,1384.8600000000001,382,23,106,461.62000000000006,0.861438679245283,4768.6216981132075,4768.6216981132075,4,4,4,12,2,Loyal Customers
17311,2011-09-22 14:11:00,2011-01-27 10:56:00,2,1384.85,1005,78,317,692.425,0.1920347003154574,1594.5433753943216,1594.5433753943216,2,3,4,9,2,Loyal Customers
13572,2011-05-18 11:59:00,2011-05-18 11:59:00,1,1384.25,534,206,206,1384.25,0.14775485436893204,2452.6759708737864,2452.6759708737864,1,1,4,6,1,At Risk
14507,2011-11-16 12:21:00,2011-03-08 17:23:00,6,1383.18,600,24,276,230.53,0.6616847826086957,1829.2054347826088,1829.2054347826088,4,5,4,13,0,Champions
14116,2011-11-20 10:29:00,2011-08-10 12:44:00,5,1382.74,707,20,122,276.548,1.247438524590164,4136.88606557377,4136.88606557377,4,4,4,12,0,Champions
16389,2011-10-17 14:41:00,2011-03-01 15:47:00,4,1382.07,1242,53,283,345.5175,0.4302120141342756,1782.528445229682,1782.528445229682,3,4,4,11,0,Champions
16726,2011-11-13 14:53:00,2010-12-13 13:28:00,5,1382.02,977,26,361,276.404,0.4215720221606648,1397.33324099723,1397.33324099723,4,4,4,12,0,Champions
17621,2011-11-18 17:11:00,2010-12-20 13:31:00,3,1379.9,514,21,354,459.9666666666667,0.2579449152542373,1422.7782485875707,1422.7782485875707,4,4,4,12,2,Loyal Customers
12886,2011-10-03 10:09:00,2011-05-04 11:21:00,2,1378.4,770,68,220,689.2,0.2767045454545455,2286.890909090909,2286.890909090909,3,2,4,9,2,Loyal Customers
15569,2011-08-28 10:15:00,2011-01-11 13:26:00,5,1375.71,666,104,332,275.142,0.4583960843373494,1512.4522590361446,1512.4522590361446,2,4,4,10,0,Champions
16669,2011-11-16 12:26:00,2011-09-22 14:13:00,3,1374.8700000000001,888,24,78,458.29,1.170673076923077,6433.686538461539,6433.686538461539,4,4,4,12,2,Loyal Customers
14434,2011-11-18 08:56:00,2011-09-28 15:31:00,6,1372.8,368,22,72,228.79999999999998,2.5364583333333335,6959.333333333333,6959.333333333333,4,5,4,13,0,Champions
15095,2011-08-28 12:01:00,2011-05-20 14:27:00,4,1370.6,1079,104,203,342.65,0.5997536945812808,2464.3793103448274,2464.3793103448274,2,4,4,10,0,Champions
13813,2011-10-31 10:38:00,2011-07-28 10:33:00,4,1366.8600000000001,552,40,135,341.71500000000003,0.9018518518518519,3695.5844444444447,3695.5844444444447,3,4,4,11,0,Champions
14897,2011-12-02 10:32:00,2011-02-16 08:37:00,4,1366.38,468,8,297,341.595,0.4099326599326599,1679.2212121212121,1679.2212121212121,5,4,4,13,0,Champions
13396,2011-11-10 16:59:00,2011-01-24 13:37:00,2,1360.99,600,29,319,680.495,0.1908307210031348,1557.2456112852665,1557.2456112852665,4,2,4,10,2,Loyal Customers
14102,2011-12-04 15:38:00,2011-10-26 12:46:00,5,1360.28,961,5,45,272.056,3.3819444444444446,11033.382222222222,11033.382222222222,5,4,4,13,0,Champions
15411,2011-11-13 15:19:00,2011-06-10 12:30:00,4,1358.88,530,26,183,339.72,0.6653005464480874,2710.334426229508,2710.334426229508,4,4,4,12,0,Champions
13232,2011-11-27 10:39:00,2011-04-10 13:48:00,7,1357.6,778,13,243,193.94285714285712,0.8768004115226338,2039.1934156378597,2039.1934156378597,5,5,4,14,0,Champions
17054,2011-11-11 12:56:00,2011-04-08 13:14:00,5,1356.33,804,28,245,271.26599999999996,0.6211734693877552,2020.6548979591835,2020.6548979591835,4,4,4,12,0,Champions
14064,2011-11-10 13:14:00,2011-03-10 12:59:00,5,1353.74,1788,29,274,270.748,0.5554288321167883,1803.3397810218978,1803.3397810218978,4,4,4,12,0,Champions
14859,2011-11-27 11:18:00,2011-05-19 14:42:00,4,1353.74,671,13,204,338.435,0.5968137254901961,2422.132843137255,2422.132843137255,5,4,4,13,0,Champions
15116,2011-11-22 12:25:00,2011-05-19 08:50:00,4,1352.75,648,18,205,338.1875,0.5939024390243902,2408.5548780487807,2408.5548780487807,4,4,4,12,0,Champions
16079,2011-11-23 12:48:00,2011-10-30 13:06:00,3,1352.0,864,17,40,450.6666666666667,2.2828125,12337.0,12337.0,4,4,4,12,2,Loyal Customers
16493,2011-09-21 11:10:00,2011-01-14 08:16:00,4,1351.63,1164,80,330,337.9075,0.3689393939393939,1494.984696969697,1494.984696969697,2,4,4,10,0,Champions
12770,2011-05-13 09:33:00,2011-05-13 09:33:00,1,1351.45,743,211,211,1351.45,0.14425355450236968,2337.8163507109007,2337.8163507109007,1,1,4,6,1,At Risk
12646,2011-12-05 10:14:00,2011-10-21 12:52:00,2,1346.97,897,5,49,673.485,1.2423469387755102,10033.552040816327,10033.552040816327,5,2,4,11,2,Loyal Customers
14154,2011-04-14 16:26:00,2011-04-14 15:58:00,2,1345.62,465,239,239,672.81,0.2547071129707113,2055.026359832636,2055.026359832636,1,3,4,8,1,At Risk
15398,2011-11-23 16:47:00,2011-09-22 14:56:00,2,1345.53,769,16,78,672.765,0.7804487179487181,6296.390384615384,6296.390384615384,4,3,4,11,2,Loyal Customers
12463,2011-10-17 13:44:00,2011-04-12 12:47:00,4,1344.78,776,53,242,336.195,0.503099173553719,2028.2838842975207,2028.2838842975207,3,4,4,11,0,Champions
17372,2011-10-30 11:37:00,2010-12-12 12:00:00,8,1342.68,749,41,363,167.835,0.6707988980716253,1350.0776859504133,1350.0776859504133,3,5,4,12,0,Champions
16317,2011-08-12 12:46:00,2011-02-15 14:30:00,3,1341.65,890,120,297,447.2166666666667,0.307449494949495,1648.8291245791247,1648.8291245791247,2,4,4,10,2,Loyal Customers
13743,2011-12-07 10:09:00,2011-03-25 14:46:00,7,1341.6,1776,3,259,191.65714285714284,0.8226351351351351,1890.6718146718144,1890.6718146718144,5,5,4,14,0,Champions
18177,2011-11-08 14:44:00,2011-03-29 08:46:00,6,1341.42,710,31,256,223.57000000000002,0.71337890625,1912.5714843750002,1912.5714843750002,4,5,4,13,0,Champions
16045,2011-08-12 12:41:00,2011-02-22 14:55:00,4,1340.7,897,120,290,335.175,0.41982758620689653,1687.4327586206896,1687.4327586206896,2,4,4,10,2,Loyal Customers
13501,2011-02-24 18:59:00,2011-02-24 18:59:00,1,1340.32,560,288,288,1340.32,0.1056857638888889,1698.6694444444445,1698.6694444444445,1,1,4,6,1,At Risk
15734,2011-08-17 10:50:00,2011-05-23 14:59:00,2,1339.45,346,115,200,669.725,0.304375,2444.49625,2444.49625,2,3,4,9,2,Loyal Customers
12620,2011-11-25 10:20:00,2011-05-19 12:10:00,3,1339.41,1181,15,205,446.47,0.44542682926829263,2384.8031707317073,2384.8031707317073,4,3,4,11,2,Loyal Customers
15059,2011-10-30 11:35:00,2011-01-09 11:54:00,9,1337.72,604,41,335,148.63555555555556,0.8177238805970148,1457.5158208955224,1457.5158208955224,3,5,4,12,0,Champions
16110,2011-10-25 14:35:00,2011-02-01 14:01:00,3,1337.48,733,45,311,445.82666666666665,0.29360932475884244,1569.7112540192927,1569.7112540192927,3,4,4,11,2,Loyal Customers
12919,2011-12-01 13:47:00,2011-06-23 09:22:00,6,1335.19,673,8,170,222.53166666666667,1.074264705882353,2866.7314705882354,2866.7314705882354,5,5,4,14,0,Champions
15680,2011-11-30 13:46:00,2010-12-08 14:43:00,3,1333.68,952,9,366,444.56,0.24948770491803277,1330.0360655737704,1330.0360655737704,5,3,4,12,2,Loyal Customers
17932,2011-11-10 19:49:00,2011-05-12 13:58:00,3,1331.57,789,29,211,443.8566666666666,0.432760663507109,2303.426777251185,2303.426777251185,4,4,4,12,2,Loyal Customers
12676,2011-11-15 12:25:00,2011-02-01 15:41:00,6,1331.39,670,25,311,221.89833333333334,0.5872186495176849,1562.5638263665596,1562.5638263665596,4,5,4,13,0,Champions
16295,2011-11-30 08:17:00,2011-10-06 10:45:00,4,1328.55,841,10,65,332.1375,1.8730769230769229,7460.319230769231,7460.319230769231,5,4,4,13,0,Champions
15146,2011-06-28 12:09:00,2011-02-21 13:07:00,2,1327.16,1473,165,291,663.58,0.20919243986254293,1664.6508591065292,1664.6508591065292,2,3,4,9,2,Loyal Customers
17633,2011-11-08 13:25:00,2011-08-11 15:43:00,4,1324.84,644,31,120,331.21,1.0145833333333334,4029.7216666666664,4029.7216666666664,4,4,4,12,0,Champions
12854,2011-09-22 12:15:00,2011-01-25 13:35:00,3,1324.5,627,79,318,441.5,0.28714622641509435,1520.2594339622642,1520.2594339622642,2,3,4,9,2,Loyal Customers
17095,2011-11-17 12:21:00,2011-01-09 11:05:00,3,1324.16,618,23,335,441.3866666666667,0.27257462686567163,1442.7414925373134,1442.7414925373134,4,4,4,12,2,Loyal Customers
16370,2011-09-18 15:55:00,2011-04-28 16:40:00,4,1320.56,647,82,225,330.14,0.5411111111111111,2142.2417777777778,2142.2417777777778,2,4,4,10,0,Champions
14794,2011-12-07 10:11:00,2011-01-09 16:11:00,7,1319.91,673,3,334,188.55857142857144,0.6379116766467067,1442.416616766467,1442.416616766467,5,5,4,14,0,Champions
13168,2011-11-03 12:56:00,2011-01-25 13:55:00,4,1319.19,682,36,318,329.7975,0.3828616352201258,1514.1646226415096,1514.1646226415096,3,4,4,11,0,Champions
16083,2011-08-31 10:47:00,2010-12-14 11:51:00,2,1317.62,908,101,361,658.81,0.16862880886426593,1332.2196675900277,1332.2196675900277,2,3,4,9,2,Loyal Customers
12526,2011-12-09 12:09:00,2011-09-06 14:19:00,3,1316.66,632,1,94,438.8866666666667,0.9714095744680851,5112.5627659574475,5112.5627659574475,5,3,4,12,2,Loyal Customers
14921,2011-11-09 13:17:00,2011-05-22 12:51:00,2,1316.07,953,30,201,658.035,0.30286069651741293,2389.878358208955,2389.878358208955,4,3,4,11,2,Loyal Customers
12576,2011-11-04 10:11:00,2011-02-08 11:31:00,5,1315.83,967,36,305,263.166,0.4989754098360656,1574.6818032786884,1574.6818032786884,3,4,4,11,0,Champions
14511,2011-11-28 17:05:00,2011-07-29 12:13:00,5,1314.81,784,11,134,262.962,1.1357276119402984,3581.385447761194,3581.385447761194,5,4,4,13,0,Champions
16464,2011-11-20 12:11:00,2011-07-20 13:53:00,3,1314.68,963,20,142,438.2266666666667,0.6430457746478874,3379.2830985915493,3379.2830985915493,4,4,4,12,2,Loyal Customers
14738,2011-10-28 08:56:00,2011-01-27 14:10:00,7,1314.45,601,43,316,187.77857142857144,0.674248417721519,1518.2729430379748,1518.2729430379748,3,5,4,12,0,Champions
14973,2011-08-24 15:51:00,2011-04-28 12:22:00,3,1314.45,369,107,226,438.15000000000003,0.404037610619469,2122.8949115044247,2122.8949115044247,2,3,4,9,2,Loyal Customers
16040,2011-10-05 13:47:00,2011-03-16 09:58:00,3,1313.55,684,65,269,437.84999999999997,0.33945167286245354,1782.3262081784387,1782.3262081784387,3,4,4,11,2,Loyal Customers
12364,2011-12-02 10:22:00,2011-08-19 15:24:00,4,1313.1,1506,8,112,328.275,1.0870535714285714,4279.299107142857,4279.299107142857,5,4,4,13,0,Champions
12516,2011-09-23 09:13:00,2011-06-12 11:37:00,2,1312.06,875,78,181,656.03,0.3363259668508287,2645.866850828729,2645.866850828729,2,2,4,8,2,Loyal Customers
14856,2011-11-03 14:53:00,2011-10-14 09:35:00,3,1311.3799999999999,714,36,57,437.1266666666666,1.6019736842105263,8397.433333333332,8397.433333333332,3,3,4,10,2,Loyal Customers
14477,2011-11-20 11:11:00,2011-02-15 15:44:00,4,1309.6,720,20,297,327.4,0.4099326599326599,1609.4410774410771,1609.4410774410771,4,4,4,12,0,Champions
16120,2011-10-11 14:22:00,2011-10-11 14:10:00,4,1309.14,878,59,59,327.285,2.0635593220338984,8098.916949152543,8098.916949152543,3,4,4,11,0,Champions
14047,2011-12-01 11:43:00,2010-12-02 10:09:00,5,1308.6100000000001,381,9,373,261.72200000000004,0.4080093833780161,1280.5432975871315,1280.5432975871315,5,4,4,13,0,Champions
13328,2011-01-27 15:22:00,2011-01-27 15:22:00,1,1308.48,680,316,316,1308.48,0.09632120253164557,1511.3772151898734,1511.3772151898734,1,1,4,6,1,At Risk
14297,2011-11-22 09:06:00,2011-03-10 08:31:00,4,1305.33,865,18,275,326.3325,0.44272727272727275,1732.5289090909089,1732.5289090909089,4,4,4,12,0,Champions
12507,2011-07-28 17:09:00,2011-02-14 09:24:00,3,1304.81,894,134,299,434.93666666666667,0.30539297658862874,1592.8282608695652,1592.8282608695652,2,3,4,9,2,Loyal Customers
16744,2011-11-28 13:06:00,2011-06-19 15:13:00,7,1304.76,805,11,173,186.3942857142857,1.2315751445086704,2752.8173410404625,2752.8173410404625,5,5,4,14,0,Champions
17919,2011-09-12 13:41:00,2011-09-12 13:41:00,1,1304.04,756,88,88,1304.04,0.34588068181818177,5408.802272727273,5408.802272727273,2,2,4,8,2,Loyal Customers
15813,2011-05-16 08:13:00,2011-04-14 09:09:00,2,1303.9099999999999,603,208,240,651.9549999999999,0.25364583333333335,1983.0297916666666,1983.0297916666666,1,3,4,8,1,At Risk
14898,2011-11-16 14:54:00,2010-12-03 15:25:00,6,1303.52,1020,23,371,217.25333333333333,0.49225067385444743,1282.4388140161725,1282.4388140161725,4,5,4,13,0,Champions
15108,2011-07-21 10:24:00,2011-04-26 10:54:00,4,1300.25,499,142,228,325.0625,0.5339912280701754,2081.5405701754385,2081.5405701754385,2,4,4,10,2,Loyal Customers
15494,2011-11-18 14:51:00,2011-08-10 15:29:00,2,1299.23,1148,21,121,649.615,0.503099173553719,3919.164876033058,3919.164876033058,4,3,4,11,2,Loyal Customers
12488,2011-11-30 08:50:00,2011-09-25 10:34:00,3,1298.66,529,10,76,432.8866666666667,1.2014802631578947,6236.98552631579,6236.98552631579,5,3,4,12,2,Loyal Customers
12372,2011-09-29 12:12:00,2011-02-16 12:46:00,3,1298.04,794,72,297,432.68,0.307449494949495,1595.2343434343434,1595.2343434343434,2,3,4,9,2,Loyal Customers
15602,2011-12-01 14:14:00,2010-12-06 15:35:00,9,1297.8700000000001,1137,8,368,144.20777777777778,0.7443953804347826,1287.2895380434782,1287.2895380434782,5,5,4,14,0,Champions
17961,2011-11-18 16:55:00,2010-12-02 19:18:00,39,1296.44,560,21,372,33.242051282051285,3.1910282258064515,1272.0446236559142,1272.0446236559142,4,5,4,13,0,Champions
16929,2011-12-06 08:37:00,2011-07-07 12:39:00,7,1295.39,929,4,156,185.0557142857143,1.3657852564102566,3030.880448717949,3030.880448717949,5,5,4,14,0,Champions
16224,2011-10-13 17:51:00,2011-04-04 12:00:00,4,1295.3,1116,57,250,323.825,0.48700000000000004,1891.138,1891.138,3,4,4,11,0,Champions
15621,2011-12-05 14:01:00,2011-11-18 11:49:00,4,1293.03,501,4,22,323.2575,5.534090909090908,21452.543181818182,21452.543181818182,5,4,4,13,0,Champions
16101,2011-09-30 10:18:00,2011-09-30 10:18:00,1,1290.7,757,71,71,1290.7,0.42869718309859156,6635.288732394366,6635.288732394366,3,2,4,9,2,Loyal Customers
15171,2011-01-12 15:36:00,2011-01-12 15:36:00,1,1289.5,290,331,331,1289.5,0.09195619335347431,1421.9561933534744,1421.9561933534744,1,1,4,6,1,At Risk
15136,2011-12-07 12:26:00,2011-09-04 16:05:00,4,1286.7,776,3,96,321.675,1.2682291666666665,4892.140625,4892.140625,5,4,4,13,0,Champions
16949,2011-12-06 11:07:00,2011-01-27 12:11:00,6,1286.27,791,4,317,214.37833333333333,0.5761041009463722,1481.0364353312302,1481.0364353312302,5,5,4,14,0,Champions
17350,2011-12-01 15:47:00,2011-10-19 16:05:00,4,1286.07,795,8,51,321.5175,2.3872549019607843,9204.226470588235,9204.226470588235,5,4,4,13,0,Champions
17802,2011-09-18 14:56:00,2010-12-02 13:44:00,3,1285.04,752,82,372,428.34666666666664,0.24546370967741934,1260.8591397849461,1260.8591397849461,2,4,4,10,2,Loyal Customers
16899,2011-12-02 12:03:00,2010-12-14 13:11:00,6,1281.56,522,8,360,213.59333333333333,0.5072916666666667,1299.3594444444443,1299.3594444444443,5,5,4,14,0,Champions
13878,2011-10-16 12:19:00,2011-10-16 12:19:00,1,1281.53,475,55,55,1281.53,0.553409090909091,8504.699090909091,8504.699090909091,3,1,4,8,2,Loyal Customers
13538,2011-10-27 16:34:00,2011-01-28 10:40:00,7,1280.85,175,43,316,182.97857142857143,0.674248417721519,1479.462816455696,1479.462816455696,3,5,4,12,0,Champions
16951,2011-07-28 12:05:00,2011-02-08 14:58:00,3,1277.75,1318,135,304,425.9166666666667,0.3003700657894737,1534.140625,1534.140625,2,4,4,10,2,Loyal Customers
16692,2011-03-28 14:46:00,2011-02-23 15:41:00,2,1276.0,152,256,289,638.0,0.2106401384083045,1611.5570934256054,1611.5570934256054,1,3,4,8,1,At Risk
17019,2011-11-28 13:06:00,2010-12-06 12:55:00,4,1272.61,827,11,368,318.1525,0.33084239130434784,1262.2354619565217,1262.2354619565217,5,4,4,13,0,Champions
12394,2011-10-07 08:08:00,2011-05-06 14:01:00,2,1272.48,819,64,217,636.24,0.2805299539170507,2140.346543778802,2140.346543778802,3,2,4,9,2,Loyal Customers
12630,2011-11-30 10:48:00,2011-10-27 10:41:00,2,1270.88,548,10,44,635.44,1.383522727272727,10542.527272727273,10542.527272727273,5,2,4,11,2,Loyal Customers
14669,2011-04-12 11:43:00,2011-01-11 12:30:00,3,1269.99,775,242,333,423.33,0.2742117117117117,1392.031081081081,1392.031081081081,1,3,4,8,1,At Risk
13492,2011-07-26 14:25:00,2011-05-09 10:06:00,3,1269.84,408,136,215,423.28,0.4247093023255814,2155.77488372093,2155.77488372093,2,3,4,9,2,Loyal Customers
13431,2011-10-03 13:49:00,2011-09-12 11:25:00,2,1269.1,672,67,89,634.55,0.6839887640449439,5204.735955056179,5204.735955056179,3,2,4,9,2,Loyal Customers
14916,2011-09-30 09:20:00,2011-01-19 15:30:00,4,1268.98,1136,71,324,317.245,0.3757716049382716,1429.5608024691358,1429.5608024691358,3,4,4,11,0,Champions
15199,2011-10-11 15:12:00,2011-02-04 14:04:00,4,1268.7,396,59,308,317.175,0.39529220779220775,1503.4918831168832,1503.4918831168832,3,4,4,11,0,Champions
16660,2011-11-23 14:53:00,2011-01-24 12:44:00,4,1267.6499999999999,571,16,320,316.91249999999997,0.38046875,1445.9132812499997,1445.9132812499997,4,4,4,12,0,Champions
17037,2011-09-13 12:49:00,2011-09-13 12:49:00,1,1267.32,656,88,88,1267.32,0.34588068181818177,5256.497727272727,5256.497727272727,2,2,4,8,2,Loyal Customers
17158,2011-11-07 15:15:00,2010-12-14 13:03:00,3,1266.97,778,32,360,422.3233333333333,0.25364583333333335,1284.5668055555554,1284.5668055555554,4,4,4,12,2,Loyal Customers
14105,2011-04-14 17:58:00,2011-04-14 17:58:00,1,1266.23,800,239,239,1266.23,0.12735355648535565,1933.7822175732217,1933.7822175732217,1,1,4,6,1,At Risk
13989,2011-10-05 09:47:00,2011-04-14 15:39:00,2,1266.08,1313,66,239,633.04,0.2547071129707113,1933.5531380753137,1933.5531380753137,3,3,4,10,2,Loyal Customers
16842,2011-08-31 10:42:00,2011-02-10 14:51:00,3,1264.19,693,101,302,421.3966666666667,0.3023592715231788,1527.9117549668874,1527.9117549668874,2,4,4,10,2,Loyal Customers
15497,2011-11-22 11:51:00,2011-01-24 10:01:00,2,1262.2,624,18,320,631.1,0.190234375,1439.696875,1439.696875,4,3,4,11,2,Loyal Customers
15009,2011-11-27 13:35:00,2011-11-14 17:40:00,3,1261.78,642,12,25,420.5933333333333,3.6525000000000003,18421.988,18421.988,5,3,4,12,2,Loyal Customers
16688,2011-12-08 15:24:00,2011-10-10 12:23:00,4,1260.86,804,1,61,315.215,1.9959016393442623,7544.490163934425,7544.490163934425,5,4,4,13,0,Champions
17388,2011-09-23 10:31:00,2011-02-25 12:28:00,4,1259.56,1068,78,288,314.89,0.4227430555555556,1596.317361111111,1596.317361111111,2,4,4,10,2,Loyal Customers
17412,2011-12-07 11:36:00,2010-12-02 16:29:00,7,1258.06,738,3,372,179.72285714285712,0.5727486559139785,1234.3868279569892,1234.3868279569892,5,5,4,14,0,Champions
13151,2011-02-17 12:29:00,2011-02-17 12:29:00,1,1257.8700000000001,363,296,296,1257.8700000000001,0.10282939189189189,1551.089695945946,1551.089695945946,1,1,4,6,1,At Risk
14931,2011-12-05 10:19:00,2011-04-13 09:32:00,5,1257.68,417,5,241,251.536,0.6314834024896265,1904.785062240664,1904.785062240664,5,4,4,13,0,Champions
16639,2011-11-08 13:20:00,2011-04-18 09:31:00,3,1257.51,510,31,236,419.17,0.3869173728813559,1944.8777542372882,1944.8777542372882,4,4,4,12,2,Loyal Customers
17481,2011-12-06 12:28:00,2011-09-07 09:57:00,4,1255.59,1061,4,94,313.8975,1.2952127659574468,4875.429255319149,4875.429255319149,5,4,4,13,0,Champions
13848,2011-09-08 12:58:00,2010-12-08 15:10:00,3,1255.0,3700,92,366,418.3333333333333,0.24948770491803277,1251.5710382513662,1251.5710382513662,2,3,4,9,2,Loyal Customers
17262,2011-10-18 12:56:00,2010-12-08 13:30:00,5,1253.3600000000001,367,52,366,250.67200000000003,0.4158128415300546,1249.9355191256832,1249.9355191256832,3,4,4,11,0,Champions
14698,2011-12-08 12:26:00,2011-10-19 12:54:00,5,1250.76,615,2,51,250.152,2.9840686274509807,8951.517647058825,8951.517647058825,5,4,4,13,0,Champions
14383,2011-11-01 15:53:00,2011-06-29 10:18:00,3,1247.69,817,38,164,415.8966666666667,0.5567835365853658,2776.8710365853663,2776.8710365853663,3,3,4,10,2,Loyal Customers
12689,2011-11-14 08:31:00,2011-08-04 10:04:00,2,1247.61,628,26,128,623.805,0.4755859375,3557.6378906249997,3557.6378906249997,4,2,4,10,2,Loyal Customers
13029,2011-11-09 09:13:00,2010-12-21 13:53:00,3,1247.5,134,31,353,415.8333333333333,0.2586756373937677,1289.9079320113315,1289.9079320113315,4,3,4,11,2,Loyal Customers
15004,2011-07-15 14:05:00,2011-07-15 14:05:00,1,1246.32,630,147,147,1246.32,0.20705782312925172,3094.604081632653,3094.604081632653,2,1,4,7,2,Loyal Customers
12494,2011-11-24 09:34:00,2010-12-09 11:31:00,7,1246.1000000000001,707,16,366,178.01428571428573,0.5821379781420765,1242.695355191257,1242.695355191257,4,5,4,13,0,Champions
13860,2011-12-08 12:57:00,2011-09-14 09:27:00,5,1245.9,591,1,87,249.18,1.7492816091954022,5227.051724137932,5227.051724137932,5,4,4,13,0,Champions
14428,2011-12-02 13:17:00,2011-01-18 16:39:00,5,1244.83,436,7,325,248.96599999999998,0.4682692307692308,1398.039846153846,1398.039846153846,5,4,4,13,0,Champions
16531,2011-11-17 16:29:00,2010-12-14 13:19:00,7,1244.59,915,22,360,177.79857142857142,0.5918402777777778,1261.8759722222221,1261.8759722222221,4,5,4,13,0,Champions
17584,2011-12-02 17:12:00,2011-08-04 14:12:00,2,1242.3,458,7,127,621.15,0.47933070866141736,3570.3897637795276,3570.3897637795276,5,3,4,12,2,Loyal Customers
17588,2011-08-31 13:37:00,2011-04-21 10:31:00,3,1240.2,676,100,233,413.40000000000003,0.3918991416309013,1942.8025751072962,1942.8025751072962,2,4,4,10,2,Loyal Customers
17731,2011-09-21 15:02:00,2011-06-09 14:18:00,4,1240.11,493,79,183,310.0275,0.6653005464480874,2473.4434426229504,2473.4434426229504,2,4,4,10,2,Loyal Customers
12985,2011-12-09 10:46:00,2011-11-11 12:44:00,2,1239.38,1533,1,29,619.69,2.0991379310344827,15599.093103448276,15599.093103448276,5,2,4,11,2,Loyal Customers
13476,2011-06-14 12:00:00,2011-03-03 14:43:00,2,1238.47,417,179,281,619.235,0.2166370106761566,1608.688790035587,1608.688790035587,1,2,4,7,1,At Risk
14893,2011-11-30 12:31:00,2011-11-28 10:49:00,2,1237.8500000000001,799,10,12,618.9250000000001,5.072916666666666,37651.270833333336,37651.270833333336,5,3,4,12,2,Loyal Customers
13931,2011-09-05 10:12:00,2011-03-04 08:43:00,2,1237.53,725,96,281,618.765,0.2166370106761566,1607.4677935943062,1607.4677935943062,2,2,4,8,2,Loyal Customers
15201,2011-09-13 14:53:00,2011-04-06 14:02:00,5,1236.54,1210,87,247,247.308,0.6161437246963563,1827.2757085020241,1827.2757085020241,2,4,4,10,0,Champions
14684,2011-11-14 11:33:00,2010-12-12 12:44:00,5,1236.28,853,26,363,247.256,0.41924931129476584,1243.0914600550964,1243.0914600550964,4,4,4,12,0,Champions
15376,2011-10-30 15:04:00,2011-05-01 13:45:00,3,1233.3600000000001,619,40,222,411.12000000000006,0.4113175675675676,2027.8216216216217,2027.8216216216217,3,3,4,10,2,Loyal Customers
15910,2011-12-09 10:51:00,2011-01-27 11:55:00,8,1232.18,1015,1,317,154.0225,0.7681388012618297,1418.7561514195584,1418.7561514195584,5,5,4,14,0,Champions
18080,2011-11-21 08:02:00,2011-04-11 10:10:00,2,1231.5,642,19,243,615.75,0.25051440329218105,1849.783950617284,1849.783950617284,4,3,4,11,2,Loyal Customers
18171,2011-10-12 09:13:00,2011-01-10 09:55:00,5,1231.31,481,59,334,246.262,0.45565119760479045,1345.5932634730539,1345.5932634730539,3,4,4,11,0,Champions
14913,2011-11-04 08:29:00,2010-12-15 14:35:00,4,1227.43,1743,36,359,306.8575,0.33913649025069637,1247.9441504178274,1247.9441504178274,3,4,4,11,0,Champions
12997,2011-11-17 15:47:00,2011-01-26 15:49:00,4,1226.89,664,22,317,306.7225,0.3840694006309148,1412.6651419558361,1412.6651419558361,4,4,4,12,0,Champions
12412,2011-09-26 10:16:00,2011-06-23 13:51:00,3,1226.88,829,75,169,408.96000000000004,0.540310650887574,2649.7704142011835,2649.7704142011835,2,3,4,9,2,Loyal Customers
17774,2011-09-04 12:49:00,2011-02-07 13:13:00,4,1225.41,512,97,305,306.3525,0.39918032786885244,1466.474262295082,1466.474262295082,2,4,4,10,2,Loyal Customers
15841,2011-09-28 12:15:00,2011-01-05 11:25:00,4,1224.06,942,73,339,306.015,0.35914454277286134,1317.9407079646016,1317.9407079646016,2,4,4,10,2,Loyal Customers
13208,2011-10-12 09:54:00,2011-02-03 19:32:00,6,1223.9,804,59,309,203.98333333333335,0.5910194174757282,1445.7071197411005,1445.7071197411005,3,5,4,12,0,Champions
16794,2011-12-08 17:54:00,2011-06-12 14:15:00,10,1222.71,937,1,180,122.271,1.6909722222222223,2479.3841666666667,2479.3841666666667,5,5,4,14,0,Champions
14745,2011-08-19 10:05:00,2011-02-27 15:25:00,5,1220.26,1038,113,285,244.052,0.5339912280701755,1562.7891228070175,1562.7891228070175,2,4,4,10,0,Champions
15227,2011-11-03 11:59:00,2011-01-26 15:31:00,5,1219.4,750,37,317,243.88000000000002,0.4800867507886435,1404.0410094637225,1404.0410094637225,3,4,4,11,0,Champions
13491,2011-10-19 08:32:00,2010-12-02 14:30:00,10,1215.82,903,52,372,121.582,0.8182123655913979,1192.9416666666666,1192.9416666666666,3,5,4,12,0,Champions
17410,2011-11-23 15:46:00,2011-05-08 15:21:00,5,1214.72,616,16,215,242.94400000000002,0.7078488372093024,2062.199069767442,2062.199069767442,4,4,4,12,0,Champions
13055,2011-09-22 14:26:00,2011-05-10 08:58:00,3,1214.41,894,78,214,404.80333333333334,0.42669392523364486,2071.306775700935,2071.306775700935,2,3,4,9,2,Loyal Customers
18263,2011-11-14 09:00:00,2011-04-01 11:48:00,3,1213.1599999999999,1468,26,253,404.3866666666666,0.3609189723320158,1750.2110671936757,1750.2110671936757,4,4,4,12,2,Loyal Customers
13918,2011-10-21 12:25:00,2011-03-31 18:05:00,2,1212.8400000000001,1140,50,253,606.4200000000001,0.24061264822134387,1749.7494071146245,1749.7494071146245,3,2,4,9,2,Loyal Customers
16653,2011-11-23 14:51:00,2011-09-29 13:38:00,2,1212.66,733,16,71,606.33,0.8573943661971831,6234.097183098592,6234.097183098592,4,3,4,11,2,Loyal Customers
12464,2011-11-29 13:33:00,2011-02-03 13:30:00,8,1212.05,112,10,309,151.50625,0.7880258899676376,1431.7095469255664,1431.7095469255664,5,5,4,14,0,Champions
17653,2011-11-03 12:46:00,2011-08-11 15:24:00,4,1207.56,1409,37,120,301.89,1.0145833333333334,3672.995,3672.995,3,4,4,11,0,Champions
15737,2011-11-25 11:21:00,2011-04-11 10:01:00,8,1205.1200000000001,599,15,243,150.64000000000001,1.0020576131687242,1810.1596707818933,1810.1596707818933,4,5,4,13,0,Champions
16800,2011-11-28 14:06:00,2011-11-28 14:06:00,1,1201.49,540,11,11,1201.49,2.767045454545454,39867.62272727273,39867.62272727273,5,2,4,11,2,Loyal Customers
13158,2011-09-06 11:58:00,2011-01-25 09:58:00,4,1201.06,784,95,319,300.265,0.3816614420062696,1374.2536050156739,1374.2536050156739,2,4,4,10,2,Loyal Customers
17320,2011-08-31 13:31:00,2010-12-06 15:38:00,3,1200.6200000000001,634,100,368,400.2066666666667,0.24813179347826086,1190.8323369565219,1190.8323369565219,2,4,4,10,2,Loyal Customers
17800,2011-11-02 12:57:00,2011-01-09 13:50:00,9,1199.01,736,37,334,133.22333333333333,0.8201721556886228,1310.2953592814372,1310.2953592814372,3,5,4,12,0,Champions
15605,2011-11-03 14:17:00,2010-12-01 13:38:00,5,1198.23,441,36,373,239.64600000000002,0.4080093833780161,1172.5306970509384,1172.5306970509384,3,4,4,11,0,Champions
13118,2011-11-20 12:46:00,2011-02-24 12:32:00,5,1197.81,410,20,289,239.56199999999998,0.5266003460207612,1512.8050173010379,1512.8050173010379,4,4,4,12,0,Champions
13211,2011-11-29 14:43:00,2010-12-13 16:17:00,3,1197.42,874,10,361,399.14000000000004,0.25294321329639885,1210.6878116343491,1210.6878116343491,5,3,4,12,2,Loyal Customers
16042,2011-11-17 17:50:00,2011-01-11 13:25:00,5,1197.27,755,22,332,239.454,0.4583960843373494,1316.2757530120482,1316.2757530120482,4,4,4,12,0,Champions
17867,2011-11-09 14:15:00,2011-02-24 12:25:00,6,1197.1000000000001,542,30,289,199.51666666666668,0.6319204152249135,1511.9083044982701,1511.9083044982701,4,5,4,13,0,Champions
14487,2011-11-13 12:17:00,2010-12-06 13:22:00,6,1196.33,735,27,368,199.38833333333332,0.49626358695652173,1186.5773097826086,1186.5773097826086,4,5,4,13,0,Champions
17720,2011-11-13 15:04:00,2010-12-07 10:43:00,4,1195.94,576,26,368,298.985,0.33084239130434784,1186.1904891304348,1186.1904891304348,4,4,4,12,0,Champions
17526,2011-12-05 11:05:00,2010-12-09 12:20:00,4,1195.8999999999999,310,5,366,298.97499999999997,0.3326502732240437,1192.632513661202,1192.632513661202,5,4,4,13,0,Champions
15145,2011-12-05 17:21:00,2011-04-05 15:20:00,4,1194.73,756,4,248,298.6825,0.4909274193548387,1758.3727822580645,1758.3727822580645,5,4,4,13,0,Champions
12611,2011-10-18 13:12:00,2011-10-18 13:12:00,1,1193.32,846,52,52,1193.32,0.5853365384615384,8376.18846153846,8376.18846153846,3,1,4,8,2,Loyal Customers
13882,2011-12-07 11:16:00,2011-10-06 15:28:00,5,1191.13,953,3,64,238.22600000000003,2.3779296875,6793.16328125,6793.16328125,5,4,4,13,0,Champions
12462,2011-11-21 09:11:00,2011-02-09 14:44:00,2,1189.59,536,19,303,594.795,0.2009075907590759,1433.0044554455444,1433.0044554455444,4,2,4,10,2,Loyal Customers
16612,2011-11-07 07:38:00,2011-02-01 10:38:00,4,1187.66,506,33,312,296.915,0.39022435897435903,1389.409935897436,1389.409935897436,3,4,4,11,0,Champions
15630,2011-10-25 15:36:00,2011-05-19 10:16:00,2,1186.35,800,45,205,593.175,0.2969512195121951,2112.2817073170727,2112.2817073170727,3,3,4,10,2,Loyal Customers
13752,2011-08-07 14:16:00,2011-04-07 12:04:00,6,1186.28,876,124,247,197.71333333333334,0.7393724696356275,1753.0048582995953,1753.0048582995953,2,5,4,11,0,Champions
17058,2011-09-19 10:13:00,2011-04-14 09:18:00,3,1179.89,592,82,240,393.2966666666667,0.38046875,1794.4160416666668,1794.4160416666668,2,4,4,10,2,Loyal Customers
16950,2011-10-14 09:06:00,2010-12-07 15:20:00,3,1178.56,644,57,367,392.8533333333333,0.24880790190735694,1172.1373297002724,1172.1373297002724,3,4,4,11,2,Loyal Customers
12885,2011-10-07 13:40:00,2011-08-08 11:45:00,3,1175.22,655,63,124,391.74,0.7363911290322581,3459.316935483871,3459.316935483871,3,3,4,10,2,Loyal Customers
12640,2011-11-16 11:52:00,2011-09-19 12:01:00,3,1174.58,311,24,82,391.52666666666664,1.1135670731707317,5228.313414634145,5228.313414634145,4,3,4,11,2,Loyal Customers
15306,2011-10-06 12:56:00,2011-07-14 15:22:00,3,1174.35,810,64,148,391.45,0.6169763513513513,2896.2010135135133,2896.2010135135133,3,3,4,10,2,Loyal Customers
14857,2011-10-11 09:23:00,2011-07-14 15:03:00,2,1173.12,464,60,148,586.56,0.41131756756756754,2893.1675675675674,2893.1675675675674,3,3,4,10,2,Loyal Customers
13611,2011-09-11 14:51:00,2010-12-15 10:31:00,3,1171.8,766,89,360,390.59999999999997,0.25364583333333335,1188.075,1188.075,2,3,4,9,2,Loyal Customers
18168,2011-06-16 19:21:00,2010-12-02 18:08:00,6,1169.94,594,176,372,194.99,0.4909274193548387,1147.9250000000002,1147.9250000000002,2,5,4,11,0,Champions
12358,2011-12-08 10:26:00,2011-07-12 10:04:00,2,1168.06,248,2,151,584.03,0.40314569536423844,2823.4562913907284,2823.4562913907284,5,2,4,11,2,Loyal Customers
13500,2011-11-16 15:35:00,2011-08-09 12:20:00,3,1166.77,609,23,123,388.92333333333335,0.7423780487804877,3462.3662601626015,3462.3662601626015,4,3,4,11,2,Loyal Customers
14737,2011-12-06 10:16:00,2010-12-21 13:49:00,3,1164.55,345,4,353,388.18333333333334,0.2586756373937677,1204.1381019830028,1204.1381019830028,5,3,4,12,2,Loyal Customers
14261,2011-10-20 10:04:00,2011-09-22 10:47:00,2,1163.45,406,51,79,581.725,0.7705696202531646,5375.433544303797,5375.433544303797,3,3,4,10,2,Loyal Customers
14447,2011-11-21 08:28:00,2011-03-04 10:49:00,5,1163.23,571,19,281,232.64600000000002,0.5415925266903915,1510.9571174377224,1510.9571174377224,4,4,4,12,0,Champions
16714,2011-05-05 11:09:00,2011-01-26 13:40:00,3,1161.53,610,219,317,387.1766666666667,0.2880520504731861,1337.4083596214512,1337.4083596214512,1,4,4,9,1,At Risk
12546,2011-10-24 12:09:00,2011-09-23 09:44:00,2,1161.5,633,47,78,580.75,0.7804487179487181,5435.224358974359,5435.224358974359,3,2,4,9,2,Loyal Customers
15088,2011-11-18 13:14:00,2011-10-03 14:05:00,2,1160.07,460,21,67,580.035,0.9085820895522387,6319.784328358209,6319.784328358209,4,3,4,11,2,Loyal Customers
17348,2011-11-25 11:25:00,2011-02-15 10:49:00,5,1159.52,1401,15,298,231.904,0.5106963087248323,1420.2174496644295,1420.2174496644295,4,4,4,12,0,Champions
13499,2011-11-22 11:21:00,2011-03-15 08:52:00,5,1159.11,1365,18,270,231.82199999999997,0.5636574074074074,1566.945,1566.945,4,4,4,12,0,Champions
16184,2011-10-06 17:43:00,2011-05-12 13:33:00,6,1158.79,561,64,211,193.13166666666666,0.865521327014218,2004.541943127962,2004.541943127962,3,5,4,12,0,Champions
14723,2011-11-29 15:23:00,2010-12-03 14:18:00,6,1158.3,695,10,371,193.04999999999998,0.49225067385444743,1139.5673854447439,1139.5673854447439,5,5,4,14,0,Champions
13744,2011-09-05 15:19:00,2011-02-20 14:08:00,2,1156.36,1249,95,292,578.18,0.20847602739726026,1445.4499999999998,1445.4499999999998,2,2,4,8,2,Loyal Customers
16637,2011-11-07 13:17:00,2011-04-28 10:20:00,4,1154.47,927,32,226,288.6175,0.5387168141592921,1864.5201327433629,1864.5201327433629,4,4,4,12,0,Champions
16062,2011-11-30 12:15:00,2010-12-10 12:00:00,4,1153.62,800,10,365,288.405,0.3335616438356165,1153.62,1153.62,5,4,4,13,0,Champions
12710,2011-09-04 12:00:00,2011-05-22 14:05:00,3,1149.02,851,97,201,383.00666666666666,0.45429104477611937,2086.528855721393,2086.528855721393,2,3,4,9,2,Loyal Customers
17505,2011-07-01 12:50:00,2011-05-18 09:01:00,2,1145.84,556,162,206,572.92,0.2955097087378641,2030.250485436893,2030.250485436893,2,3,4,9,2,Loyal Customers
16766,2011-03-11 15:22:00,2011-03-11 13:34:00,2,1145.6,536,273,273,572.8,0.22298534798534797,1531.6630036630033,1531.6630036630033,1,3,4,8,1,At Risk
12769,2011-04-15 10:25:00,2011-04-15 10:25:00,1,1143.6,356,239,239,1143.6,0.12735355648535565,1746.502092050209,1746.502092050209,1,1,4,6,1,At Risk
17770,2011-05-25 12:34:00,2011-03-02 13:35:00,5,1143.27,365,199,282,228.654,0.5396719858156028,1479.7643617021276,1479.7643617021276,1,4,4,9,1,At Risk
18125,2011-11-10 12:29:00,2011-01-27 15:02:00,4,1142.99,804,30,316,285.7475,0.3852848101265823,1320.2257911392405,1320.2257911392405,4,4,4,12,2,Loyal Customers
15985,2011-08-08 16:31:00,2011-04-17 11:04:00,2,1142.42,1086,123,237,571.21,0.2568565400843882,1759.423206751055,1759.423206751055,2,3,4,9,2,Loyal Customers
16270,2010-12-21 14:26:00,2010-12-21 14:26:00,1,1141.24,688,353,353,1141.24,0.08622521246458924,1180.0356940509914,1180.0356940509914,1,2,4,7,1,At Risk
13330,2011-09-08 12:27:00,2011-01-28 10:08:00,3,1140.93,751,93,316,380.31,0.2889636075949367,1317.8463607594938,1317.8463607594938,2,3,4,9,2,Loyal Customers
13819,2011-02-11 10:38:00,2011-01-24 10:38:00,3,1140.35,1109,302,320,380.1166666666666,0.2853515625,1300.7117187499998,1300.7117187499998,1,3,4,8,1,At Risk
16172,2011-09-05 13:22:00,2011-04-12 12:02:00,5,1140.21,787,95,242,228.042,0.6288739669421488,1719.738223140496,1719.738223140496,2,4,4,10,0,Champions
17135,2011-11-23 16:48:00,2010-12-03 09:31:00,7,1139.73,1224,16,372,162.81857142857143,0.5727486559139785,1118.2834677419355,1118.2834677419355,4,5,4,13,0,Champions
17500,2011-11-22 14:25:00,2011-11-10 09:08:00,3,1138.0,17,17,30,379.3333333333333,3.04375,13845.666666666666,13845.666666666666,4,4,4,12,2,Loyal Customers
17302,2011-11-25 09:36:00,2011-02-07 10:14:00,5,1135.63,575,15,306,227.12600000000003,0.4973447712418301,1354.591339869281,1354.591339869281,4,4,4,12,0,Champions
17242,2011-08-23 14:55:00,2011-06-12 13:04:00,2,1135.04,611,108,180,567.52,0.33819444444444446,2301.608888888889,2301.608888888889,2,3,4,9,2,Loyal Customers
15489,2011-11-17 08:53:00,2011-05-12 12:54:00,3,1134.28,608,23,211,378.0933333333333,0.432760663507109,1962.1431279620854,1962.1431279620854,4,3,4,11,2,Loyal Customers
16989,2011-12-02 16:39:00,2011-07-12 09:11:00,6,1133.25,1233,7,151,188.875,1.2094370860927153,2739.312913907285,2739.312913907285,5,5,4,14,0,Champions
17585,2011-08-22 13:30:00,2011-01-05 15:09:00,4,1133.07,1671,109,338,283.2675,0.360207100591716,1223.5815088757397,1223.5815088757397,2,4,4,10,2,Loyal Customers
13282,2011-11-21 15:33:00,2011-05-03 12:03:00,3,1132.14,307,18,221,377.38000000000005,0.4131787330316742,1869.8239819004527,1869.8239819004527,4,3,4,11,2,Loyal Customers
13772,2011-11-06 11:43:00,2011-04-14 12:31:00,3,1132.13,546,34,240,377.3766666666667,0.38046875,1721.7810416666666,1721.7810416666666,3,3,4,10,2,Loyal Customers
13310,2011-11-11 17:23:00,2011-01-19 14:50:00,3,1132.03,587,28,324,377.3433333333333,0.2818287037037037,1275.2807098765431,1275.2807098765431,4,3,4,11,2,Loyal Customers
13610,2011-11-27 15:38:00,2011-02-27 14:44:00,7,1131.88,516,12,285,161.69714285714286,0.7475877192982456,1449.600701754386,1449.600701754386,5,5,4,14,0,Champions
15500,2011-12-01 13:47:00,2011-09-19 13:47:00,4,1131.56,572,8,81,282.89,1.5030864197530864,5099.004938271604,5099.004938271604,5,4,4,13,0,Champions
13447,2011-11-16 13:38:00,2011-11-04 10:10:00,3,1129.14,584,23,36,376.38000000000005,2.5364583333333335,11448.225,11448.225,4,3,4,11,2,Loyal Customers
14824,2011-11-29 14:20:00,2011-09-09 14:12:00,4,1127.71,525,10,91,281.9275,1.337912087912088,4523.232417582418,4523.232417582418,5,4,4,13,0,Champions
12609,2011-09-22 16:34:00,2011-01-25 15:13:00,3,1126.85,648,78,318,375.6166666666666,0.28714622641509435,1293.397012578616,1293.397012578616,2,3,4,9,2,Loyal Customers
14708,2011-12-07 08:21:00,2010-12-06 12:23:00,3,1126.37,621,3,369,375.45666666666665,0.24745934959349594,1114.160027100271,1114.160027100271,5,3,4,12,2,Loyal Customers
17470,2011-10-26 12:42:00,2010-12-07 09:57:00,5,1125.07,1675,45,368,225.01399999999998,0.4135529891304348,1115.8982336956522,1115.8982336956522,3,4,4,11,0,Champions
14129,2011-12-08 11:02:00,2011-03-24 08:44:00,5,1123.8600000000001,592,2,261,224.77200000000002,0.5830938697318008,1571.6816091954024,1571.6816091954024,5,4,4,13,0,Champions
15436,2011-11-27 16:05:00,2011-04-19 16:52:00,3,1122.53,613,12,234,374.1766666666667,0.390224358974359,1750.9549145299145,1750.9549145299145,5,3,4,12,2,Loyal Customers
13486,2011-09-22 13:13:00,2011-07-07 17:19:00,3,1122.41,669,78,155,374.1366666666667,0.5891129032258065,2643.0945161290324,2643.0945161290324,2,3,4,9,2,Loyal Customers
17562,2011-11-25 14:21:00,2011-06-19 13:06:00,7,1122.38,817,14,173,160.34,1.2315751445086704,2368.0271676300576,2368.0271676300576,4,5,4,13,0,Champions
16807,2011-07-20 12:00:00,2011-03-14 09:46:00,3,1121.59,778,143,271,373.8633333333333,0.3369464944649447,1510.6285977859777,1510.6285977859777,2,4,4,10,2,Loyal Customers
16086,2011-10-11 13:09:00,2010-12-07 13:45:00,5,1121.39,511,59,367,224.27800000000002,0.4146798365122616,1115.2788828337875,1115.2788828337875,3,4,4,11,0,Champions
15730,2011-10-05 12:31:00,2011-05-17 12:43:00,3,1120.88,689,66,207,373.6266666666667,0.44112318840579706,1976.4309178743963,1976.4309178743963,3,3,4,10,2,Loyal Customers
17894,2011-09-29 09:23:00,2010-12-08 14:50:00,8,1119.81,405,72,366,139.97625,0.6653005464480874,1116.7504098360655,1116.7504098360655,2,5,4,11,0,Champions
14276,2011-09-02 09:45:00,2011-02-23 09:38:00,3,1119.74,744,99,290,373.24666666666667,0.3148706896551724,1409.3279310344826,1409.3279310344826,2,3,4,9,2,Loyal Customers
13064,2011-11-27 12:31:00,2011-01-16 13:41:00,4,1119.49,516,13,327,279.8725,0.3723241590214067,1249.5836391437308,1249.5836391437308,5,4,4,13,0,Champions
12842,2011-09-30 15:33:00,2011-02-04 12:36:00,2,1118.99,547,70,309,559.495,0.1970064724919094,1321.7843042071197,1321.7843042071197,3,2,4,9,2,Loyal Customers
15716,2011-07-17 11:59:00,2010-12-05 12:26:00,4,1118.81,744,146,370,279.7025,0.329054054054054,1103.690945945946,1103.690945945946,2,4,4,10,2,Loyal Customers
17788,2011-09-27 10:09:00,2011-08-02 10:38:00,2,1117.9,211,74,130,558.95,0.4682692307692307,3138.719230769231,3138.719230769231,2,3,4,9,2,Loyal Customers
13591,2011-10-06 12:26:00,2011-03-18 12:18:00,3,1117.13,485,65,267,372.3766666666667,0.34199438202247195,1527.162734082397,1527.162734082397,3,3,4,10,2,Loyal Customers
14971,2011-11-04 17:07:00,2011-10-27 13:33:00,3,1116.57,644,35,43,372.19,2.123546511627907,9477.861627906976,9477.861627906976,3,3,4,10,2,Loyal Customers
16350,2011-11-18 15:53:00,2011-01-10 09:44:00,4,1116.47,545,21,334,279.1175,0.36452095808383234,1220.0944610778442,1220.0944610778442,4,4,4,12,2,Loyal Customers
12679,2011-10-12 12:30:00,2011-03-01 12:26:00,4,1113.02,554,59,284,278.255,0.42869718309859156,1430.4658450704226,1430.4658450704226,3,4,4,11,2,Loyal Customers
17609,2011-10-30 12:28:00,2011-01-16 16:23:00,5,1112.22,723,41,327,222.44400000000002,0.4654051987767584,1241.4688073394495,1241.4688073394495,3,4,4,11,0,Champions
16049,2011-10-30 13:19:00,2011-09-25 14:33:00,3,1111.79,793,40,75,370.59666666666664,1.2175,5410.711333333333,5410.711333333333,3,4,4,11,2,Loyal Customers
14161,2011-05-08 11:41:00,2010-12-05 13:18:00,3,1110.52,455,216,369,370.17333333333335,0.24745934959349594,1098.481842818428,1098.481842818428,1,3,4,8,1,At Risk
14817,2011-05-23 13:35:00,2011-03-07 13:51:00,2,1110.34,655,200,277,555.17,0.2197653429602888,1463.083393501805,1463.083393501805,1,3,4,8,1,At Risk
15069,2011-06-13 14:16:00,2011-06-13 14:16:00,1,1109.53,520,179,179,1109.53,0.17004189944134077,2262.4494413407824,2262.4494413407824,2,1,4,7,1,At Risk
12399,2011-08-12 13:15:00,2011-03-23 09:42:00,4,1108.65,1178,119,262,277.1625,0.46469465648854963,1544.4933206106873,1544.4933206106873,2,4,4,10,2,Loyal Customers
15933,2011-11-18 13:14:00,2011-09-14 12:05:00,3,1107.46,885,21,87,369.15333333333336,1.0495689655172413,4646.2402298850575,4646.2402298850575,4,4,4,12,2,Loyal Customers
16833,2011-12-08 14:39:00,2011-01-09 13:02:00,4,1106.53,440,1,334,276.6325,0.36452095808383234,1209.231886227545,1209.231886227545,5,4,4,13,0,Champions
12857,2011-05-13 10:20:00,2011-02-10 12:32:00,2,1106.4,343,211,303,553.2,0.2009075907590759,1332.792079207921,1332.792079207921,1,2,4,7,1,At Risk
14410,2011-09-08 15:08:00,2011-02-07 09:36:00,9,1105.07,571,92,306,122.78555555555555,0.8952205882352942,1318.1390522875818,1318.1390522875818,2,5,4,11,0,Champions
14948,2011-11-16 17:16:00,2011-05-04 14:52:00,6,1101.97,673,23,219,183.66166666666666,0.833904109589041,1836.6166666666666,1836.6166666666666,4,5,4,13,0,Champions
17047,2011-09-15 13:27:00,2011-05-18 16:50:00,3,1100.9,533,85,205,366.9666666666667,0.44542682926829263,1960.1390243902442,1960.1390243902442,2,4,4,10,2,Loyal Customers
14744,2011-11-23 12:51:00,2010-12-08 10:21:00,7,1099.98,627,16,367,157.14000000000001,0.5805517711171662,1093.9855585831062,1093.9855585831062,4,5,4,13,0,Champions
15978,2011-09-23 15:21:00,2011-09-23 15:21:00,1,1098.78,888,77,77,1098.78,0.39529220779220775,5208.5025974025975,5208.5025974025975,2,2,4,8,2,Loyal Customers
13104,2011-12-06 13:10:00,2010-12-20 11:58:00,6,1098.48,504,3,355,183.08,0.5144366197183099,1129.4230985915494,1129.4230985915494,5,5,4,14,0,Champions
17966,2011-11-02 10:26:00,2011-03-23 17:25:00,5,1098.43,2571,38,261,219.686,0.5830938697318008,1536.118582375479,1536.118582375479,3,4,4,11,0,Champions
16225,2011-10-26 08:30:00,2011-03-07 12:17:00,5,1096.32,493,45,278,219.26399999999998,0.5474370503597122,1439.4129496402877,1439.4129496402877,3,4,4,11,0,Champions
16533,2011-11-20 13:08:00,2011-10-02 15:07:00,3,1095.56,612,19,68,365.18666666666667,1.3428308823529413,5880.579411764706,5880.579411764706,4,4,4,12,2,Loyal Customers
13652,2011-10-25 08:51:00,2010-12-06 09:21:00,3,1095.08,578,46,369,365.02666666666664,0.24745934959349594,1083.2092140921409,1083.2092140921409,3,3,4,10,2,Loyal Customers
15745,2011-11-20 13:45:00,2011-04-17 13:04:00,4,1094.59,421,19,236,273.6475,0.5158898305084746,1692.9040254237286,1692.9040254237286,4,4,4,12,2,Loyal Customers
15608,2011-11-11 13:20:00,2011-08-11 09:56:00,4,1093.68,714,28,121,273.42,1.006198347107438,3299.117355371901,3299.117355371901,4,4,4,12,2,Loyal Customers
13521,2011-12-08 13:50:00,2011-11-29 15:09:00,3,1093.65,736,1,10,364.55,9.13125,39918.225000000006,39918.225000000006,5,3,4,12,2,Loyal Customers
18189,2011-09-23 12:40:00,2011-03-17 09:49:00,2,1090.24,566,78,268,545.12,0.22714552238805968,1484.841791044776,1484.841791044776,2,3,4,9,2,Loyal Customers
13853,2011-10-13 14:18:00,2011-10-13 14:18:00,1,1090.14,312,57,57,1090.14,0.5339912280701754,6980.721052631579,6980.721052631579,3,1,4,8,2,Loyal Customers
12534,2011-08-01 10:26:00,2011-08-01 10:26:00,1,1089.18,651,131,131,1089.18,0.23234732824427481,3034.7381679389314,3034.7381679389314,2,1,4,7,2,Loyal Customers
15763,2011-11-08 09:44:00,2011-09-23 12:10:00,2,1086.92,271,32,78,543.46,0.7804487179487181,5086.228205128205,5086.228205128205,4,3,4,11,2,Loyal Customers
13467,2011-11-29 10:01:00,2011-11-03 16:56:00,2,1083.71,584,11,36,541.855,1.6909722222222223,10987.615277777779,10987.615277777779,5,2,4,11,2,Loyal Customers
17041,2011-11-13 11:21:00,2010-12-14 11:43:00,3,1081.57,951,27,361,360.5233333333333,0.25294321329639885,1093.5541551246538,1093.5541551246538,4,4,4,12,2,Loyal Customers
14561,2011-09-25 12:39:00,2011-06-08 13:26:00,3,1080.76,1014,76,184,360.25333333333333,0.49626358695652173,2143.8989130434784,2143.8989130434784,2,3,4,9,2,Loyal Customers
16200,2011-12-05 14:40:00,2011-06-28 15:47:00,2,1080.6200000000001,523,4,164,540.3100000000001,0.3711890243902439,2405.0384146341466,2405.0384146341466,5,3,4,12,2,Loyal Customers
13726,2011-11-01 10:49:00,2011-08-31 11:06:00,2,1079.6599999999999,1054,39,101,539.8299999999999,0.6027227722772277,3901.7415841584157,3901.7415841584157,3,2,4,9,2,Loyal Customers
15197,2011-11-29 10:00:00,2010-12-16 18:01:00,3,1079.6100000000001,469,11,358,359.87000000000006,0.25506284916201116,1100.7196927374303,1100.7196927374303,5,3,4,12,2,Loyal Customers
12354,2011-04-21 13:11:00,2011-04-21 13:11:00,1,1079.4,530,232,232,1079.4,0.13119612068965517,1698.1939655172416,1698.1939655172416,1,1,4,6,1,At Risk
13715,2011-03-03 19:21:00,2010-12-02 08:52:00,5,1079.34,563,281,373,215.868,0.4080093833780161,1056.190616621984,1056.190616621984,1,4,4,9,1,At Risk
16980,2011-03-29 16:36:00,2011-02-21 12:58:00,2,1078.96,788,255,291,539.48,0.20919243986254293,1353.33470790378,1353.33470790378,1,3,4,8,1,At Risk
14352,2011-07-05 15:41:00,2011-03-11 14:58:00,4,1078.96,538,157,273,269.74,0.44597069597069594,1442.565567765568,1442.565567765568,2,4,4,10,2,Loyal Customers
16094,2011-11-28 12:45:00,2011-05-04 13:57:00,4,1078.23,647,12,219,269.5575,0.5559360730593608,1797.05,1797.05,5,4,4,13,2,Loyal Customers
16563,2011-10-17 11:51:00,2011-10-17 11:51:00,1,1077.74,486,54,54,1077.74,0.5636574074074073,7284.7240740740735,7284.7240740740735,3,2,4,9,2,Loyal Customers
13131,2011-11-16 13:21:00,2011-06-05 10:54:00,3,1073.3,447,23,188,357.76666666666665,0.48570478723404253,2083.800531914894,2083.800531914894,4,3,4,11,2,Loyal Customers
15712,2011-11-30 14:09:00,2011-02-25 11:32:00,5,1072.3600000000001,486,9,288,214.47200000000004,0.5284288194444444,1359.0673611111113,1359.0673611111113,5,4,4,13,0,Champions
15238,2011-11-10 14:28:00,2011-06-08 16:00:00,3,1071.99,692,29,184,357.33,0.49626358695652173,2126.501902173913,2126.501902173913,4,3,4,11,2,Loyal Customers
13635,2011-10-03 10:55:00,2011-10-03 10:55:00,1,1071.03,677,68,68,1071.03,0.4476102941176471,5748.9110294117645,5748.9110294117645,3,1,4,8,2,Loyal Customers
17522,2011-12-08 12:31:00,2011-05-05 16:31:00,5,1070.71,1034,2,218,214.142,0.6981077981651377,1792.7025229357798,1792.7025229357798,5,4,4,13,0,Champions
13761,2011-10-20 14:01:00,2011-06-13 08:43:00,2,1070.65,642,50,180,535.325,0.33819444444444446,2171.040277777778,2171.040277777778,3,2,4,9,2,Loyal Customers
14212,2011-09-11 12:45:00,2011-09-11 12:45:00,1,1070.48,1152,90,90,1070.48,0.33819444444444446,4341.391111111111,4341.391111111111,2,1,4,7,2,Loyal Customers
17214,2011-10-10 13:17:00,2010-12-15 15:14:00,6,1069.1200000000001,276,60,359,178.1866666666667,0.5087047353760445,1086.9883008356546,1086.9883008356546,3,5,4,12,0,Champions
16918,2011-10-21 12:50:00,2011-01-26 17:37:00,6,1068.82,721,50,317,178.13666666666666,0.5761041009463722,1230.6602523659305,1230.6602523659305,3,5,4,12,0,Champions
15027,2011-11-09 10:16:00,2011-04-15 14:14:00,4,1066.1499999999999,565,31,238,266.53749999999997,0.5115546218487395,1635.0619747899157,1635.0619747899157,4,4,4,12,2,Loyal Customers
17277,2011-04-26 12:47:00,2011-01-21 12:37:00,2,1065.3500000000001,430,228,323,532.6750000000001,0.18846749226006193,1203.8784829721365,1203.8784829721365,1,3,4,8,1,At Risk
14488,2011-10-03 09:30:00,2011-10-03 09:30:00,1,1064.28,799,68,68,1064.28,0.4476102941176471,5712.679411764706,5712.679411764706,3,1,4,8,2,Loyal Customers
17287,2011-11-13 13:27:00,2010-12-02 12:22:00,7,1064.11,559,26,373,152.01571428571427,0.5712131367292226,1041.2872654155494,1041.2872654155494,4,5,4,13,0,Champions
12951,2011-12-01 12:14:00,2011-01-13 10:33:00,6,1064.07,503,9,331,177.345,0.551737160120846,1173.370241691843,1173.370241691843,5,5,4,14,0,Champions
15801,2011-10-24 13:52:00,2011-08-22 09:53:00,3,1063.95,570,46,110,354.65000000000003,0.8301136363636364,3530.3795454545457,3530.3795454545457,3,4,4,11,2,Loyal Customers
12936,2011-11-22 17:32:00,2011-09-22 13:51:00,4,1063.9,559,17,78,265.975,1.5608974358974361,4978.506410256411,4978.506410256411,4,4,4,12,2,Loyal Customers
12815,2011-07-15 10:21:00,2011-05-25 13:34:00,2,1063.46,379,148,198,531.73,0.307449494949495,1960.418686868687,1960.418686868687,2,2,4,8,2,Loyal Customers
14411,2011-02-02 10:56:00,2011-02-02 10:56:00,1,1063.0,196,311,311,1063.0,0.09786977491961416,1247.572347266881,1247.572347266881,1,1,4,6,1,At Risk
16214,2011-06-22 11:30:00,2011-03-15 13:23:00,3,1062.75,420,171,269,354.25,0.33945167286245354,1442.021375464684,1442.021375464684,2,4,4,10,2,Loyal Customers
15996,2011-09-12 15:14:00,2010-12-08 15:59:00,6,1060.68,384,88,366,176.78,0.49897540983606553,1057.7819672131147,1057.7819672131147,2,5,4,11,0,Champions
15706,2011-10-07 10:09:00,2011-08-15 14:32:00,4,1060.56,321,64,116,265.14,1.0495689655172413,3337.106896551724,3337.106896551724,3,4,4,11,2,Loyal Customers
17727,2011-11-24 17:06:00,2011-11-24 17:06:00,1,1060.25,645,15,15,1060.25,2.029166666666667,25799.416666666668,25799.416666666668,4,2,4,10,2,Loyal Customers
18130,2011-11-24 14:40:00,2011-10-13 15:58:00,3,1059.39,824,15,57,353.13000000000005,1.6019736842105263,6783.813157894738,6783.813157894738,4,4,4,12,2,Loyal Customers
14465,2011-04-07 12:38:00,2011-02-10 12:13:00,3,1058.6200000000001,405,247,303,352.8733333333334,0.3013613861386139,1275.2353135313533,1275.2353135313533,1,3,4,8,1,At Risk
13455,2011-11-15 11:21:00,2010-12-08 13:11:00,2,1058.34,354,25,366,529.17,0.16632513661202186,1055.4483606557376,1055.4483606557376,4,2,4,10,2,Loyal Customers
14419,2011-11-29 11:22:00,2010-12-10 10:56:00,6,1058.06,487,11,365,176.34333333333333,0.5003424657534247,1058.06,1058.06,5,5,4,14,0,Champions
15407,2011-11-06 11:55:00,2011-02-07 13:18:00,4,1056.44,558,34,305,264.11,0.39918032786885244,1264.264262295082,1264.264262295082,3,4,4,11,2,Loyal Customers
14514,2011-10-09 16:05:00,2011-01-12 15:22:00,3,1055.35,589,61,331,351.7833333333333,0.275868580060423,1163.7545317220543,1163.7545317220543,3,3,4,10,2,Loyal Customers
15977,2011-11-22 13:29:00,2011-10-31 16:24:00,2,1054.73,1016,17,39,527.365,1.5608974358974361,9871.191025641026,9871.191025641026,4,3,4,11,2,Loyal Customers
16728,2011-10-24 14:36:00,2011-03-20 13:28:00,4,1054.67,677,46,264,263.6675,0.4611742424242424,1458.1611742424245,1458.1611742424245,3,4,4,11,2,Loyal Customers
12716,2011-12-06 08:55:00,2011-07-29 13:28:00,2,1053.49,708,4,133,526.745,0.45770676691729323,2891.156766917293,2891.156766917293,5,2,4,11,2,Loyal Customers
14583,2011-12-04 12:32:00,2011-05-18 11:28:00,5,1052.55,792,6,206,210.51,0.7387742718446602,1864.9550970873786,1864.9550970873786,5,4,4,13,0,Champions
16416,2011-11-13 12:50:00,2011-10-14 13:35:00,3,1051.4,672,27,56,350.4666666666667,1.6305803571428572,6852.875000000001,6852.875000000001,4,4,4,12,2,Loyal Customers
12849,2011-11-08 13:41:00,2011-03-16 12:26:00,2,1050.8899999999999,623,31,269,525.4449999999999,0.22630111524163568,1425.928810408922,1425.928810408922,4,2,4,10,2,Loyal Customers
14224,2011-08-21 13:24:00,2011-01-23 13:58:00,4,1050.12,514,110,320,262.53,0.38046875,1197.793125,1197.793125,2,4,4,10,2,Loyal Customers
15329,2011-10-31 15:36:00,2011-06-21 10:37:00,3,1049.7,486,39,172,349.90000000000003,0.5308866279069767,2227.561046511628,2227.561046511628,3,3,4,10,2,Loyal Customers
14078,2011-08-30 12:16:00,2010-12-01 12:54:00,6,1049.37,310,102,373,174.89499999999998,0.4896112600536193,1026.8634048257372,1026.8634048257372,2,5,4,11,0,Champions
15464,2011-01-05 15:56:00,2011-01-05 15:56:00,1,1048.85,350,338,338,1048.85,0.090051775147929,1132.6338757396447,1132.6338757396447,1,1,4,6,1,At Risk
15839,2011-11-06 13:54:00,2011-07-14 16:35:00,3,1048.49,675,33,148,349.49666666666667,0.6169763513513513,2585.80304054054,2585.80304054054,3,4,4,11,2,Loyal Customers
15777,2011-04-12 16:43:00,2010-12-13 16:38:00,4,1047.11,378,241,361,261.7775,0.33725761772853186,1058.712326869806,1058.712326869806,1,4,4,9,1,At Risk
16520,2011-06-06 13:24:00,2010-12-09 13:08:00,3,1046.57,558,186,365,348.8566666666666,0.25017123287671234,1046.57,1046.57,1,4,4,9,1,At Risk
14293,2011-12-06 15:17:00,2010-12-06 10:18:00,4,1046.56,709,3,369,261.64,0.32994579945799457,1035.2151761517614,1035.2151761517614,5,4,4,13,2,Loyal Customers
17042,2011-12-07 12:26:00,2011-04-06 14:53:00,5,1044.3799999999999,994,3,247,208.87599999999998,0.6161437246963563,1543.3145748987852,1543.3145748987852,5,4,4,13,0,Champions
15192,2011-08-12 11:41:00,2010-12-09 14:56:00,3,1044.32,918,120,365,348.1066666666666,0.25017123287671234,1044.32,1044.32,2,3,4,9,2,Loyal Customers
14389,2011-10-05 15:17:00,2011-06-02 12:04:00,2,1043.46,729,65,191,521.73,0.31871727748691103,1994.0465968586388,1994.0465968586388,3,3,4,10,2,Loyal Customers
15073,2011-11-30 10:44:00,2011-06-06 09:59:00,3,1043.41,491,10,187,347.80333333333334,0.4883021390374332,2036.6024064171124,2036.6024064171124,5,3,4,12,2,Loyal Customers
12497,2011-09-19 12:29:00,2011-09-19 12:29:00,1,1043.1,1236,82,82,1043.1,0.3711890243902439,4643.067073170731,4643.067073170731,2,1,4,7,2,Loyal Customers
14584,2011-06-23 18:33:00,2011-05-25 17:31:00,4,1042.26,383,169,198,260.565,0.61489898989899,1921.337878787879,1921.337878787879,2,4,4,10,2,Loyal Customers
13719,2011-11-24 15:26:00,2011-04-19 13:56:00,5,1041.68,609,15,234,208.336,0.6503739316239316,1624.842735042735,1624.842735042735,4,4,4,12,0,Champions
18221,2011-11-17 14:40:00,2011-05-12 14:13:00,5,1041.61,791,22,211,208.32199999999997,0.7212677725118484,1801.837203791469,1801.837203791469,4,4,4,12,0,Champions
15434,2011-12-01 13:33:00,2011-05-23 14:18:00,5,1041.48,647,8,200,208.296,0.7609375,1900.701,1900.701,5,4,4,13,0,Champions
14446,2011-12-09 11:34:00,2011-04-07 12:10:00,4,1039.58,933,1,247,259.895,0.492914979757085,1536.2214574898783,1536.2214574898783,5,4,4,13,2,Loyal Customers
16320,2011-06-20 15:25:00,2011-05-10 15:31:00,2,1038.46,732,172,213,519.23,0.2857981220657277,1779.5206572769955,1779.5206572769955,2,3,4,9,2,Loyal Customers
16175,2011-09-06 14:32:00,2011-04-13 14:38:00,4,1037.59,533,94,240,259.3975,0.5072916666666667,1578.0014583333332,1578.0014583333332,2,4,4,10,2,Loyal Customers
12691,2011-11-11 16:49:00,2010-12-17 14:46:00,6,1035.8,394,28,357,172.63333333333333,0.5115546218487395,1059.0112044817927,1059.0112044817927,4,5,4,13,0,Champions
16260,2011-10-20 09:40:00,2011-10-20 09:40:00,1,1035.45,311,51,51,1035.45,0.5968137254901961,7410.573529411765,7410.573529411765,3,2,4,9,2,Loyal Customers
13639,2011-09-26 13:36:00,2011-09-26 13:36:00,1,1033.34,800,74,74,1033.34,0.41131756756756754,5096.87972972973,5096.87972972973,2,1,4,7,2,Loyal Customers
17724,2011-09-29 15:26:00,2011-07-24 13:26:00,3,1033.0,300,71,138,344.3333333333333,0.6616847826086957,2732.210144927536,2732.210144927536,3,4,4,11,2,Loyal Customers
12599,2011-11-10 13:34:00,2011-02-08 13:28:00,7,1032.58,956,29,304,147.51142857142855,0.7008634868421052,1239.7753289473683,1239.7753289473683,4,5,4,13,0,Champions
17405,2011-12-08 17:12:00,2011-07-12 14:17:00,3,1031.41,726,1,150,343.80333333333334,0.60875,2509.7643333333335,2509.7643333333335,5,4,4,13,2,Loyal Customers
12724,2011-12-04 16:02:00,2011-01-11 15:00:00,4,1031.41,445,5,332,257.8525,0.3667168674698795,1133.9296686746989,1133.9296686746989,5,4,4,13,2,Loyal Customers
13235,2011-05-11 17:13:00,2011-05-11 17:13:00,1,1031.07,441,212,212,1031.07,0.14357311320754718,1775.1912735849055,1775.1912735849055,1,1,4,6,1,At Risk
12717,2011-07-11 14:47:00,2011-04-08 10:32:00,2,1030.98,506,151,246,515.49,0.24745934959349591,1529.7060975609756,1529.7060975609756,2,2,4,8,2,Loyal Customers
13253,2011-07-06 10:09:00,2011-01-04 15:43:00,2,1030.4,1572,157,339,515.2,0.17957227138643067,1109.4277286135696,1109.4277286135696,2,2,4,8,2,Loyal Customers
17033,2011-09-14 14:34:00,2010-12-15 13:21:00,3,1030.14,750,86,359,343.38000000000005,0.2543523676880223,1047.356824512535,1047.356824512535,2,4,4,10,2,Loyal Customers
15333,2011-05-15 13:27:00,2011-05-15 13:27:00,1,1028.56,344,208,208,1028.56,0.1463341346153846,1804.9249999999997,1804.9249999999997,1,1,4,6,1,At Risk
16682,2011-12-05 12:13:00,2011-06-05 11:02:00,5,1028.0,1040,5,188,205.6,0.8095079787234043,1995.8510638297873,1995.8510638297873,5,4,4,13,0,Champions
15104,2011-05-27 12:29:00,2011-03-02 14:16:00,2,1027.44,637,197,282,513.72,0.21586879432624112,1329.8425531914895,1329.8425531914895,1,3,4,8,1,At Risk
13956,2011-12-04 13:20:00,2011-03-13 12:51:00,5,1026.42,491,5,271,205.28400000000002,0.5615774907749078,1382.4476014760148,1382.4476014760148,5,4,4,13,0,Champions
16160,2011-10-05 14:19:00,2011-09-15 10:53:00,2,1025.44,1162,65,86,512.72,0.7078488372093023,4352.158139534884,4352.158139534884,3,3,4,10,2,Loyal Customers
14904,2011-12-07 12:55:00,2011-11-14 09:13:00,2,1025.44,1985,2,26,512.72,2.3413461538461537,14395.600000000002,14395.600000000002,5,3,4,12,2,Loyal Customers
15658,2011-06-02 15:22:00,2010-12-02 10:53:00,5,1024.1000000000001,242,190,373,204.82000000000002,0.4080093833780161,1002.1353887399465,1002.1353887399465,1,4,4,9,2,Loyal Customers
17096,2011-11-24 15:01:00,2011-03-23 12:05:00,4,1022.13,339,15,262,255.5325,0.46469465648854963,1423.9597328244274,1423.9597328244274,4,4,4,12,2,Loyal Customers
14346,2011-08-11 09:47:00,2011-02-15 13:52:00,2,1021.58,605,121,297,510.79,0.20496632996632996,1255.4771043771045,1255.4771043771045,2,3,4,9,2,Loyal Customers
13165,2011-10-24 15:05:00,2010-12-23 14:06:00,2,1021.48,1376,46,351,510.74,0.17343304843304844,1062.222792022792,1062.222792022792,3,2,4,9,2,Loyal Customers
12572,2011-12-01 09:20:00,2011-10-19 08:20:00,2,1020.42,452,9,52,510.21,1.1706730769230769,7162.5634615384615,7162.5634615384615,5,2,4,11,2,Loyal Customers
13376,2011-09-01 16:16:00,2011-04-19 13:03:00,3,1019.76,493,99,234,339.92,0.390224358974359,1590.6512820512821,1590.6512820512821,2,3,4,9,2,Loyal Customers
18142,2011-07-05 13:19:00,2011-05-08 12:31:00,2,1019.52,1276,157,216,509.76,0.28182870370370366,1722.8,1722.8,2,3,4,9,2,Loyal Customers
12828,2011-12-07 08:45:00,2011-08-01 16:16:00,6,1018.71,494,3,130,169.785,1.4048076923076922,2860.224230769231,2860.224230769231,5,5,4,14,0,Champions
14083,2011-12-05 13:14:00,2010-12-03 12:24:00,9,1018.43,732,4,372,113.15888888888888,0.7363911290322581,999.2659946236558,999.2659946236558,5,5,4,14,0,Champions
12514,2011-03-17 16:38:00,2011-03-17 16:38:00,1,1017.68,440,267,267,1017.68,0.11399812734082397,1391.2104868913857,1391.2104868913857,1,1,4,6,1,At Risk
13728,2011-11-03 10:49:00,2011-02-02 12:09:00,6,1016.14,458,37,311,169.35666666666665,0.5872186495176849,1192.575884244373,1192.575884244373,3,5,4,12,0,Champions
13867,2011-11-08 15:48:00,2011-05-05 17:28:00,3,1015.29,513,31,218,338.43,0.4188646788990826,1699.9121559633027,1699.9121559633027,4,3,4,11,2,Loyal Customers
12642,2011-11-14 15:03:00,2011-08-24 09:23:00,3,1013.26,552,25,108,337.75333333333333,0.845486111111111,3424.443518518519,3424.443518518519,4,3,4,11,2,Loyal Customers
12739,2011-09-22 13:00:00,2011-09-01 17:45:00,2,1013.04,486,78,99,506.52,0.61489898989899,3734.945454545454,3734.945454545454,2,2,4,8,2,Loyal Customers
17197,2011-11-10 10:32:00,2011-11-10 10:32:00,1,1013.01,191,30,30,1013.01,1.0145833333333334,12324.955,12324.955,4,2,4,10,2,Loyal Customers
14195,2011-05-22 10:29:00,2011-04-01 16:50:00,2,1012.0,760,202,252,506.0,0.24156746031746032,1465.7936507936508,1465.7936507936508,1,3,4,8,1,At Risk
14775,2011-10-12 15:27:00,2010-12-02 16:38:00,3,1011.9,1174,58,372,337.3,0.24546370967741934,992.8588709677421,992.8588709677421,3,3,4,10,2,Loyal Customers
16229,2011-09-13 17:16:00,2011-05-11 10:18:00,2,1010.6,318,87,213,505.3,0.2857981220657277,1731.7793427230047,1731.7793427230047,2,3,4,9,2,Loyal Customers
13032,2011-10-18 15:54:00,2011-09-13 16:40:00,2,1010.18,375,52,87,505.09,0.6997126436781609,4238.111494252873,4238.111494252873,3,2,4,9,2,Loyal Customers
16572,2011-08-04 16:34:00,2011-03-09 12:04:00,3,1009.6,532,127,276,336.53333333333336,0.33084239130434784,1335.1594202898552,1335.1594202898552,2,4,4,10,2,Loyal Customers
16174,2011-08-05 13:26:00,2011-07-11 09:23:00,3,1009.5500000000001,651,126,152,336.5166666666667,0.6007401315789473,2424.2483552631584,2424.2483552631584,2,4,4,10,2,Loyal Customers
17951,2011-10-31 12:30:00,2010-12-01 12:40:00,3,1008.5400000000001,616,40,374,336.18,0.2441510695187166,984.270320855615,984.270320855615,3,4,4,11,2,Loyal Customers
17646,2011-05-04 13:17:00,2010-12-09 14:28:00,3,1008.39,323,219,365,336.13,0.25017123287671234,1008.39,1008.39,1,4,4,9,1,At Risk
14631,2011-10-20 11:17:00,2011-02-14 09:31:00,3,1006.98,622,51,299,335.66,0.30539297658862874,1229.2565217391304,1229.2565217391304,3,3,4,10,2,Loyal Customers
13429,2011-11-29 09:10:00,2011-09-25 15:59:00,4,1006.8,1390,11,75,251.7,1.6233333333333333,4899.76,4899.76,5,4,4,13,2,Loyal Customers
17126,2011-07-10 13:52:00,2010-12-12 11:26:00,5,1004.75,792,152,363,200.95,0.41924931129476584,1010.2858126721763,1010.2858126721763,2,4,4,10,2,Loyal Customers
14214,2011-11-09 10:31:00,2011-03-07 12:26:00,5,1004.38,751,31,278,200.876,0.5474370503597122,1318.7003597122302,1318.7003597122302,4,4,4,12,0,Champions
13410,2011-11-15 15:33:00,2011-02-21 14:38:00,5,1003.06,518,24,291,200.612,0.5229810996563573,1258.1336769759448,1258.1336769759448,4,4,4,12,0,Champions
12446,2011-10-13 12:50:00,2011-10-13 12:50:00,1,1002.3100000000001,351,58,58,1002.3100000000001,0.5247844827586207,6307.64051724138,6307.64051724138,3,1,4,8,2,Loyal Customers
12545,2011-09-25 13:39:00,2011-03-25 12:04:00,2,1000.39,523,75,260,500.195,0.23413461538461536,1404.3936538461537,1404.3936538461537,2,2,4,8,2,Loyal Customers
15508,2011-06-03 15:43:00,2011-04-18 15:31:00,6,1000.27,440,189,235,166.71166666666667,0.777127659574468,1553.6108510638298,1553.6108510638298,1,5,4,10,0,Champions
18143,2011-08-15 12:07:00,2011-07-21 10:44:00,2,1000.16,570,117,142,500.08,0.42869718309859156,2570.833802816901,2570.833802816901,2,3,4,9,2,Loyal Customers
12722,2011-09-15 14:50:00,2011-07-12 11:55:00,4,997.63,566,85,151,249.4075,0.8062913907284769,2411.489735099338,2411.489735099338,2,4,4,10,2,Loyal Customers
14540,2011-11-30 10:15:00,2011-02-03 15:02:00,3,996.26,421,10,309,332.08666666666664,0.2955097087378641,1176.8119741100325,1176.8119741100325,5,3,4,12,2,Loyal Customers
15110,2011-11-16 11:16:00,2011-01-25 11:41:00,4,996.1,246,24,319,249.025,0.3816614420062696,1139.7382445141066,1139.7382445141066,4,4,4,12,2,Loyal Customers
17594,2011-09-15 16:34:00,2011-03-30 10:32:00,2,993.18,550,85,255,496.59,0.23872549019607842,1421.610588235294,1421.610588235294,2,3,4,9,2,Loyal Customers
16009,2011-11-17 16:51:00,2011-07-03 11:26:00,4,992.71,378,22,160,248.1775,0.7609375,2264.6196875,2264.6196875,4,4,4,12,2,Loyal Customers
13363,2011-11-22 12:40:00,2011-10-27 10:46:00,2,992.5,710,18,44,496.25,1.383522727272727,8233.238636363636,8233.238636363636,4,2,4,10,2,Loyal Customers
14223,2011-09-08 13:38:00,2011-03-20 16:02:00,3,991.13,585,92,264,330.37666666666667,0.34588068181818177,1370.3123106060607,1370.3123106060607,2,3,4,9,2,Loyal Customers
16232,2011-10-27 12:16:00,2011-05-08 14:05:00,4,990.88,550,44,215,247.72,0.5662790697674419,1682.1916279069767,1682.1916279069767,3,4,4,11,2,Loyal Customers
17324,2011-11-22 10:34:00,2010-12-08 12:45:00,4,990.23,844,18,367,247.5575,0.33174386920980925,984.833651226158,984.833651226158,4,4,4,12,2,Loyal Customers
15062,2011-09-29 16:51:00,2010-12-15 15:37:00,4,987.86,763,71,359,246.965,0.33913649025069637,1004.3701949860725,1004.3701949860725,3,4,4,11,2,Loyal Customers
18237,2011-12-07 12:49:00,2011-07-28 13:05:00,5,987.1,622,3,134,197.42000000000002,1.1357276119402984,2688.7425373134333,2688.7425373134333,5,4,4,13,0,Champions
16376,2011-12-01 11:38:00,2011-11-22 16:47:00,2,987.01,694,9,17,493.505,3.5808823529411766,21191.685294117648,21191.685294117648,5,3,4,12,2,Loyal Customers
13117,2011-11-18 12:02:00,2010-12-02 13:11:00,8,984.91,945,22,372,123.11375,0.6545698924731183,966.3767473118279,966.3767473118279,4,5,4,13,0,Champions
17144,2011-12-08 17:57:00,2011-09-16 12:50:00,2,984.57,483,1,85,492.285,0.7161764705882353,4227.859411764706,4227.859411764706,5,3,4,12,2,Loyal Customers
12510,2011-07-20 10:15:00,2011-01-18 14:04:00,2,982.5699999999999,353,143,325,491.28499999999997,0.18730769230769231,1103.5016923076923,1103.5016923076923,2,2,4,8,2,Loyal Customers
15133,2011-08-04 10:44:00,2011-02-11 10:38:00,3,982.42,680,128,302,327.4733333333333,0.3023592715231788,1187.3619205298012,1187.3619205298012,2,3,4,9,2,Loyal Customers
14138,2011-12-08 12:44:00,2011-10-07 09:38:00,2,982.3800000000001,610,2,64,491.19000000000005,0.951171875,5602.6359375,5602.6359375,5,3,4,12,2,Loyal Customers
15071,2011-09-07 11:43:00,2011-03-09 10:19:00,2,982.07,269,94,276,491.035,0.22056159420289856,1298.7519927536234,1298.7519927536234,2,3,4,9,2,Loyal Customers
16188,2011-10-26 12:19:00,2011-04-11 09:44:00,4,981.86,782,45,243,245.465,0.5010288065843621,1474.8102880658437,1474.8102880658437,3,4,4,11,2,Loyal Customers
16907,2011-11-10 18:04:00,2010-12-09 16:52:00,5,981.65,298,29,365,196.32999999999998,0.4169520547945206,981.6499999999999,981.6499999999999,4,4,4,12,0,Champions
16085,2011-11-16 13:24:00,2011-01-23 12:07:00,5,981.51,636,23,321,196.302,0.4741043613707165,1116.0471962616823,1116.0471962616823,4,4,4,12,0,Champions
12541,2011-11-10 10:40:00,2011-03-04 09:32:00,3,981.18,680,30,281,327.06,0.3249555160142349,1274.4864768683274,1274.4864768683274,4,3,4,11,2,Loyal Customers
18170,2011-11-06 14:35:00,2011-05-06 15:13:00,3,980.31,409,33,217,326.77,0.420794930875576,1648.908525345622,1648.908525345622,4,4,4,12,2,Loyal Customers
13509,2011-12-01 10:10:00,2011-02-28 13:27:00,7,979.72,1106,9,284,139.96,0.7502200704225352,1259.1471830985915,1259.1471830985915,5,5,4,14,0,Champions
15506,2011-11-17 12:11:00,2011-07-24 11:45:00,3,979.26,848,23,139,326.42,0.6569244604316546,2571.4381294964032,2571.4381294964032,4,3,4,11,2,Loyal Customers
13350,2011-11-23 16:33:00,2011-09-21 13:33:00,2,979.12,287,16,79,489.56,0.7705696202531646,4523.782278481012,4523.782278481012,4,2,4,10,2,Loyal Customers
15132,2011-11-21 17:10:00,2011-03-22 12:02:00,5,977.9300000000001,679,18,263,195.586,0.5786596958174905,1357.2032319391635,1357.2032319391635,4,4,4,12,0,Champions
14920,2011-05-11 10:32:00,2011-05-11 10:31:00,2,977.77,509,213,213,488.885,0.2857981220657277,1675.5213615023474,1675.5213615023474,1,3,4,8,1,At Risk
15860,2011-10-30 11:25:00,2010-12-06 11:38:00,8,977.21,440,41,369,122.15125,0.6598915989159891,966.6169376693767,966.6169376693767,3,5,4,12,0,Champions
13026,2011-12-08 16:58:00,2011-03-09 11:35:00,5,975.36,1620,1,276,195.072,0.5514039855072465,1289.8782608695653,1289.8782608695653,5,4,4,13,0,Champions
14522,2011-11-15 13:24:00,2011-05-25 16:01:00,4,974.54,525,24,198,243.635,0.61489898989899,1796.500505050505,1796.500505050505,4,4,4,12,2,Loyal Customers
15449,2011-11-13 15:02:00,2011-03-23 10:43:00,3,974.52,812,26,262,324.84,0.3485209923664122,1357.632824427481,1357.632824427481,4,3,4,11,2,Loyal Customers
12994,2011-12-05 15:43:00,2011-03-16 08:31:00,3,974.4200000000001,459,4,269,324.8066666666667,0.33945167286245354,1322.168401486989,1322.168401486989,5,3,4,12,2,Loyal Customers
15747,2011-11-27 12:26:00,2011-06-20 11:30:00,3,974.04,480,13,173,324.68,0.5278179190751445,2055.0554913294795,2055.0554913294795,5,3,4,12,2,Loyal Customers
18194,2011-09-18 13:29:00,2011-09-18 13:29:00,1,973.8399999999999,632,82,82,973.8399999999999,0.3711890243902439,4334.775609756097,4334.775609756097,2,2,4,8,2,Loyal Customers
16419,2011-08-19 12:33:00,2011-02-01 12:25:00,6,972.23,436,113,312,162.03833333333333,0.5853365384615385,1137.3844551282052,1137.3844551282052,2,5,4,11,0,Champions
13155,2011-11-06 15:41:00,2010-12-06 12:44:00,4,971.76,497,33,369,242.94,0.32994579945799457,961.2260162601626,961.2260162601626,3,4,4,11,2,Loyal Customers
17100,2011-11-21 16:36:00,2011-11-21 16:36:00,2,971.74,800,18,18,485.87,3.3819444444444446,19704.727777777778,19704.727777777778,4,3,4,11,2,Loyal Customers
17618,2011-12-04 11:50:00,2010-12-12 16:05:00,3,971.58,331,6,362,323.86,0.25224447513812154,979.6317679558011,979.6317679558011,5,4,4,13,2,Loyal Customers
14256,2011-03-24 13:17:00,2010-12-10 11:44:00,2,969.0600000000001,414,260,365,484.53000000000003,0.16678082191780824,969.0600000000001,969.0600000000001,1,3,4,8,1,At Risk
15907,2011-12-06 12:21:00,2011-05-13 13:01:00,3,967.45,509,4,210,322.48333333333335,0.4348214285714286,1681.520238095238,1681.520238095238,5,4,4,13,2,Loyal Customers
15793,2011-11-25 09:31:00,2011-03-16 10:45:00,3,965.61,553,15,269,321.87,0.33945167286245354,1310.214312267658,1310.214312267658,4,4,4,12,2,Loyal Customers
12550,2011-09-21 14:35:00,2011-09-21 14:35:00,1,964.83,569,79,79,964.83,0.3852848101265823,4457.7588607594935,4457.7588607594935,2,1,4,7,2,Loyal Customers
13138,2011-11-17 16:51:00,2010-12-02 15:03:00,6,962.39,473,22,372,160.39833333333334,0.4909274193548387,944.2805107526883,944.2805107526883,4,5,4,13,0,Champions
14006,2011-08-16 09:39:00,2011-01-31 15:11:00,3,962.19,641,116,312,320.73,0.2926682692307693,1125.6389423076923,1125.6389423076923,2,3,4,9,2,Loyal Customers
15156,2011-12-08 18:22:00,2011-11-06 12:41:00,3,961.49,597,1,34,320.49666666666667,2.6856617647058827,10321.87794117647,10321.87794117647,5,3,4,12,2,Loyal Customers
14629,2011-12-05 16:55:00,2011-10-23 16:13:00,2,959.01,380,4,47,479.505,1.2952127659574468,7447.63085106383,7447.63085106383,5,3,4,12,2,Loyal Customers
18192,2011-09-29 09:53:00,2011-09-29 09:53:00,1,957.97,339,72,72,957.97,0.4227430555555556,4856.375694444444,4856.375694444444,2,2,4,8,2,Loyal Customers
13823,2011-11-21 10:22:00,2011-09-09 10:42:00,2,957.66,439,19,92,478.83,0.6616847826086957,3799.411956521739,3799.411956521739,4,2,4,10,2,Loyal Customers
12697,2011-11-11 08:47:00,2011-06-23 15:44:00,3,957.59,508,29,169,319.19666666666666,0.540310650887574,2068.16775147929,2068.16775147929,4,3,4,11,2,Loyal Customers
15948,2011-12-01 15:32:00,2011-10-27 08:35:00,2,955.24,567,8,44,477.62,1.383522727272727,7924.15,7924.15,5,3,4,12,2,Loyal Customers
17244,2011-10-17 15:19:00,2011-10-17 15:19:00,1,954.9,616,53,53,954.9,0.5742924528301887,6576.198113207547,6576.198113207547,3,2,4,9,2,Loyal Customers
17097,2011-12-07 17:05:00,2010-12-09 14:55:00,8,954.42,459,2,365,119.3025,0.667123287671233,954.42,954.42,5,5,4,14,0,Champions
15835,2011-10-26 15:47:00,2011-01-13 10:35:00,4,954.09,439,44,331,238.5225,0.36782477341389724,1052.0932024169185,1052.0932024169185,3,4,4,11,2,Loyal Customers
16934,2011-10-16 12:40:00,2011-10-16 12:25:00,2,950.9300000000001,399,55,55,475.46500000000003,1.106818181818182,6310.717272727273,6310.717272727273,3,3,4,10,2,Loyal Customers
15421,2011-10-12 09:20:00,2011-02-02 14:36:00,4,950.36,500,59,310,237.59,0.392741935483871,1118.9722580645162,1118.9722580645162,3,4,4,11,2,Loyal Customers
16511,2011-11-18 10:41:00,2011-03-18 11:24:00,3,950.26,417,22,267,316.75333333333333,0.34199438202247195,1299.0445692883895,1299.0445692883895,4,4,4,12,2,Loyal Customers
13636,2011-11-03 10:30:00,2011-02-27 14:29:00,5,949.12,592,37,285,189.824,0.5339912280701755,1215.539649122807,1215.539649122807,3,4,4,11,0,Champions
12822,2011-09-30 10:04:00,2011-09-13 13:46:00,2,948.88,550,71,87,474.44,0.6997126436781609,3980.9333333333334,3980.9333333333334,3,2,4,9,2,Loyal Customers
17044,2011-11-14 14:28:00,2011-11-14 14:28:00,1,948.48,504,25,25,948.48,1.2175,13847.808,13847.808,4,2,4,10,2,Loyal Customers
13748,2011-09-05 09:45:00,2010-12-01 09:00:00,5,948.25,439,96,374,189.65,0.40691844919786097,925.4311497326203,925.4311497326203,2,4,4,10,0,Champions
15787,2011-11-13 14:55:00,2011-10-09 13:11:00,3,948.05,540,26,61,316.01666666666665,1.4969262295081966,5672.758196721312,5672.758196721312,4,4,4,12,2,Loyal Customers
12458,2011-09-29 15:25:00,2011-02-28 10:55:00,2,947.4,506,71,285,473.7,0.2135964912280702,1213.3368421052633,1213.3368421052633,3,2,4,9,2,Loyal Customers
15707,2011-11-04 14:35:00,2011-09-14 14:19:00,4,945.58,605,35,86,236.395,1.4156976744186045,4013.2174418604654,4013.2174418604654,3,4,4,11,2,Loyal Customers
17289,2011-11-08 12:01:00,2011-06-12 13:51:00,3,944.41,520,32,180,314.80333333333334,0.5072916666666667,1915.0536111111112,1915.0536111111112,4,4,4,12,2,Loyal Customers
13261,2011-03-16 12:22:00,2011-02-27 10:41:00,2,944.1,210,269,286,472.05,0.21284965034965034,1204.8828671328672,1204.8828671328672,1,2,4,7,1,At Risk
12820,2011-12-06 15:12:00,2011-01-17 12:34:00,4,942.34,722,3,327,235.585,0.3723241590214067,1051.847400611621,1051.847400611621,5,4,4,13,2,Loyal Customers
14075,2011-12-05 08:38:00,2011-03-23 16:35:00,3,942.26,754,5,261,314.08666666666664,0.34985632183908044,1317.7199233716476,1317.7199233716476,5,3,3,11,2,Loyal Customers
15576,2011-11-02 12:03:00,2011-11-02 12:03:00,1,940.6700000000001,404,38,38,940.6700000000001,0.8009868421052632,9035.382894736844,9035.382894736844,3,1,3,7,2,Loyal Customers
15289,2011-11-10 13:49:00,2011-04-04 12:44:00,3,939.78,1008,29,250,313.26,0.36525,1372.0788,1372.0788,4,3,3,10,2,Loyal Customers
17527,2011-10-17 12:32:00,2011-05-05 13:43:00,4,939.37,488,54,218,234.8425,0.5584862385321101,1572.7983944954128,1572.7983944954128,3,4,3,10,2,Loyal Customers
17227,2011-11-21 10:51:00,2010-12-06 11:16:00,6,939.32,741,19,369,156.55333333333334,0.4949186991869919,929.1376693766939,929.1376693766939,4,5,3,12,0,Champions
16584,2011-09-20 13:45:00,2011-03-30 13:14:00,2,936.08,646,80,254,468.04,0.23966535433070868,1345.1543307086615,1345.1543307086615,2,3,3,8,2,Loyal Customers
14140,2011-12-06 09:05:00,2011-11-08 11:20:00,2,935.05,811,4,32,467.525,1.90234375,10665.4140625,10665.4140625,5,3,3,11,2,Loyal Customers
16027,2011-09-09 10:47:00,2011-02-10 12:19:00,6,934.62,1147,92,303,155.77,0.6027227722772278,1125.862376237624,1125.862376237624,2,5,3,10,0,Champions
14081,2011-02-10 16:17:00,2010-12-05 15:47:00,2,934.52,596,302,369,467.26,0.16497289972899729,924.389701897019,924.389701897019,1,3,3,7,1,At Risk
12924,2011-09-12 13:55:00,2011-01-16 11:49:00,4,933.7,481,88,328,233.425,0.3711890243902439,1039.0259146341464,1039.0259146341464,2,4,3,9,2,Loyal Customers
16657,2011-11-30 11:48:00,2011-03-30 12:02:00,4,933.62,1229,10,255,233.405,0.47745098039215683,1336.3580392156862,1336.3580392156862,5,4,3,12,2,Loyal Customers
13655,2011-08-17 14:25:00,2011-04-12 09:53:00,2,932.97,605,114,242,466.485,0.2515495867768595,1407.1654958677686,1407.1654958677686,2,2,3,7,2,Loyal Customers
14532,2011-04-17 13:05:00,2010-12-22 13:48:00,4,932.85,284,236,352,233.2125,0.34588068181818177,967.3018465909091,967.3018465909091,1,4,3,8,1,At Risk
18133,2011-05-11 14:14:00,2011-05-11 14:14:00,1,931.4999999999999,1350,212,212,931.4999999999999,0.14357311320754718,1603.76179245283,1603.76179245283,1,2,3,6,1,At Risk
17552,2011-10-10 17:00:00,2010-12-02 18:45:00,4,930.41,719,60,372,232.6025,0.3272849462365591,912.9022849462365,912.9022849462365,3,4,3,10,2,Loyal Customers
14475,2011-09-29 10:46:00,2011-02-08 10:12:00,3,925.85,447,72,305,308.6166666666667,0.29938524590163934,1107.9844262295082,1107.9844262295082,2,3,3,8,2,Loyal Customers
14231,2011-06-09 11:05:00,2011-02-24 11:55:00,3,925.71,409,184,289,308.57,0.31596020761245674,1169.1493079584775,1169.1493079584775,1,3,3,7,1,At Risk
17048,2011-08-14 11:49:00,2011-01-12 16:51:00,3,925.35,485,118,331,308.45,0.275868580060423,1020.4010574018125,1020.4010574018125,2,4,3,9,2,Loyal Customers
15312,2011-09-25 13:10:00,2010-12-20 12:51:00,4,924.85,516,75,354,231.2125,0.3439265536723164,953.5882768361582,953.5882768361582,2,4,3,9,2,Loyal Customers
13805,2011-10-18 14:50:00,2011-08-02 15:29:00,2,924.6,1900,52,129,462.3,0.47189922480620156,2616.1162790697676,2616.1162790697676,3,2,3,8,2,Loyal Customers
15654,2011-11-30 13:08:00,2011-11-13 15:15:00,2,922.53,475,9,26,461.265,2.3413461538461537,12950.901923076923,12950.901923076923,5,3,3,11,2,Loyal Customers
13122,2011-09-06 15:53:00,2011-04-13 14:12:00,2,922.39,585,94,240,461.195,0.25364583333333335,1402.8014583333331,1402.8014583333331,2,2,3,7,2,Loyal Customers
16551,2011-09-05 09:38:00,2011-01-07 10:24:00,3,922.12,970,96,337,307.37333333333333,0.27095697329376855,998.7353115727003,998.7353115727003,2,4,3,9,2,Loyal Customers
13934,2011-03-21 08:39:00,2011-03-21 08:39:00,1,922.1,390,264,264,922.1,0.1152935606060606,1274.873106060606,1274.873106060606,1,1,3,5,1,At Risk
13035,2011-09-27 08:57:00,2011-03-24 09:21:00,2,921.88,644,74,261,460.94,0.2332375478927203,1289.2191570881228,1289.2191570881228,2,2,3,7,2,Loyal Customers
17323,2011-11-24 17:29:00,2011-02-20 14:38:00,7,921.07,776,15,292,131.58142857142857,0.729666095890411,1151.3375,1151.3375,4,5,3,12,0,Champions
13984,2011-11-13 12:38:00,2010-12-08 15:58:00,5,920.51,679,27,366,184.102,0.4158128415300546,917.9949453551914,917.9949453551914,4,4,3,11,0,Champions
17018,2011-10-30 11:42:00,2011-01-18 08:46:00,2,920.1,176,41,326,460.05,0.1867331288343558,1030.1733128834355,1030.1733128834355,3,3,3,9,2,Loyal Customers
12652,2011-01-12 15:00:00,2011-01-12 15:00:00,1,919.98,505,331,331,919.98,0.09195619335347431,1014.4794561933535,1014.4794561933535,1,1,3,5,1,At Risk
13075,2011-08-02 10:19:00,2011-08-02 10:19:00,1,919.61,485,130,130,919.61,0.23413461538461536,2581.981923076923,2581.981923076923,2,1,3,6,2,Loyal Customers
13549,2011-11-14 09:20:00,2011-04-11 13:42:00,7,918.2,458,26,242,131.17142857142858,0.8804235537190083,1384.888429752066,1384.888429752066,4,5,3,12,0,Champions
15253,2011-11-23 16:22:00,2011-06-23 12:19:00,5,918.1999999999999,866,16,170,183.64,0.895220588235294,1971.429411764706,1971.429411764706,4,4,3,11,0,Champions
14015,2011-10-18 10:02:00,2011-10-18 10:02:00,1,917.34,378,53,53,917.34,0.5742924528301887,6317.530188679246,6317.530188679246,3,1,3,7,2,Loyal Customers
14712,2011-11-10 12:59:00,2011-08-19 13:33:00,3,917.07,315,29,112,305.69,0.8152901785714286,2988.665625,2988.665625,4,3,3,10,2,Loyal Customers
17236,2011-11-27 12:00:00,2010-12-12 11:49:00,6,916.13,474,13,363,152.68833333333333,0.503099173553719,921.1775482093665,921.1775482093665,5,5,3,13,0,Champions
14141,2011-12-07 09:53:00,2011-08-26 14:40:00,4,915.13,355,3,105,228.7825,1.1595238095238094,3181.1661904761904,3181.1661904761904,5,4,3,12,2,Loyal Customers
16216,2011-03-17 15:34:00,2011-03-17 15:34:00,1,914.9300000000001,254,267,267,914.9300000000001,0.11399812734082397,1250.7470037453184,1250.7470037453184,1,2,3,6,1,At Risk
16809,2011-11-16 15:45:00,2011-03-22 15:20:00,5,914.69,652,23,262,182.93800000000002,0.580868320610687,1274.2818702290078,1274.2818702290078,4,4,3,11,0,Champions
15587,2011-10-20 13:37:00,2010-12-23 09:59:00,4,913.6800000000001,312,50,352,228.42000000000002,0.34588068181818177,947.4238636363636,947.4238636363636,3,4,3,10,2,Loyal Customers
12940,2011-10-16 12:09:00,2011-09-13 10:16:00,2,913.54,411,55,88,456.77,0.6917613636363635,3789.1147727272723,3789.1147727272723,3,2,3,8,2,Loyal Customers
15364,2011-09-05 09:46:00,2011-03-30 13:39:00,2,913.19,493,96,254,456.595,0.23966535433070868,1312.261220472441,1312.261220472441,2,3,3,8,2,Loyal Customers
14359,2011-11-20 13:17:00,2011-09-13 09:03:00,3,912.18,371,19,88,304.06,1.0376420454545454,3783.4738636363636,3783.4738636363636,4,3,3,10,2,Loyal Customers
13782,2011-11-27 11:54:00,2011-01-16 11:08:00,6,912.0,371,13,328,152.0,0.5567835365853658,1014.8780487804878,1014.8780487804878,5,5,3,13,0,Champions
13192,2011-09-05 14:13:00,2011-05-18 14:57:00,2,911.94,595,95,205,455.97,0.2969512195121951,1623.698048780488,1623.698048780488,2,2,3,7,2,Loyal Customers
14289,2011-12-01 11:44:00,2011-02-23 12:33:00,6,911.26,292,9,290,151.87666666666667,0.6297413793103448,1146.9306896551725,1146.9306896551725,5,5,3,13,0,Champions
18096,2011-11-28 12:44:00,2011-10-07 11:55:00,3,911.15,825,12,64,303.71666666666664,1.4267578125,5196.402343749999,5196.402343749999,5,4,3,12,2,Loyal Customers
13689,2011-10-07 13:21:00,2011-10-07 13:21:00,1,910.0,512,63,63,910.0,0.48313492063492064,5272.222222222223,5272.222222222223,3,1,3,7,2,Loyal Customers
15511,2011-11-28 09:43:00,2011-09-15 15:05:00,5,909.23,271,12,85,181.846,1.790441176470588,3904.340588235294,3904.340588235294,5,4,3,12,0,Champions
13038,2011-09-20 14:37:00,2011-02-22 11:43:00,3,908.46,360,80,291,302.82,0.31378865979381443,1139.477319587629,1139.477319587629,2,3,3,8,2,Loyal Customers
14449,2011-11-21 12:06:00,2010-12-02 14:09:00,4,907.1,757,19,372,226.775,0.3272849462365591,890.0309139784946,890.0309139784946,4,4,3,11,2,Loyal Customers
15480,2011-08-15 14:32:00,2011-08-15 14:32:00,1,905.5,303,116,116,905.5,0.26239224137931033,2849.2025862068967,2849.2025862068967,2,1,3,6,2,Loyal Customers
15022,2011-11-28 12:35:00,2011-10-23 15:47:00,4,905.04,543,12,47,226.26,2.5904255319148937,7028.502127659574,7028.502127659574,5,4,3,12,2,Loyal Customers
15807,2011-10-20 14:10:00,2011-09-23 14:43:00,3,903.9,430,50,77,301.3,1.1858766233766234,4284.72077922078,4284.72077922078,3,4,3,10,2,Loyal Customers
17566,2011-12-01 19:54:00,2011-11-14 13:42:00,2,901.21,518,8,25,450.605,2.435,13157.666000000001,13157.666000000001,5,3,3,11,2,Loyal Customers
16716,2011-03-18 10:03:00,2011-02-01 15:35:00,2,901.2,120,267,311,450.6,0.1957395498392283,1057.6784565916398,1057.6784565916398,1,3,3,7,1,At Risk
17848,2011-09-19 16:49:00,2010-12-16 18:38:00,9,901.1999999999999,398,81,358,100.13333333333333,0.7651885474860335,918.8212290502794,918.8212290502794,2,5,3,10,0,Champions
14625,2011-05-27 15:32:00,2010-12-13 15:36:00,2,899.63,335,196,361,449.815,0.16862880886426593,909.5981994459834,909.5981994459834,1,3,3,7,1,At Risk
17886,2011-11-08 10:09:00,2011-04-04 12:34:00,3,899.61,481,32,250,299.87,0.36525,1313.4306000000001,1313.4306000000001,4,4,3,11,2,Loyal Customers
13662,2011-09-15 12:04:00,2011-03-25 13:23:00,3,897.76,543,86,259,299.25333333333333,0.352557915057915,1265.1830115830116,1265.1830115830116,2,3,3,8,2,Loyal Customers
17537,2011-11-10 10:56:00,2011-02-09 13:37:00,2,897.62,700,30,303,448.81,0.2009075907590759,1081.291419141914,1081.291419141914,4,3,3,10,2,Loyal Customers
16361,2011-11-30 12:32:00,2011-09-29 13:13:00,4,896.66,421,10,71,224.165,1.7147887323943662,4609.59014084507,4609.59014084507,5,4,3,12,2,Loyal Customers
15079,2011-05-11 12:45:00,2010-12-09 09:25:00,4,895.61,389,213,366,223.9025,0.3326502732240437,893.1629781420766,893.1629781420766,1,4,3,8,1,At Risk
15865,2011-10-30 12:43:00,2011-05-10 11:44:00,3,895.13,368,41,214,298.37666666666667,0.42669392523364486,1526.7404205607477,1526.7404205607477,3,4,3,10,2,Loyal Customers
15211,2011-10-10 13:31:00,2010-12-09 16:08:00,2,894.4100000000001,240,60,365,447.20500000000004,0.16678082191780824,894.4100000000001,894.4100000000001,3,3,3,9,2,Loyal Customers
15066,2011-10-17 13:25:00,2011-10-17 13:25:00,1,893.59,317,53,53,893.59,0.5742924528301887,6153.968867924529,6153.968867924529,3,1,3,7,2,Loyal Customers
12772,2011-10-11 09:19:00,2011-10-11 09:19:00,1,892.47,556,60,60,892.47,0.5072916666666667,5429.1925,5429.1925,3,1,3,7,2,Loyal Customers
13515,2011-09-28 11:26:00,2011-04-06 10:33:00,4,891.12,681,73,248,222.78,0.4909274193548387,1311.5274193548387,1311.5274193548387,2,4,3,9,2,Loyal Customers
15255,2011-10-04 12:43:00,2011-10-04 12:43:00,1,890.85,489,67,67,890.85,0.45429104477611937,4853.138059701492,4853.138059701492,3,1,3,7,2,Loyal Customers
14240,2011-11-09 13:45:00,2011-04-28 11:40:00,2,890.34,418,30,226,445.17,0.26935840707964603,1437.9384955752214,1437.9384955752214,4,3,3,10,2,Loyal Customers
17027,2011-09-22 12:24:00,2011-01-26 14:19:00,6,890.29,421,79,317,148.38166666666666,0.5761041009463722,1025.0973186119872,1025.0973186119872,2,5,3,10,0,Champions
14344,2011-08-04 13:51:00,2010-12-06 11:58:00,8,889.9300000000001,477,127,369,111.24125000000001,0.6598915989159891,880.2830623306234,880.2830623306234,2,5,3,10,0,Champions
17007,2011-10-20 10:47:00,2010-12-17 13:57:00,6,889.9300000000001,597,51,357,148.3216666666667,0.5115546218487395,909.8724089635855,909.8724089635855,3,5,3,11,0,Champions
14623,2011-11-07 13:56:00,2011-04-18 13:54:00,5,889.25,419,32,235,177.85,0.6476063829787234,1381.1755319148936,1381.1755319148936,4,4,3,11,0,Champions
17829,2011-02-14 12:46:00,2011-02-14 12:46:00,1,889.24,496,299,299,889.24,0.10179765886287624,1085.5270903010032,1085.5270903010032,1,2,3,6,1,At Risk
16347,2011-11-28 13:14:00,2011-11-03 13:01:00,2,887.65,353,11,36,443.825,1.6909722222222223,8999.784722222223,8999.784722222223,5,3,3,11,2,Loyal Customers
16900,2011-11-23 10:32:00,2011-10-07 13:17:00,3,887.11,833,17,63,295.7033333333333,1.4494047619047619,5139.605555555555,5139.605555555555,4,4,3,11,2,Loyal Customers
15822,2011-12-06 14:50:00,2010-12-15 13:38:00,2,885.47,375,3,359,442.735,0.16956824512534818,900.2689415041782,900.2689415041782,5,3,3,11,2,Loyal Customers
17704,2011-06-24 09:40:00,2011-04-14 09:28:00,2,885.19,343,169,240,442.595,0.25364583333333335,1346.2264583333335,1346.2264583333335,2,3,3,8,2,Loyal Customers
17109,2011-11-10 16:59:00,2011-04-21 15:46:00,6,885.04,589,29,232,147.50666666666666,0.787176724137931,1392.4120689655172,1392.4120689655172,4,5,3,12,0,Champions
15799,2011-09-25 12:46:00,2011-01-09 15:13:00,3,884.14,955,76,334,294.7133333333333,0.2733907185628743,966.2008982035927,966.2008982035927,2,4,3,9,2,Loyal Customers
14597,2011-11-28 13:13:00,2011-06-01 12:33:00,2,883.15,577,11,192,441.575,0.31705729166666663,1678.9049479166667,1678.9049479166667,5,3,3,11,2,Loyal Customers
18236,2011-11-10 08:06:00,2011-04-13 09:52:00,6,882.24,403,30,241,147.04,0.7577800829875518,1336.1726141078836,1336.1726141078836,4,5,3,12,0,Champions
13037,2011-07-24 15:46:00,2011-03-28 15:42:00,3,881.07,431,138,256,293.69,0.356689453125,1256.2130859375,1256.2130859375,2,3,3,8,2,Loyal Customers
15076,2011-06-20 08:23:00,2011-06-20 08:23:00,1,880.85,571,173,173,880.85,0.1759393063583815,1858.4407514450868,1858.4407514450868,2,1,3,6,1,At Risk
15653,2011-09-08 10:49:00,2011-08-16 09:50:00,2,877.4399999999999,1200,93,116,438.71999999999997,0.5247844827586207,2760.910344827586,2760.910344827586,2,3,3,8,2,Loyal Customers
14770,2011-04-21 14:21:00,2011-01-20 15:00:00,2,876.42,490,232,323,438.21,0.18846749226006193,990.38173374613,990.38173374613,1,3,3,7,1,At Risk
15100,2011-01-10 10:35:00,2010-12-01 09:09:00,3,876.0,80,334,374,292.0,0.2441510695187166,854.9197860962566,854.9197860962566,1,3,3,7,1,At Risk
13566,2011-10-30 11:59:00,2011-09-18 12:40:00,2,874.71,575,41,83,437.355,0.733433734939759,3846.6162650602414,3846.6162650602414,3,2,3,8,2,Loyal Customers
16513,2011-12-05 10:18:00,2011-10-27 14:56:00,4,874.59,407,5,43,218.6475,2.831395348837209,7423.84534883721,7423.84534883721,5,4,3,12,2,Loyal Customers
13294,2011-06-03 08:54:00,2011-04-04 12:37:00,2,873.74,453,190,250,436.87,0.24350000000000002,1275.6604,1275.6604,1,2,3,6,1,At Risk
12847,2011-11-17 13:16:00,2011-11-17 13:16:00,1,871.54,909,22,22,871.54,1.383522727272727,14459.640909090907,14459.640909090907,4,1,3,8,2,Loyal Customers
15208,2011-12-08 17:24:00,2010-12-21 13:03:00,5,870.12,316,1,353,174.024,0.43112606232294615,899.699150141643,899.699150141643,5,4,3,12,0,Champions
13200,2011-11-20 15:35:00,2011-08-05 14:50:00,4,870.09,516,19,126,217.5225,0.9662698412698413,2520.49880952381,2520.49880952381,4,4,3,11,2,Loyal Customers
13979,2011-09-27 13:32:00,2011-09-27 13:32:00,1,869.87,639,73,73,869.87,0.4169520547945205,4349.349999999999,4349.349999999999,2,1,3,6,2,Loyal Customers
12694,2011-09-30 13:06:00,2011-06-09 17:48:00,2,869.67,509,70,183,434.835,0.3326502732240437,1734.5877049180326,1734.5877049180326,3,2,3,8,2,Loyal Customers
13203,2011-11-30 10:45:00,2011-04-11 14:40:00,4,869.46,800,10,242,217.365,0.503099173553719,1311.3756198347107,1311.3756198347107,5,4,3,12,2,Loyal Customers
17649,2011-07-24 15:53:00,2011-07-24 15:53:00,1,868.49,399,138,138,868.49,0.22056159420289856,2297.093115942029,2297.093115942029,2,2,3,7,2,Loyal Customers
14912,2011-11-23 09:20:00,2011-04-07 11:06:00,2,867.85,971,17,247,433.925,0.2464574898785425,1282.4504048582996,1282.4504048582996,4,3,3,10,2,Loyal Customers
14715,2011-11-15 12:10:00,2011-01-12 13:27:00,4,867.38,521,25,331,216.845,0.36782477341389724,956.4764350453172,956.4764350453172,4,4,3,11,2,Loyal Customers
16235,2011-10-30 10:56:00,2011-01-11 15:42:00,5,867.31,330,41,332,173.462,0.4583960843373494,953.5185240963855,953.5185240963855,3,4,3,10,0,Champions
16121,2011-10-13 12:59:00,2011-05-08 11:52:00,2,867.11,586,57,216,433.555,0.28182870370370366,1465.2553240740742,1465.2553240740742,3,3,3,9,2,Loyal Customers
14332,2011-11-17 11:54:00,2011-07-15 10:33:00,3,866.31,481,23,148,288.77,0.6169763513513513,2136.50777027027,2136.50777027027,4,3,3,10,2,Loyal Customers
16567,2011-05-29 13:57:00,2011-01-07 09:31:00,2,865.6,996,194,337,432.8,0.1806379821958457,937.5192878338279,937.5192878338279,1,3,3,7,1,At Risk
13846,2011-11-15 12:07:00,2010-12-14 16:07:00,3,865.0600000000001,388,25,360,288.35333333333335,0.25364583333333335,877.0747222222222,877.0747222222222,4,3,3,10,2,Loyal Customers
16221,2011-11-03 11:43:00,2010-12-07 13:13:00,3,864.86,717,37,367,288.2866666666667,0.24880790190735694,860.1468664850137,860.1468664850137,3,4,3,10,2,Loyal Customers
12680,2011-12-09 12:50:00,2011-08-18 15:44:00,4,862.81,443,1,113,215.7025,1.0774336283185841,2786.952654867256,2786.952654867256,5,4,3,12,2,Loyal Customers
16266,2011-09-27 12:08:00,2011-05-17 14:50:00,7,861.89,398,74,206,123.12714285714286,1.0342839805825244,1527.135194174757,1527.135194174757,2,5,3,10,0,Champions
12794,2011-10-17 14:54:00,2011-09-02 12:01:00,2,860.41,592,53,99,430.205,0.61489898989899,3172.2186868686863,3172.2186868686863,3,2,3,8,2,Loyal Customers
13339,2011-05-23 08:31:00,2011-05-23 08:31:00,1,860.12,326,201,201,860.12,0.15143034825870647,1561.9094527363184,1561.9094527363184,1,1,3,5,1,At Risk
14577,2011-11-27 12:47:00,2010-12-12 11:26:00,4,859.71,353,13,363,214.9275,0.33539944903581265,864.4466942148761,864.4466942148761,5,4,3,12,2,Loyal Customers
17064,2011-10-12 10:18:00,2011-01-16 16:10:00,3,859.35,318,59,327,286.45,0.27924311926605505,959.2133027522934,959.2133027522934,3,4,3,10,2,Loyal Customers
14553,2011-11-20 13:20:00,2011-01-04 15:40:00,5,859.27,493,19,339,171.85399999999998,0.44893067846607665,925.1727138643067,925.1727138643067,4,4,3,11,0,Champions
16163,2011-04-21 15:15:00,2010-12-09 16:28:00,2,856.6,192,232,365,428.3,0.16678082191780824,856.6,856.6,1,3,3,7,1,At Risk
13991,2011-11-27 16:18:00,2011-07-19 12:58:00,6,855.97,998,12,143,142.66166666666666,1.277097902097902,2184.8185314685315,2184.8185314685315,5,5,3,13,0,Champions
12693,2011-08-04 17:51:00,2011-01-24 12:58:00,4,855.91,255,127,319,213.9775,0.3816614420062696,979.3327586206896,979.3327586206896,2,4,3,9,2,Loyal Customers
16037,2011-03-15 09:13:00,2010-12-16 10:18:00,3,855.02,428,270,359,285.00666666666666,0.2543523676880223,869.3100278551532,869.3100278551532,1,4,3,8,1,At Risk
12878,2011-04-17 13:07:00,2011-03-18 14:02:00,2,854.99,547,236,266,427.495,0.22885338345864661,1173.2005639097742,1173.2005639097742,1,2,3,6,1,At Risk
17560,2011-09-06 09:18:00,2011-02-02 11:14:00,4,854.95,635,95,311,213.7375,0.3914790996784566,1003.3979099678456,1003.3979099678456,2,4,3,9,2,Loyal Customers
16877,2011-11-27 13:47:00,2011-05-15 16:13:00,6,853.72,463,12,208,142.28666666666666,0.8780048076923077,1498.114423076923,1498.114423076923,5,5,3,13,0,Champions
14193,2011-10-03 09:34:00,2011-03-15 11:38:00,2,853.39,445,68,270,426.695,0.22546296296296298,1153.6568518518518,1153.6568518518518,3,3,3,9,2,Loyal Customers
12379,2011-09-19 10:09:00,2011-06-22 16:32:00,2,852.24,407,82,170,426.12,0.35808823529411765,1829.8094117647058,1829.8094117647058,2,2,3,7,2,Loyal Customers
16070,2011-11-17 15:50:00,2011-11-07 16:36:00,2,852.15,457,22,32,426.075,1.90234375,9719.8359375,9719.8359375,4,3,3,10,2,Loyal Customers
16020,2011-11-23 11:18:00,2011-10-05 13:54:00,3,851.01,487,17,65,283.67,1.4048076923076922,4778.748461538462,4778.748461538462,4,4,3,11,2,Loyal Customers
12713,2011-12-09 12:16:00,2011-12-09 12:16:00,1,848.55,508,1,1,848.55,30.4375,309720.75,309720.75,5,1,3,9,2,Loyal Customers
14657,2011-11-22 12:47:00,2011-01-17 15:19:00,4,848.22,466,18,326,212.055,0.3734662576687116,949.694171779141,949.694171779141,4,4,3,11,2,Loyal Customers
13221,2011-04-13 16:58:00,2010-12-15 13:24:00,2,847.41,244,240,359,423.705,0.16956824512534818,861.5728412256267,861.5728412256267,1,2,3,6,1,At Risk
16924,2011-11-18 12:53:00,2011-09-16 12:54:00,3,846.75,493,21,84,282.25,1.0870535714285714,3679.3303571428573,3679.3303571428573,4,4,3,11,2,Loyal Customers
16222,2011-01-25 13:38:00,2011-01-25 13:38:00,1,846.72,365,318,318,846.72,0.09571540880503145,971.8641509433962,971.8641509433962,1,2,3,6,1,At Risk
15965,2011-11-22 16:44:00,2010-12-07 13:18:00,4,845.64,453,17,367,211.41,0.33174386920980925,841.0316076294278,841.0316076294278,4,4,3,11,2,Loyal Customers
14803,2011-06-30 13:58:00,2011-02-20 13:21:00,3,845.55,370,162,292,281.84999999999997,0.3127140410958904,1056.9375,1056.9375,2,3,3,8,2,Loyal Customers
17624,2011-11-25 10:52:00,2011-05-05 17:59:00,2,843.48,554,15,218,421.74,0.27924311926605505,1412.248623853211,1412.248623853211,4,3,3,10,2,Loyal Customers
15164,2011-10-02 12:05:00,2011-01-04 14:21:00,3,843.05,360,69,339,281.01666666666665,0.269358407079646,907.7087020648968,907.7087020648968,3,3,3,9,2,Loyal Customers
17929,2011-11-28 16:01:00,2011-02-04 11:40:00,4,843.0,108,11,309,210.75,0.3940129449838188,995.7766990291262,995.7766990291262,5,4,3,12,2,Loyal Customers
13929,2011-06-23 15:26:00,2011-01-17 15:11:00,2,842.65,143,169,326,421.325,0.1867331288343558,943.4578220858896,943.4578220858896,2,2,3,7,2,Loyal Customers
16108,2011-09-16 11:48:00,2011-09-16 11:48:00,1,842.5,615,85,85,842.5,0.35808823529411765,3617.794117647059,3617.794117647059,2,2,3,7,2,Loyal Customers
16560,2011-11-13 10:35:00,2010-12-16 14:36:00,2,841.41,500,27,358,420.705,0.17004189944134077,857.8621508379887,857.8621508379887,4,3,3,10,2,Loyal Customers
14862,2011-11-14 10:01:00,2011-07-14 11:20:00,2,841.1999999999999,772,26,149,420.59999999999997,0.4085570469798658,2060.6577181208054,2060.6577181208054,4,3,3,10,2,Loyal Customers
17076,2011-11-03 17:53:00,2010-12-10 10:08:00,3,841.0799999999999,295,36,365,280.35999999999996,0.25017123287671234,841.0799999999999,841.0799999999999,3,4,3,10,2,Loyal Customers
13940,2011-11-22 15:15:00,2011-07-18 16:05:00,4,839.14,516,17,144,209.785,0.8454861111111112,2126.9868055555553,2126.9868055555553,4,4,3,11,2,Loyal Customers
17115,2011-12-01 14:30:00,2011-04-20 14:46:00,3,837.5,372,8,233,279.1666666666667,0.3918991416309013,1311.9635193133047,1311.9635193133047,5,4,3,12,2,Loyal Customers
16554,2011-10-28 14:51:00,2011-01-12 12:41:00,3,837.1,402,42,332,279.03333333333336,0.27503765060240964,920.3057228915665,920.3057228915665,3,4,3,10,2,Loyal Customers
15832,2011-03-30 15:29:00,2011-03-30 15:29:00,1,836.79,465,254,254,836.79,0.11983267716535434,1202.4738188976378,1202.4738188976378,1,2,3,6,1,At Risk
12728,2011-09-29 15:31:00,2011-01-11 13:31:00,4,836.33,419,71,332,209.0825,0.3667168674698795,919.4591867469879,919.4591867469879,3,4,3,10,2,Loyal Customers
16747,2011-11-02 11:37:00,2011-10-03 10:18:00,2,836.06,583,38,68,418.03,0.8952205882352942,4487.674999999999,4487.674999999999,3,3,3,9,2,Loyal Customers
17169,2011-10-13 10:25:00,2011-06-09 13:16:00,2,835.78,526,58,183,417.89,0.3326502732240437,1666.9928961748635,1666.9928961748635,3,3,3,9,2,Loyal Customers
17759,2011-11-22 16:02:00,2011-06-23 13:35:00,3,834.99,708,17,169,278.33,0.540310650887574,1803.3807692307691,1803.3807692307691,4,4,3,11,2,Loyal Customers
13835,2011-11-14 15:37:00,2011-05-08 15:22:00,4,834.57,442,25,215,208.6425,0.5662790697674419,1416.828139534884,1416.828139534884,4,4,3,11,2,Loyal Customers
17075,2011-11-22 11:58:00,2011-01-26 13:20:00,4,834.12,292,18,317,208.53,0.3840694006309148,960.4220820189274,960.4220820189274,4,4,3,11,2,Loyal Customers
16644,2011-06-15 12:39:00,2011-05-11 12:53:00,2,833.78,826,178,212,416.89,0.28714622641509435,1435.5174528301886,1435.5174528301886,2,3,3,8,1,At Risk
15862,2011-12-01 13:28:00,2010-12-01 11:21:00,4,832.88,585,8,374,208.22,0.3255347593582888,812.8374331550802,812.8374331550802,5,4,3,12,2,Loyal Customers
14644,2011-10-03 08:30:00,2011-02-14 14:14:00,2,830.76,258,68,298,415.38,0.2042785234899329,1017.5416107382551,1017.5416107382551,3,3,3,9,2,Loyal Customers
13681,2011-11-22 11:13:00,2011-07-07 15:21:00,4,827.83,360,18,155,206.9575,0.785483870967742,1949.4061290322581,1949.4061290322581,4,4,3,11,2,Loyal Customers
12461,2011-09-06 16:57:00,2011-07-08 10:23:00,2,826.88,287,94,155,413.44,0.392741935483871,1947.1690322580646,1947.1690322580646,2,2,3,7,2,Loyal Customers
12781,2011-10-07 10:37:00,2011-02-28 08:43:00,2,826.74,671,64,285,413.37,0.2135964912280702,1058.8073684210526,1058.8073684210526,3,2,3,8,2,Loyal Customers
16494,2011-02-16 12:49:00,2011-02-16 12:49:00,1,826.53,675,297,297,826.53,0.10248316498316498,1015.7691919191919,1015.7691919191919,1,2,3,6,1,At Risk
17921,2011-10-06 18:56:00,2011-03-18 13:19:00,4,826.52,430,64,266,206.63,0.45770676691729323,1134.1345864661653,1134.1345864661653,3,4,3,10,2,Loyal Customers
15525,2011-12-07 14:43:00,2010-12-01 13:17:00,3,825.92,416,2,373,275.3066666666667,0.24480563002680966,808.2058981233246,808.2058981233246,5,3,3,11,2,Loyal Customers
12427,2011-11-18 08:56:00,2010-12-03 10:44:00,3,825.8,533,22,372,275.26666666666665,0.24546370967741934,810.260752688172,810.260752688172,4,3,3,10,2,Loyal Customers
16869,2011-11-17 12:02:00,2011-06-17 13:01:00,4,825.42,585,23,175,206.355,0.6957142857142857,1721.5902857142858,1721.5902857142858,4,4,3,11,2,Loyal Customers
16284,2011-11-08 16:12:00,2011-10-20 13:54:00,2,823.97,544,31,50,411.985,1.2175,6014.981,6014.981,4,3,3,10,2,Loyal Customers
16164,2011-11-22 15:04:00,2011-10-28 09:12:00,3,822.48,433,17,43,274.16,2.123546511627907,6981.516279069768,6981.516279069768,4,4,3,11,2,Loyal Customers
12778,2011-11-20 11:30:00,2011-01-31 14:35:00,6,822.23,825,20,312,137.03833333333333,0.5853365384615385,961.9036858974359,961.9036858974359,4,5,3,12,0,Champions
13893,2011-02-15 11:30:00,2011-02-15 11:30:00,1,821.1,190,298,298,821.1,0.10213926174496644,1005.7097315436241,1005.7097315436241,1,1,3,5,1,At Risk
13220,2011-09-22 13:38:00,2011-04-17 10:59:00,4,819.2900000000001,196,78,237,204.82250000000002,0.5137130801687764,1261.7757383966245,1261.7757383966245,2,4,3,9,2,Loyal Customers
17764,2011-10-20 11:03:00,2011-05-12 16:11:00,2,818.8199999999999,395,51,211,409.40999999999997,0.28850710900473936,1416.4421800947866,1416.4421800947866,3,3,3,9,2,Loyal Customers
16092,2011-08-17 10:46:00,2011-03-30 15:38:00,3,817.86,628,115,254,272.62,0.359498031496063,1175.2712598425198,1175.2712598425198,2,4,3,9,2,Loyal Customers
16943,2011-05-12 11:57:00,2011-01-25 14:00:00,3,816.73,145,212,318,272.24333333333334,0.28714622641509435,937.4416666666667,937.4416666666667,1,4,3,8,1,At Risk
15649,2011-01-07 13:34:00,2010-12-07 10:06:00,2,816.0,192,336,368,408.0,0.16542119565217392,809.3478260869565,809.3478260869565,1,3,3,7,1,At Risk
15399,2011-12-08 13:04:00,2011-09-21 15:57:00,3,815.77,611,1,79,271.92333333333335,1.1558544303797469,3769.063924050633,3769.063924050633,5,3,3,11,2,Loyal Customers
14499,2011-11-13 13:01:00,2011-03-06 11:55:00,3,815.32,501,26,279,271.77333333333337,0.3272849462365591,1066.6372759856633,1066.6372759856633,4,3,3,10,2,Loyal Customers
13280,2011-08-09 13:14:00,2011-01-06 17:10:00,3,814.86,522,122,337,271.62,0.27095697329376855,882.5635014836796,882.5635014836796,2,3,3,8,2,Loyal Customers
16460,2011-11-11 13:46:00,2011-09-19 10:15:00,3,814.72,879,28,82,271.5733333333333,1.1135670731707317,3626.4975609756098,3626.4975609756098,4,4,3,11,2,Loyal Customers
13811,2011-06-09 09:54:00,2011-04-14 18:40:00,3,814.5,68,184,239,271.5,0.3820606694560669,1243.9016736401675,1243.9016736401675,1,3,3,7,1,At Risk
18064,2011-07-29 16:39:00,2011-04-18 15:08:00,2,814.0,384,133,235,407.0,0.2590425531914894,1264.2978723404256,1264.2978723404256,2,3,3,8,2,Loyal Customers
16600,2011-12-05 16:00:00,2011-01-05 12:13:00,6,813.52,1145,4,339,135.58666666666667,0.538716814159292,875.9138643067846,875.9138643067846,5,5,3,13,0,Champions
16621,2011-10-19 11:38:00,2011-03-07 11:32:00,4,813.48,302,52,278,203.37,0.4379496402877698,1068.058273381295,1068.058273381295,3,4,3,10,2,Loyal Customers
14421,2011-10-13 13:24:00,2011-05-12 10:49:00,2,813.11,365,57,212,406.555,0.28714622641509435,1399.9299528301888,1399.9299528301888,3,3,3,9,2,Loyal Customers
15644,2011-06-26 14:54:00,2011-03-23 15:37:00,4,813.0,557,166,261,203.25,0.4664750957854406,1136.9540229885058,1136.9540229885058,2,4,3,9,2,Loyal Customers
17980,2011-06-27 12:01:00,2010-12-15 15:50:00,3,811.45,682,166,359,270.48333333333335,0.2543523676880223,825.0118384401114,825.0118384401114,2,4,3,9,2,Loyal Customers
16276,2011-06-16 09:34:00,2011-06-16 09:34:00,1,810.6000000000001,420,177,177,810.6000000000001,0.1719632768361582,1671.576271186441,1671.576271186441,2,2,3,7,1,At Risk
16624,2011-09-20 12:39:00,2011-05-26 14:20:00,2,810.5699999999999,488,81,197,405.28499999999997,0.309010152284264,1501.8175126903552,1501.8175126903552,2,3,3,8,2,Loyal Customers
13637,2011-10-18 13:32:00,2011-04-27 13:06:00,3,810.5,409,52,226,270.1666666666667,0.404037610619469,1308.9933628318583,1308.9933628318583,3,3,3,9,2,Loyal Customers
16891,2011-12-08 11:15:00,2010-12-03 11:35:00,5,809.7,283,2,372,161.94,0.40910618279569894,794.4637096774194,794.4637096774194,5,4,3,12,0,Champions
17114,2011-12-04 12:17:00,2011-01-09 11:39:00,8,808.62,219,6,335,101.0775,0.7268656716417911,881.0337313432835,881.0337313432835,5,5,3,13,0,Champions
15533,2011-11-20 15:35:00,2011-09-11 15:41:00,3,807.57,289,19,89,269.19,1.0259831460674158,3311.944382022472,3311.944382022472,4,3,3,10,2,Loyal Customers
12421,2011-11-24 09:07:00,2011-01-24 15:09:00,4,807.04,484,16,319,201.76,0.3816614420062696,923.4156739811912,923.4156739811912,4,4,3,11,2,Loyal Customers
15952,2011-11-06 11:18:00,2011-04-28 12:55:00,4,806.57,399,34,225,201.6425,0.5411111111111111,1308.435777777778,1308.435777777778,3,4,3,10,2,Loyal Customers
13707,2011-03-17 18:03:00,2011-01-28 13:27:00,2,806.41,351,267,315,403.205,0.19325396825396826,934.4115873015872,934.4115873015872,1,2,3,6,1,At Risk
12434,2011-09-16 12:38:00,2011-03-24 13:05:00,2,806.14,394,85,260,403.07,0.23413461538461536,1131.6965384615385,1131.6965384615385,2,2,3,7,2,Loyal Customers
16367,2011-11-02 13:13:00,2010-12-12 12:01:00,2,804.49,647,37,363,402.245,0.16769972451790632,808.9224517906335,808.9224517906335,3,3,3,9,2,Loyal Customers
18248,2011-08-09 10:19:00,2011-06-06 13:18:00,2,804.02,511,123,186,402.01,0.3272849462365591,1577.781182795699,1577.781182795699,2,3,3,8,2,Loyal Customers
12422,2011-09-05 09:48:00,2011-01-19 09:13:00,3,803.5600000000001,370,96,325,267.85333333333335,0.2809615384615385,902.4596923076924,902.4596923076924,2,3,3,8,2,Loyal Customers
15831,2011-10-12 13:14:00,2011-01-19 14:52:00,3,801.76,1105,58,324,267.25333333333333,0.2818287037037037,903.2172839506173,903.2172839506173,3,4,3,10,2,Loyal Customers
18265,2011-09-28 14:10:00,2011-07-04 15:26:00,2,801.51,311,72,158,400.755,0.3852848101265823,1851.5895569620254,1851.5895569620254,3,3,3,9,2,Loyal Customers
16806,2011-08-28 15:27:00,2011-04-14 19:59:00,4,801.49,378,103,239,200.3725,0.5094142259414226,1224.0328451882845,1224.0328451882845,2,4,3,9,2,Loyal Customers
15561,2011-11-28 11:07:00,2011-05-08 11:38:00,4,800.59,267,12,216,200.1475,0.5636574074074073,1352.8488425925927,1352.8488425925927,5,4,3,12,2,Loyal Customers
17905,2011-09-29 17:33:00,2010-12-01 13:21:00,4,800.24,407,71,373,200.06,0.32640750670241286,783.076675603217,783.076675603217,3,4,3,10,2,Loyal Customers
13720,2011-08-15 12:46:00,2011-03-30 09:17:00,4,799.9,501,117,255,199.975,0.47745098039215683,1144.9549019607844,1144.9549019607844,2,4,3,9,2,Loyal Customers
13030,2011-11-28 14:30:00,2010-12-06 14:31:00,2,799.48,394,11,368,399.74,0.16542119565217392,792.9625,792.9625,5,2,3,10,2,Loyal Customers
17703,2011-11-04 15:51:00,2011-07-24 13:30:00,3,798.74,590,35,138,266.24666666666667,0.6616847826086957,2112.609420289855,2112.609420289855,3,4,3,10,2,Loyal Customers
16438,2011-12-04 10:51:00,2011-09-18 13:31:00,5,798.35,463,6,82,159.67000000000002,1.8559451219512195,3553.6310975609763,3553.6310975609763,5,4,3,12,0,Champions
13389,2011-11-28 14:01:00,2011-04-21 12:12:00,3,797.96,429,11,233,265.9866666666667,0.3918991416309013,1250.0231759656654,1250.0231759656654,5,3,3,11,2,Loyal Customers
12701,2011-09-21 10:47:00,2011-04-11 13:02:00,2,797.71,678,80,242,398.855,0.2515495867768595,1203.1576446280992,1203.1576446280992,2,2,3,7,2,Loyal Customers
17180,2011-10-14 15:46:00,2011-01-27 18:05:00,4,796.03,683,56,316,199.0075,0.3852848101265823,919.4650316455696,919.4650316455696,3,4,3,10,2,Loyal Customers
13336,2011-09-23 14:05:00,2011-09-23 14:05:00,1,795.12,559,77,77,795.12,0.39529220779220775,3769.0753246753247,3769.0753246753247,2,1,3,6,2,Loyal Customers
15990,2011-10-26 15:58:00,2011-02-25 15:35:00,2,792.11,443,44,287,396.055,0.21210801393728224,1007.3872822299652,1007.3872822299652,3,3,3,9,2,Loyal Customers
13167,2011-11-21 12:24:00,2011-07-19 12:13:00,4,791.33,785,19,144,197.8325,0.8454861111111112,2005.8017361111113,2005.8017361111113,4,4,3,11,2,Loyal Customers
14976,2011-10-13 16:37:00,2011-01-17 11:09:00,7,790.86,234,57,327,112.98,0.6515672782874617,882.7642201834863,882.7642201834863,3,5,3,11,0,Champions
13016,2011-09-27 14:08:00,2011-08-08 15:00:00,3,789.89,527,73,123,263.2966666666667,0.7423780487804877,2343.9825203252035,2343.9825203252035,2,3,3,8,2,Loyal Customers
16759,2011-12-02 12:42:00,2011-11-09 09:06:00,3,789.79,609,8,31,263.2633333333333,2.9455645161290325,9299.140322580644,9299.140322580644,5,4,3,12,2,Loyal Customers
13329,2011-11-08 10:29:00,2010-12-08 10:11:00,2,789.0,463,32,367,394.5,0.16587193460490463,784.700272479564,784.700272479564,4,2,3,9,2,Loyal Customers
14557,2011-09-15 15:48:00,2011-09-15 15:48:00,1,788.38,510,85,85,788.38,0.35808823529411765,3385.3964705882354,3385.3964705882354,2,1,3,6,2,Loyal Customers
13212,2011-11-20 12:40:00,2011-10-09 14:48:00,3,788.08,310,20,61,262.6933333333333,1.4969262295081966,4715.560655737704,4715.560655737704,4,3,3,10,2,Loyal Customers
13323,2011-12-06 17:12:00,2011-09-16 13:23:00,5,787.85,175,3,84,157.57,1.8117559523809523,3423.3958333333326,3423.3958333333326,5,4,3,12,0,Champions
13884,2011-12-02 16:30:00,2011-03-01 13:40:00,5,787.6,300,7,283,157.52,0.5377650176678446,1015.809187279152,1015.809187279152,5,4,3,12,0,Champions
16546,2011-02-22 11:20:00,2010-12-02 12:07:00,2,787.15,549,291,373,393.575,0.16320375335120643,770.2674262734585,770.2674262734585,1,3,3,7,1,At Risk
13109,2011-10-11 10:16:00,2011-07-05 14:56:00,2,786.54,520,60,157,393.27,0.3877388535031847,1828.58025477707,1828.58025477707,3,2,3,8,2,Loyal Customers
12628,2011-12-05 13:15:00,2011-10-06 09:28:00,3,786.46,448,4,65,262.15333333333336,1.4048076923076922,4416.275384615385,4416.275384615385,5,3,3,11,2,Loyal Customers
15806,2011-10-24 14:35:00,2011-03-08 09:24:00,3,784.58,602,46,277,261.5266666666667,0.3296480144404332,1033.8328519855597,1033.8328519855597,3,4,3,10,2,Loyal Customers
15743,2011-11-23 17:19:00,2011-06-08 10:14:00,4,784.46,216,16,185,196.115,0.658108108108108,1547.7183783783785,1547.7183783783785,4,4,3,11,2,Loyal Customers
18136,2011-10-07 15:40:00,2011-01-24 12:08:00,3,784.33,379,63,320,261.4433333333333,0.2853515625,894.6264062499998,894.6264062499998,3,4,3,10,2,Loyal Customers
17387,2011-11-20 11:00:00,2011-11-06 11:25:00,2,784.11,542,20,34,392.055,1.7904411764705883,8417.651470588236,8417.651470588236,4,3,3,10,2,Loyal Customers
16054,2011-07-17 13:08:00,2011-07-17 13:08:00,1,783.9,380,145,145,783.9,0.20991379310344827,1973.2655172413793,1973.2655172413793,2,2,3,7,2,Loyal Customers
17006,2011-12-05 12:09:00,2011-09-25 12:15:00,4,781.78,272,5,76,195.445,1.6019736842105263,3754.601315789474,3754.601315789474,5,4,3,12,2,Loyal Customers
17341,2011-07-06 12:33:00,2010-12-08 12:46:00,3,781.36,489,157,367,260.4533333333333,0.24880790190735694,777.1019073569481,777.1019073569481,2,4,3,9,2,Loyal Customers
15679,2011-11-15 16:19:00,2011-06-10 08:24:00,4,781.28,1170,24,183,195.32,0.6653005464480874,1558.2907103825137,1558.2907103825137,4,4,3,11,2,Loyal Customers
13583,2011-07-07 10:40:00,2011-07-07 10:40:00,1,781.03,725,156,156,781.03,0.19511217948717952,1827.409935897436,1827.409935897436,2,1,3,6,2,Loyal Customers
16725,2011-02-10 16:52:00,2010-12-03 16:02:00,7,781.02,294,302,371,111.57428571428571,0.5742924528301887,768.388948787062,768.388948787062,1,5,3,9,1,At Risk
15239,2011-11-29 14:14:00,2011-09-22 09:53:00,2,780.59,594,10,79,390.295,0.7705696202531646,3606.5234177215193,3606.5234177215193,5,3,3,11,2,Loyal Customers
17797,2011-11-17 13:21:00,2011-06-10 11:29:00,3,780.43,498,22,183,260.1433333333333,0.49897540983606553,1556.5953551912567,1556.5953551912567,4,4,3,11,2,Loyal Customers
18228,2011-10-14 09:21:00,2011-09-21 10:48:00,2,779.9,238,57,80,389.95,0.7609375,3558.29375,3558.29375,3,3,3,9,2,Loyal Customers
12735,2011-01-28 13:37:00,2011-01-06 14:26:00,2,779.5699999999999,368,315,337,389.78499999999997,0.1806379821958457,844.3413946587536,844.3413946587536,1,2,3,6,1,At Risk
17411,2011-11-27 14:25:00,2011-03-23 13:44:00,3,778.94,306,12,261,259.6466666666667,0.34985632183908044,1089.3222222222223,1089.3222222222223,5,4,3,12,2,Loyal Customers
13375,2011-09-12 10:19:00,2011-09-12 10:19:00,1,778.65,442,89,89,778.65,0.34199438202247195,3193.3398876404494,3193.3398876404494,2,1,3,6,2,Loyal Customers
14815,2011-11-03 11:36:00,2011-10-03 11:36:00,2,778.5,744,37,68,389.25,0.8952205882352942,4178.713235294118,4178.713235294118,3,3,3,9,2,Loyal Customers
17414,2011-10-27 12:13:00,2011-06-08 11:43:00,2,778.0,2100,44,185,389.0,0.329054054054054,1534.972972972973,1534.972972972973,3,3,3,9,2,Loyal Customers
16505,2011-11-08 12:14:00,2011-11-08 12:14:00,1,777.6,576,32,32,777.6,0.951171875,8869.5,8869.5,4,2,3,9,2,Loyal Customers
13563,2011-09-16 14:45:00,2011-07-22 17:21:00,2,777.53,209,84,140,388.765,0.4348214285714286,2027.1317857142858,2027.1317857142858,2,2,3,7,2,Loyal Customers
12425,2011-09-22 17:31:00,2011-09-22 17:31:00,1,777.2,496,78,78,777.2,0.39022435897435903,3636.897435897436,3636.897435897436,2,1,3,6,2,Loyal Customers
15353,2011-03-30 12:15:00,2010-12-07 11:49:00,2,777.02,343,255,368,388.51,0.16542119565217392,770.6855978260869,770.6855978260869,1,3,3,7,1,At Risk
15618,2011-11-07 08:34:00,2011-07-26 10:13:00,4,776.851,454,33,137,194.21275,0.8886861313868613,2069.712518248175,2069.712518248175,3,4,3,10,2,Loyal Customers
13314,2011-12-08 12:29:00,2011-09-27 10:20:00,3,775.94,560,2,74,258.6466666666667,1.2339527027027026,3827.271621621622,3827.271621621622,5,3,3,11,2,Loyal Customers
13341,2011-03-24 09:50:00,2011-03-24 09:50:00,1,775.85,301,261,261,775.85,0.11661877394636015,1085.0009578544061,1085.0009578544061,1,1,3,5,1,At Risk
14234,2011-11-17 17:53:00,2011-10-13 13:58:00,4,775.46,963,22,57,193.865,2.1359649122807016,4965.664912280702,4965.664912280702,4,4,3,11,2,Loyal Customers
16825,2011-11-01 11:51:00,2011-06-07 09:44:00,2,775.1800000000001,566,39,186,387.59000000000003,0.3272849462365591,1521.186559139785,1521.186559139785,3,3,3,9,2,Loyal Customers
15414,2011-11-30 09:50:00,2011-04-11 13:45:00,3,774.9000000000001,443,10,242,258.3,0.3773243801652893,1168.7541322314053,1168.7541322314053,5,3,3,11,2,Loyal Customers
16043,2011-11-02 12:50:00,2011-01-26 11:14:00,4,773.99,503,38,318,193.4975,0.3828616352201258,888.3847484276729,888.3847484276729,3,4,3,10,2,Loyal Customers
15075,2011-09-23 12:27:00,2011-09-23 12:27:00,1,773.03,447,78,78,773.03,0.39022435897435903,3617.3839743589747,3617.3839743589747,2,1,3,6,2,Loyal Customers
12965,2011-09-11 15:31:00,2011-09-11 15:31:00,1,771.91,283,89,89,771.91,0.34199438202247195,3165.6983146067414,3165.6983146067414,2,1,3,6,2,Loyal Customers
17409,2011-06-08 10:36:00,2011-04-05 16:42:00,2,771.85,105,185,248,385.925,0.24546370967741934,1135.9889112903227,1135.9889112903227,1,3,3,7,1,At Risk
14662,2011-11-11 12:13:00,2011-01-27 17:41:00,4,771.17,602,29,316,192.7925,0.3852848101265823,890.750158227848,890.750158227848,4,4,3,11,2,Loyal Customers
16770,2011-10-13 12:21:00,2010-12-02 15:49:00,5,770.1,464,58,372,154.02,0.40910618279569894,755.608870967742,755.608870967742,3,4,3,10,2,Loyal Customers
14412,2011-10-28 10:45:00,2011-09-28 08:48:00,2,770.03,786,43,73,385.015,0.833904109589041,3850.15,3850.15,3,3,3,9,2,Loyal Customers
16480,2011-09-25 11:40:00,2011-09-25 11:40:00,1,769.29,455,76,76,769.29,0.4004934210526316,3694.6164473684207,3694.6164473684207,2,2,3,7,2,Loyal Customers
13356,2011-09-20 14:33:00,2011-09-20 14:33:00,1,768.24,325,80,80,768.24,0.38046875,3505.095,3505.095,2,1,3,6,2,Loyal Customers
17516,2011-11-24 16:51:00,2011-02-27 12:41:00,5,768.08,416,15,286,153.616,0.5321241258741258,980.2419580419581,980.2419580419581,4,4,3,11,0,Champions
14550,2011-11-29 12:12:00,2011-10-26 12:14:00,2,765.62,394,11,45,382.81,1.3527777777777779,6210.028888888889,6210.028888888889,5,3,3,11,2,Loyal Customers
14672,2011-04-19 10:19:00,2011-01-07 15:48:00,2,765.55,454,235,336,382.775,0.18117559523809523,831.624255952381,831.624255952381,1,3,3,7,1,At Risk
17695,2011-07-31 10:40:00,2011-06-21 12:35:00,2,765.34,779,132,172,382.67,0.3539244186046511,1624.122674418605,1624.122674418605,2,3,3,8,2,Loyal Customers
14885,2011-07-31 12:05:00,2011-07-31 12:05:00,1,765.3199999999999,724,132,132,765.3199999999999,0.2305871212121212,2116.2257575757576,2116.2257575757576,2,1,3,6,2,Loyal Customers
17268,2011-08-24 10:06:00,2011-04-08 13:20:00,4,763.64,844,108,245,190.91,0.4969387755102041,1137.6677551020407,1137.6677551020407,2,4,3,9,2,Loyal Customers
17466,2011-11-29 13:15:00,2011-09-22 09:16:00,2,763.28,306,10,79,381.64,0.7705696202531646,3526.546835443038,3526.546835443038,5,3,3,11,2,Loyal Customers
16470,2011-10-19 12:11:00,2010-12-16 11:53:00,4,762.39,531,52,359,190.5975,0.33913649025069637,775.1318941504178,775.1318941504178,3,4,3,10,2,Loyal Customers
15599,2011-11-13 11:44:00,2011-05-19 13:05:00,2,761.74,718,27,204,380.87,0.29840686274509803,1362.917156862745,1362.917156862745,4,3,3,10,2,Loyal Customers
14883,2011-11-21 10:23:00,2011-05-12 09:49:00,6,761.59,790,19,212,126.93166666666667,0.861438679245283,1311.228066037736,1311.228066037736,4,5,3,12,0,Champions
16205,2011-11-09 09:32:00,2011-06-13 11:33:00,4,761.38,517,31,180,190.345,0.6763888888888889,1543.9094444444445,1543.9094444444445,4,4,3,11,2,Loyal Customers
17425,2011-11-20 15:30:00,2011-10-10 11:37:00,2,759.17,407,19,61,379.585,0.9979508196721312,4542.574590163934,4542.574590163934,4,3,3,10,2,Loyal Customers
16036,2011-09-13 14:53:00,2011-03-21 13:01:00,2,758.92,716,87,263,379.46,0.23146387832699622,1053.2539923954373,1053.2539923954373,2,3,3,8,2,Loyal Customers
15568,2011-12-07 11:27:00,2011-09-27 14:37:00,3,758.29,461,3,73,252.76333333333332,1.2508561643835616,3791.45,3791.45,5,3,3,11,2,Loyal Customers
12413,2011-10-04 09:00:00,2011-01-06 16:12:00,3,758.1,286,67,337,252.70000000000002,0.27095697329376855,821.0875370919881,821.0875370919881,3,3,3,9,2,Loyal Customers
17979,2011-11-04 12:05:00,2011-03-25 11:34:00,4,757.71,397,36,260,189.4275,0.4682692307692307,1063.7082692307692,1063.7082692307692,3,4,3,10,2,Loyal Customers
17461,2011-11-17 10:21:00,2011-11-10 12:01:00,3,757.46,799,23,30,252.48666666666668,3.04375,9215.763333333334,9215.763333333334,4,4,3,11,2,Loyal Customers
15223,2011-04-28 11:31:00,2011-04-04 12:17:00,2,755.75,213,226,250,377.875,0.24350000000000002,1103.395,1103.395,1,3,3,7,1,At Risk
13370,2010-12-03 10:26:00,2010-12-03 10:26:00,1,754.87,343,372,372,754.87,0.08182123655913978,740.6654569892473,740.6654569892473,1,1,3,5,1,At Risk
18104,2011-11-02 14:07:00,2011-11-02 14:07:00,1,754.64,362,37,37,754.64,0.8226351351351351,7444.421621621621,7444.421621621621,3,2,3,8,2,Loyal Customers
13730,2011-07-27 08:35:00,2011-07-01 12:47:00,2,752.6,488,136,162,376.3,0.3757716049382716,1695.6728395061727,1695.6728395061727,2,2,3,7,2,Loyal Customers
16256,2011-03-18 12:18:00,2011-03-18 12:18:00,1,752.4300000000001,581,267,267,752.4300000000001,0.11399812734082397,1028.602808988764,1028.602808988764,1,2,3,6,1,At Risk
12908,2011-06-16 15:39:00,2011-01-31 12:37:00,2,750.0,1200,176,313,375.0,0.1944888178913738,874.6006389776358,874.6006389776358,2,2,3,7,1,At Risk
17146,2011-08-26 12:44:00,2010-12-16 12:20:00,3,749.78,212,106,359,249.92666666666665,0.2543523676880223,762.3111420612813,762.3111420612813,2,4,3,9,2,Loyal Customers
14923,2011-10-20 11:51:00,2011-10-20 11:51:00,1,749.1,418,51,51,749.1,0.5968137254901961,5361.205882352941,5361.205882352941,3,1,3,7,2,Loyal Customers
15074,2011-08-26 14:45:00,2011-08-26 14:45:00,1,748.87,455,105,105,748.87,0.28988095238095235,2603.214761904762,2603.214761904762,2,1,3,6,2,Loyal Customers
15656,2011-10-25 14:56:00,2011-02-28 15:32:00,4,748.5,343,45,284,187.125,0.42869718309859156,961.9806338028169,961.9806338028169,3,4,3,10,2,Loyal Customers
16859,2011-07-18 12:19:00,2011-03-23 13:39:00,2,747.81,827,145,261,373.905,0.2332375478927203,1045.7879310344827,1045.7879310344827,2,3,3,8,2,Loyal Customers
13623,2011-11-09 12:00:00,2011-02-15 13:08:00,5,747.78,294,31,297,149.55599999999998,0.5124158249158249,918.9888888888889,918.9888888888889,4,4,3,11,2,Loyal Customers
14201,2011-10-10 13:27:00,2010-12-15 13:25:00,7,747.44,590,60,359,106.77714285714286,0.5934888579387186,759.9320334261839,759.9320334261839,3,5,3,11,0,Champions
16261,2011-11-22 17:23:00,2011-04-07 19:05:00,4,746.83,306,17,246,186.7075,0.49491869918699183,1108.1014227642277,1108.1014227642277,4,4,3,11,2,Loyal Customers
14050,2011-11-08 10:00:00,2011-08-25 13:46:00,2,746.36,689,32,106,373.18,0.5742924528301887,2570.01320754717,2570.01320754717,4,3,3,10,2,Loyal Customers
17034,2011-11-23 15:14:00,2011-02-25 10:10:00,3,745.52,410,16,288,248.50666666666666,0.3170572916666667,944.8430555555556,944.8430555555556,4,4,3,11,2,Loyal Customers
13950,2011-11-28 14:44:00,2011-04-07 11:29:00,4,745.06,323,11,247,186.265,0.492914979757085,1100.9995951417002,1100.9995951417002,5,4,3,12,2,Loyal Customers
14790,2011-11-23 09:28:00,2011-03-31 11:49:00,4,745.06,699,17,254,186.265,0.47933070866141736,1070.657086614173,1070.657086614173,4,4,3,11,2,Loyal Customers
13236,2011-11-15 12:50:00,2011-08-25 08:58:00,2,744.85,416,25,107,372.425,0.5689252336448598,2540.8434579439254,2540.8434579439254,4,2,3,9,2,Loyal Customers
13354,2011-09-29 13:17:00,2011-09-29 13:17:00,1,743.53,604,71,71,743.53,0.42869718309859156,3822.372535211268,3822.372535211268,3,1,3,7,2,Loyal Customers
16730,2011-10-18 14:11:00,2011-01-24 14:01:00,3,743.11,994,52,319,247.70333333333335,0.2862460815047022,850.2669278996866,850.2669278996866,3,4,3,10,2,Loyal Customers
12374,2011-11-14 15:37:00,2011-11-14 15:37:00,1,742.9300000000001,342,25,25,742.9300000000001,1.2175,10846.778,10846.778,4,1,3,8,2,Loyal Customers
12465,2011-11-22 16:34:00,2011-06-23 13:37:00,2,742.1899999999999,479,17,169,371.09499999999997,0.360207100591716,1602.9547337278104,1602.9547337278104,4,2,3,9,2,Loyal Customers
13753,2011-02-25 12:48:00,2011-02-25 12:48:00,1,741.26,512,288,288,741.26,0.1056857638888889,939.4440972222224,939.4440972222224,1,1,3,5,1,At Risk
13900,2011-06-09 19:26:00,2011-03-22 10:13:00,3,740.95,430,183,263,246.98333333333335,0.34719581749049433,1028.3146387832699,1028.3146387832699,1,3,3,7,1,At Risk
17692,2011-08-04 14:01:00,2010-12-15 13:37:00,4,740.9399999999999,672,127,359,185.23499999999999,0.33913649025069637,753.3233983286907,753.3233983286907,2,4,3,9,2,Loyal Customers
17974,2011-11-15 11:37:00,2011-05-04 11:50:00,3,740.79,519,25,220,246.92999999999998,0.4150568181818182,1229.0379545454543,1229.0379545454543,4,4,3,11,2,Loyal Customers
15252,2011-11-03 13:30:00,2011-06-09 14:15:00,2,740.78,522,36,183,370.39,0.3326502732240437,1477.5120218579236,1477.5120218579236,3,3,3,9,2,Loyal Customers
12603,2011-11-18 10:42:00,2011-11-18 10:42:00,1,739.1999999999999,63,22,22,739.1999999999999,1.383522727272727,12264.0,12264.0,4,1,3,8,2,Loyal Customers
14756,2011-11-24 18:13:00,2011-11-24 18:13:00,1,738.96,416,15,15,738.96,2.029166666666667,17981.36,17981.36,4,1,3,8,2,Loyal Customers
12976,2011-05-12 09:55:00,2011-05-12 09:55:00,1,738.6,561,212,212,738.6,0.14357311320754718,1271.6462264150944,1271.6462264150944,1,1,3,5,1,At Risk
15045,2011-07-11 11:33:00,2011-03-27 11:44:00,2,735.66,114,152,258,367.83,0.23594961240310078,1040.7593023255813,1040.7593023255813,2,3,3,8,2,Loyal Customers
15215,2011-10-24 11:41:00,2011-09-04 12:24:00,3,734.94,225,47,97,244.98000000000002,0.9413659793814433,2765.49587628866,2765.49587628866,3,3,3,9,2,Loyal Customers
18156,2011-11-27 12:24:00,2010-12-05 12:29:00,2,734.94,301,13,370,367.47,0.164527027027027,725.0083783783784,725.0083783783784,5,3,3,11,2,Loyal Customers
16362,2011-11-07 13:01:00,2011-09-09 14:47:00,5,734.77,351,32,91,146.954,1.67239010989011,2947.1543956043956,2947.1543956043956,4,4,3,11,2,Loyal Customers
16146,2011-07-05 14:20:00,2011-04-21 15:25:00,3,734.13,427,157,232,244.71,0.3935883620689655,1154.9890086206897,1154.9890086206897,2,4,3,9,2,Loyal Customers
17812,2011-11-27 11:47:00,2010-12-06 15:27:00,4,732.16,350,13,368,183.04,0.33084239130434784,726.191304347826,726.191304347826,5,4,3,12,2,Loyal Customers
13575,2011-11-16 13:14:00,2011-06-16 14:24:00,5,732.0699999999999,449,23,176,146.414,0.8647017045454545,1518.2133522727272,1518.2133522727272,4,4,3,11,2,Loyal Customers
13736,2011-12-04 15:19:00,2011-03-24 13:04:00,2,731.9,497,5,260,365.95,0.23413461538461536,1027.475,1027.475,5,2,3,10,2,Loyal Customers
16099,2011-10-20 13:13:00,2011-04-28 08:34:00,3,731.9,434,50,226,243.96666666666667,0.404037610619469,1182.0508849557523,1182.0508849557523,3,4,3,10,2,Loyal Customers
16491,2011-10-24 10:18:00,2011-10-24 10:18:00,1,731.5,478,47,47,731.5,0.6476063829787234,5680.797872340426,5680.797872340426,3,2,3,8,2,Loyal Customers
14778,2011-08-04 15:23:00,2011-02-04 11:43:00,2,730.86,306,127,309,365.43,0.1970064724919094,863.3135922330098,863.3135922330098,2,3,3,8,2,Loyal Customers
18035,2011-11-04 12:39:00,2011-10-27 17:48:00,3,730.4,611,36,43,243.46666666666667,2.123546511627907,6199.906976744186,6199.906976744186,3,4,3,10,2,Loyal Customers
12468,2011-06-05 11:36:00,2011-01-27 13:29:00,2,729.5400000000001,366,188,316,364.77000000000004,0.19264240506329114,842.6648734177217,842.6648734177217,1,2,3,6,1,At Risk
13077,2011-12-08 19:24:00,2010-12-08 14:59:00,4,729.27,863,1,366,182.3175,0.3326502732240437,727.2774590163934,727.2774590163934,5,4,3,12,2,Loyal Customers
17666,2011-12-06 09:06:00,2011-10-05 11:06:00,2,728.16,596,4,66,364.08,0.9223484848484848,4026.945454545454,4026.945454545454,5,3,3,11,2,Loyal Customers
17888,2011-11-18 13:45:00,2010-12-17 13:56:00,8,726.05,980,21,357,90.75625,0.6820728291316526,742.3200280112045,742.3200280112045,4,5,3,12,0,Champions
14869,2011-12-01 12:36:00,2011-08-28 16:09:00,2,725.7,550,9,103,362.85,0.5910194174757282,2571.6553398058254,2571.6553398058254,5,3,3,11,2,Loyal Customers
14055,2011-08-25 15:04:00,2011-08-25 15:04:00,1,725.6400000000001,216,106,106,725.6400000000001,0.28714622641509435,2498.6660377358494,2498.6660377358494,2,1,3,6,2,Loyal Customers
16140,2011-10-05 12:15:00,2010-12-03 14:40:00,2,725.18,730,66,371,362.59,0.16408355795148247,713.4520215633422,713.4520215633422,3,3,3,9,2,Loyal Customers
15584,2011-11-16 10:55:00,2011-06-30 16:39:00,4,725.11,314,24,162,181.2775,0.7515432098765432,1633.7354938271606,1633.7354938271606,4,4,3,11,2,Loyal Customers
12723,2011-12-06 10:19:00,2011-10-05 15:52:00,5,725.07,434,4,65,145.014,2.3413461538461537,4071.5469230769236,4071.5469230769236,5,4,3,12,2,Loyal Customers
15636,2011-09-11 11:17:00,2011-03-02 14:50:00,2,724.76,284,90,282,362.38,0.21586879432624112,938.0758865248227,938.0758865248227,2,3,3,8,2,Loyal Customers
12475,2011-10-17 10:10:00,2011-10-17 10:10:00,1,723.38,535,54,54,723.38,0.5636574074074073,4889.512962962963,4889.512962962963,3,1,3,7,2,Loyal Customers
17521,2011-11-10 11:22:00,2011-05-24 15:14:00,3,723.2099999999999,519,30,199,241.06999999999996,0.458856783919598,1326.4907035175877,1326.4907035175877,4,4,3,11,2,Loyal Customers
15272,2011-10-13 12:59:00,2011-09-14 16:36:00,2,721.94,310,57,86,360.97,0.7078488372093023,3064.047674418605,3064.047674418605,3,3,3,9,2,Loyal Customers
18062,2011-06-19 14:47:00,2011-01-06 10:03:00,3,720.52,396,173,338,240.17333333333332,0.270155325443787,778.0763313609467,778.0763313609467,2,4,3,9,2,Loyal Customers
16023,2011-10-24 16:34:00,2011-03-18 13:32:00,3,719.81,358,46,266,239.93666666666664,0.34328007518796994,987.7092105263157,987.7092105263157,3,4,3,10,2,Loyal Customers
14179,2011-10-30 12:07:00,2011-10-18 14:00:00,2,719.78,330,41,52,359.89,1.1706730769230769,5052.301923076923,5052.301923076923,3,3,3,9,2,Loyal Customers
14725,2011-11-15 12:42:00,2011-11-15 12:42:00,1,718.08,593,25,25,718.08,1.2175,10483.968,10483.968,4,1,3,8,2,Loyal Customers
17884,2011-12-06 11:33:00,2010-12-03 12:11:00,4,717.45,854,4,372,179.3625,0.3272849462365591,703.9495967741937,703.9495967741937,5,4,3,12,2,Loyal Customers
15274,2011-12-05 16:57:00,2011-11-21 14:17:00,2,716.57,619,4,18,358.285,3.3819444444444446,14530.447222222223,14530.447222222223,5,3,3,11,2,Loyal Customers
12535,2011-09-09 08:48:00,2011-06-06 12:47:00,2,716.35,219,92,187,358.175,0.3255347593582888,1398.2232620320856,1398.2232620320856,2,2,3,7,2,Loyal Customers
15400,2011-09-08 13:57:00,2011-03-06 11:27:00,5,716.2,390,92,279,143.24,0.5454749103942652,936.9641577060933,936.9641577060933,2,4,3,9,2,Loyal Customers
17029,2011-08-21 11:06:00,2011-04-17 10:57:00,2,716.0,400,111,237,358.0,0.2568565400843882,1102.7004219409282,1102.7004219409282,2,3,3,8,2,Loyal Customers
15330,2011-11-07 17:50:00,2011-10-10 12:30:00,2,714.96,1312,32,61,357.48,0.9979508196721312,4278.039344262295,4278.039344262295,4,3,3,10,2,Loyal Customers
15757,2011-10-05 12:14:00,2011-05-06 11:40:00,2,714.42,491,66,218,357.21,0.27924311926605505,1196.1619266055045,1196.1619266055045,3,3,3,9,2,Loyal Customers
12616,2011-09-05 15:17:00,2011-02-15 14:17:00,2,713.3,284,95,297,356.65,0.20496632996632996,876.6144781144781,876.6144781144781,2,2,3,7,2,Loyal Customers
13169,2011-10-07 12:11:00,2011-04-01 14:24:00,2,712.88,272,64,252,356.44,0.24156746031746032,1032.5444444444445,1032.5444444444445,3,2,3,8,2,Loyal Customers
13147,2011-11-29 13:59:00,2011-09-01 12:28:00,4,712.8000000000001,144,10,100,178.20000000000002,1.2175,2601.7200000000003,2601.7200000000003,5,4,3,12,2,Loyal Customers
17761,2011-11-07 10:23:00,2011-11-07 10:23:00,1,712.78,398,33,33,712.78,0.9223484848484848,7883.778787878788,7883.778787878788,4,2,3,9,2,Loyal Customers
13416,2011-10-27 08:56:00,2011-09-19 14:43:00,2,712.5,142,44,81,356.25,0.7515432098765432,3210.6481481481483,3210.6481481481483,3,2,3,8,2,Loyal Customers
13587,2011-10-07 12:31:00,2011-10-07 12:31:00,1,712.4,180,64,64,712.4,0.4755859375,4062.90625,4062.90625,3,1,3,7,2,Loyal Customers
17642,2011-08-12 09:11:00,2011-06-16 12:55:00,2,712.29,474,120,176,356.145,0.34588068181818177,1477.1923295454544,1477.1923295454544,2,3,3,8,2,Loyal Customers
15855,2011-07-26 10:20:00,2011-03-21 12:32:00,5,712.24,470,137,264,142.448,0.576467803030303,984.7257575757576,984.7257575757576,2,4,3,9,2,Loyal Customers
13705,2011-12-02 12:32:00,2010-12-01 10:29:00,3,711.86,363,8,374,237.28666666666666,0.2441510695187166,694.729679144385,694.729679144385,5,3,3,11,2,Loyal Customers
17179,2011-06-14 16:48:00,2010-12-13 14:24:00,3,711.79,290,178,361,237.26333333333332,0.25294321329639885,719.6768698060941,719.6768698060941,2,4,3,9,1,At Risk
13249,2011-09-08 13:26:00,2011-03-23 15:26:00,3,711.41,546,92,261,237.13666666666666,0.34985632183908044,994.8837164750958,994.8837164750958,2,3,3,8,2,Loyal Customers
17472,2011-06-01 14:57:00,2011-02-13 14:40:00,3,710.29,462,191,299,236.76333333333332,0.30539297658862874,867.0764214046822,867.0764214046822,1,4,3,8,1,At Risk
14867,2011-06-07 11:39:00,2011-01-07 16:34:00,3,710.28,328,186,336,236.76,0.27176339285714285,771.5839285714285,771.5839285714285,1,3,3,7,1,At Risk
14127,2011-08-09 10:49:00,2011-02-02 12:26:00,3,709.71,321,123,311,236.57000000000002,0.29360932475884244,832.9393890675242,832.9393890675242,2,3,3,8,2,Loyal Customers
16136,2011-10-11 09:10:00,2011-03-07 09:52:00,3,709.38,440,60,278,236.46,0.3284622302158273,931.3802158273381,931.3802158273381,3,4,3,10,2,Loyal Customers
15951,2011-12-01 08:34:00,2011-02-27 11:57:00,2,708.22,313,9,286,354.11,0.21284965034965034,903.8472027972028,903.8472027972028,5,3,3,11,2,Loyal Customers
16449,2011-05-26 10:25:00,2011-03-04 12:15:00,2,707.69,367,198,281,353.845,0.2166370106761566,919.2414590747331,919.2414590747331,1,3,3,7,1,At Risk
12453,2011-07-28 14:08:00,2011-07-28 14:08:00,1,707.09,473,134,134,707.09,0.22714552238805968,1926.0287313432837,1926.0287313432837,2,1,3,6,2,Loyal Customers
16364,2011-11-28 11:27:00,2011-07-25 14:35:00,2,707.04,280,12,137,353.52,0.44434306569343063,1883.719708029197,1883.719708029197,5,3,3,11,2,Loyal Customers
16309,2011-08-25 15:35:00,2011-04-13 11:46:00,2,706.57,467,106,241,353.285,0.2525933609958506,1070.1163900414938,1070.1163900414938,2,3,3,8,2,Loyal Customers
14880,2011-09-23 13:42:00,2011-02-24 12:27:00,3,706.19,373,77,289,235.39666666666668,0.31596020761245674,891.9008650519031,891.9008650519031,2,3,3,8,2,Loyal Customers
14126,2011-12-02 11:45:00,2011-11-29 12:21:00,3,706.1300000000001,508,8,11,235.3766666666667,8.301136363636363,23430.677272727276,23430.677272727276,5,3,3,11,2,Loyal Customers
15038,2011-10-12 11:33:00,2010-12-05 10:54:00,6,705.49,217,59,370,117.58166666666666,0.49358108108108106,695.9563513513514,695.9563513513514,3,5,3,11,0,Champions
16015,2011-12-06 10:58:00,2011-10-21 12:56:00,3,705.39,909,4,49,235.13,1.8635204081632653,5254.435714285714,5254.435714285714,5,4,3,12,2,Loyal Customers
16882,2011-10-04 10:42:00,2011-01-26 17:43:00,3,705.12,424,67,317,235.04,0.2880520504731861,811.8889589905363,811.8889589905363,3,4,3,10,2,Loyal Customers
17934,2011-10-19 11:16:00,2011-10-12 10:50:00,2,704.25,478,52,59,352.125,1.0317796610169492,4356.800847457627,4356.800847457627,3,3,3,9,2,Loyal Customers
12612,2011-09-26 15:35:00,2011-09-26 15:35:00,1,704.0400000000001,262,74,74,704.0400000000001,0.41131756756756754,3472.62972972973,3472.62972972973,2,1,3,6,2,Loyal Customers
12883,2011-11-15 09:32:00,2011-09-11 15:18:00,4,703.47,196,25,89,175.8675,1.3679775280898878,2885.0174157303372,2885.0174157303372,4,4,3,11,2,Loyal Customers
18082,2011-11-14 12:45:00,2011-11-14 12:45:00,1,703.37,621,26,26,703.37,1.1706730769230769,9874.232692307693,9874.232692307693,4,2,3,9,2,Loyal Customers
15103,2011-11-08 14:53:00,2011-09-14 13:54:00,2,703.36,329,31,86,351.68,0.7078488372093023,2985.1906976744185,2985.1906976744185,4,3,3,10,2,Loyal Customers
15574,2011-06-15 12:01:00,2010-12-02 15:46:00,4,702.25,349,178,372,175.5625,0.3272849462365591,689.0356182795699,689.0356182795699,2,4,3,9,2,Loyal Customers
16997,2011-02-24 17:28:00,2011-01-18 11:51:00,3,702.0,360,288,326,234.0,0.2800996932515337,785.9815950920246,785.9815950920246,1,4,3,8,1,At Risk
14198,2011-11-21 16:35:00,2011-04-14 14:54:00,4,701.4,290,18,239,175.35,0.5094142259414226,1071.175732217573,1071.175732217573,4,4,3,11,2,Loyal Customers
14356,2011-09-21 09:18:00,2011-09-19 14:43:00,2,701.23,277,80,81,350.615,0.7515432098765432,3159.863580246914,3159.863580246914,2,3,3,8,2,Loyal Customers
17321,2011-12-01 13:41:00,2011-10-03 11:34:00,2,700.86,373,8,68,350.43,0.8952205882352942,3761.9691176470587,3761.9691176470587,5,3,3,11,2,Loyal Customers
13238,2011-11-22 15:37:00,2010-12-14 14:37:00,4,700.73,298,17,360,175.1825,0.33819444444444446,710.4623611111111,710.4623611111111,4,4,3,11,2,Loyal Customers
17734,2011-10-17 12:33:00,2011-04-20 10:04:00,3,700.63,422,54,234,233.54333333333332,0.390224358974359,1092.8630341880341,1092.8630341880341,3,4,3,10,2,Loyal Customers
15800,2011-08-24 14:23:00,2011-04-07 12:39:00,2,699.08,335,107,247,349.54,0.2464574898785425,1033.0534412955467,1033.0534412955467,2,3,3,8,2,Loyal Customers
13258,2011-11-28 09:31:00,2011-05-18 13:11:00,3,698.58,287,12,205,232.86,0.44542682926829263,1243.8131707317075,1243.8131707317075,5,3,3,11,2,Loyal Customers
17423,2011-10-24 13:36:00,2011-05-06 09:14:00,2,698.41,459,46,218,349.205,0.27924311926605505,1169.3561926605505,1169.3561926605505,3,3,3,9,2,Loyal Customers
17796,2011-10-30 15:38:00,2010-12-05 12:23:00,4,697.9,178,40,370,174.475,0.329054054054054,688.4689189189189,688.4689189189189,3,4,3,10,2,Loyal Customers
15053,2011-12-05 12:08:00,2011-03-03 12:06:00,3,697.79,986,5,282,232.59666666666666,0.3238031914893617,903.1679078014183,903.1679078014183,5,3,3,11,2,Loyal Customers
14829,2011-11-10 16:16:00,2010-12-02 16:12:00,4,697.55,452,29,372,174.3875,0.3272849462365591,684.4240591397848,684.4240591397848,4,4,3,11,2,Loyal Customers
13596,2011-12-04 12:01:00,2011-11-27 11:57:00,2,697.04,406,6,13,348.52,4.6826923076923075,19570.738461538458,19570.738461538458,5,2,3,10,2,Loyal Customers
15700,2011-06-20 16:53:00,2011-06-19 15:36:00,2,696.68,357,172,173,348.34,0.351878612716763,1469.8739884393062,1469.8739884393062,2,3,3,8,1,At Risk
17397,2011-11-17 14:08:00,2011-11-17 13:58:00,2,696.41,254,22,22,348.205,2.767045454545454,11554.074999999999,11554.074999999999,4,3,3,10,2,Loyal Customers
14009,2011-05-25 15:47:00,2011-05-18 13:00:00,2,695.61,365,198,205,347.805,0.2969512195121951,1238.5251219512195,1238.5251219512195,1,3,3,7,1,At Risk
14959,2011-10-06 18:23:00,2011-02-16 13:00:00,4,695.42,494,64,296,173.855,0.41131756756756754,857.5280405405405,857.5280405405405,3,4,3,10,2,Loyal Customers
15304,2011-10-10 10:23:00,2010-12-06 11:42:00,8,694.4000000000001,104,61,369,86.80000000000001,0.6598915989159891,686.8726287262873,686.8726287262873,3,5,3,11,0,Champions
12925,2011-12-05 11:11:00,2011-09-26 11:05:00,2,694.05,541,5,75,347.025,0.8116666666666666,3377.7099999999996,3377.7099999999996,5,2,3,10,2,Loyal Customers
14643,2011-06-22 14:41:00,2010-12-16 17:53:00,2,693.8100000000001,815,170,358,346.90500000000003,0.17004189944134077,707.3761173184358,707.3761173184358,2,3,3,8,1,At Risk
12410,2011-02-04 10:39:00,2011-02-04 10:38:00,2,693.3299999999999,211,309,309,346.66499999999996,0.1970064724919094,818.9820388349514,818.9820388349514,1,2,3,6,1,At Risk
13601,2011-10-25 17:31:00,2011-05-12 16:52:00,2,693.32,548,45,211,346.66,0.28850710900473936,1199.3450236966826,1199.3450236966826,3,2,3,8,2,Loyal Customers
14111,2011-11-25 13:44:00,2011-04-12 11:36:00,4,692.85,458,14,242,173.2125,0.503099173553719,1045.0010330578511,1045.0010330578511,4,4,3,11,2,Loyal Customers
17198,2011-11-16 10:39:00,2010-12-03 14:54:00,3,692.22,357,24,371,230.74,0.24612533692722371,681.0250673854448,681.0250673854448,4,4,3,11,2,Loyal Customers
17733,2011-11-01 08:16:00,2011-03-23 09:54:00,2,692.19,463,39,262,346.095,0.23234732824427481,964.3104961832062,964.3104961832062,3,3,3,9,2,Loyal Customers
13838,2011-12-04 11:00:00,2010-12-05 10:45:00,4,691.73,263,6,370,172.9325,0.329054054054054,682.3822972972973,682.3822972972973,5,4,3,12,2,Loyal Customers
16212,2011-11-20 13:00:00,2011-03-01 12:51:00,2,690.34,244,19,283,345.17,0.2151060070671378,890.3678445229682,890.3678445229682,4,3,3,10,2,Loyal Customers
18085,2011-01-13 15:17:00,2010-12-01 12:08:00,2,689.95,265,330,374,344.975,0.1627673796791444,673.3469251336899,673.3469251336899,1,3,3,7,1,At Risk
13023,2011-10-06 16:27:00,2011-08-02 09:34:00,2,689.9,286,64,130,344.95,0.4682692307692307,1937.0269230769231,1937.0269230769231,3,2,3,8,2,Loyal Customers
15181,2011-10-04 13:58:00,2011-03-15 12:03:00,3,689.4799999999999,544,66,270,229.82666666666663,0.33819444444444446,932.0748148148147,932.0748148148147,3,3,3,9,2,Loyal Customers
18196,2011-09-05 16:22:00,2011-02-22 16:13:00,2,689.13,433,95,290,344.565,0.20991379310344827,867.353275862069,867.353275862069,2,3,3,8,2,Loyal Customers
17502,2011-11-30 13:13:00,2011-11-10 16:39:00,4,689.1,376,9,29,172.275,4.198275862068965,8673.155172413793,8673.155172413793,5,4,3,12,2,Loyal Customers
13799,2011-08-15 12:07:00,2011-02-18 14:18:00,2,688.86,402,117,294,344.43,0.20705782312925172,855.2173469387754,855.2173469387754,2,2,3,7,2,Loyal Customers
16642,2011-12-05 11:31:00,2011-05-16 12:35:00,2,688.33,479,5,208,344.165,0.2926682692307692,1207.886778846154,1207.886778846154,5,3,3,11,2,Loyal Customers
12658,2011-11-21 10:22:00,2011-11-21 10:22:00,1,686.05,320,19,19,686.05,1.6019736842105263,13179.381578947367,13179.381578947367,4,1,3,8,2,Loyal Customers
16122,2011-09-27 15:34:00,2010-12-08 11:41:00,4,684.4200000000001,1128,73,367,171.10500000000002,0.33174386920980925,680.6901907356948,680.6901907356948,2,4,3,9,2,Loyal Customers
16495,2011-12-06 13:20:00,2011-03-08 16:38:00,3,684.41,337,3,276,228.13666666666666,0.33084239130434784,905.1074275362319,905.1074275362319,5,4,3,12,2,Loyal Customers
15669,2011-10-30 16:03:00,2011-03-21 09:13:00,4,684.34,342,40,264,171.085,0.4611742424242424,946.151893939394,946.151893939394,3,4,3,10,2,Loyal Customers
12942,2011-07-31 14:39:00,2010-12-09 09:34:00,3,683.9,203,131,366,227.96666666666667,0.24948770491803277,682.0314207650273,682.0314207650273,2,3,3,8,2,Loyal Customers
17874,2011-06-07 12:54:00,2011-03-29 11:25:00,6,683.46,221,185,256,113.91000000000001,0.71337890625,974.4644531250001,974.4644531250001,1,5,3,9,2,Loyal Customers
14222,2011-06-15 16:42:00,2011-06-15 16:42:00,1,683.17,607,177,177,683.17,0.1719632768361582,1408.7968926553672,1408.7968926553672,2,1,3,6,1,At Risk
12838,2011-11-06 12:20:00,2010-12-01 11:57:00,2,683.13,359,34,374,341.565,0.1627673796791444,666.6910427807487,666.6910427807487,3,2,3,8,2,Loyal Customers
15582,2011-11-15 09:55:00,2011-05-03 13:36:00,3,682.9100000000001,453,25,220,227.63666666666668,0.4150568181818182,1133.0097727272728,1133.0097727272728,4,3,3,10,2,Loyal Customers
13548,2011-09-04 14:50:00,2011-04-10 11:35:00,2,682.41,441,96,244,341.205,0.2494877049180328,1020.818237704918,1020.818237704918,2,2,3,7,2,Loyal Customers
18135,2011-11-10 19:32:00,2011-06-02 14:04:00,5,681.9100000000001,349,29,190,136.382,0.8009868421052632,1309.9850000000001,1309.9850000000001,4,4,3,11,2,Loyal Customers
12478,2011-12-06 09:56:00,2011-12-06 09:56:00,1,680.99,236,4,4,680.99,7.609375,62140.3375,62140.3375,5,1,3,9,2,Loyal Customers
13524,2011-10-30 12:34:00,2011-05-04 12:26:00,5,680.1800000000001,324,41,220,136.036,0.6917613636363636,1128.4804545454547,1128.4804545454547,3,4,3,10,2,Loyal Customers
16872,2011-09-23 16:05:00,2011-06-08 14:32:00,3,680.02,600,77,184,226.67333333333332,0.49626358695652173,1348.9527173913043,1348.9527173913043,2,4,3,9,2,Loyal Customers
15322,2011-09-15 09:34:00,2011-09-15 09:34:00,1,679.68,416,86,86,679.68,0.3539244186046511,2884.688372093023,2884.688372093023,2,1,3,6,2,Loyal Customers
13430,2011-11-21 08:19:00,2011-09-14 14:26:00,2,679.45,751,19,86,339.725,0.7078488372093023,2883.712209302326,2883.712209302326,4,2,3,9,2,Loyal Customers
14788,2011-12-02 17:06:00,2011-11-13 15:52:00,2,679.4399999999999,421,7,26,339.71999999999997,2.3413461538461537,9538.292307692307,9538.292307692307,5,3,3,11,2,Loyal Customers
17994,2011-08-10 11:41:00,2011-02-22 11:02:00,4,678.49,497,122,291,169.6225,0.41838487972508587,851.0269759450172,851.0269759450172,2,4,3,9,2,Loyal Customers
13925,2011-09-08 12:47:00,2011-07-28 12:09:00,4,678.25,331,93,135,169.5625,0.9018518518518519,1833.787037037037,1833.787037037037,2,4,3,9,2,Loyal Customers
13607,2011-10-30 16:17:00,2011-10-30 16:17:00,1,678.01,290,40,40,678.01,0.7609375,6186.8412499999995,6186.8412499999995,3,1,3,7,2,Loyal Customers
13388,2011-07-31 12:52:00,2011-07-31 12:52:00,2,677.1,282,131,131,338.55,0.46469465648854963,1886.5763358778627,1886.5763358778627,2,2,3,7,2,Loyal Customers
13040,2011-12-01 10:38:00,2011-11-06 13:53:00,2,676.99,355,9,33,338.495,1.8446969696969695,7487.919696969697,7487.919696969697,5,2,3,10,2,Loyal Customers
16377,2011-03-17 15:41:00,2011-03-17 15:41:00,1,676.2,1500,267,267,676.2,0.11399812734082397,924.3932584269664,924.3932584269664,1,2,3,6,1,At Risk
15626,2011-09-26 10:03:00,2011-01-14 10:10:00,2,675.8,766,75,330,337.9,0.18446969696969695,747.4757575757575,747.4757575757575,2,3,3,8,2,Loyal Customers
17462,2011-10-10 13:56:00,2011-02-28 17:01:00,2,675.69,227,60,284,337.845,0.21434859154929578,868.4044014084508,868.4044014084508,3,3,3,9,2,Loyal Customers
13325,2011-09-19 10:36:00,2011-09-19 10:36:00,1,675.3,240,82,82,675.3,0.3711890243902439,3005.9085365853657,3005.9085365853657,2,1,3,6,2,Loyal Customers
16418,2011-10-26 12:39:00,2011-04-27 16:54:00,3,675.27,288,45,226,225.09,0.404037610619469,1090.5909292035399,1090.5909292035399,3,4,3,10,2,Loyal Customers
13355,2011-08-09 14:48:00,2011-08-09 14:48:00,1,674.7,314,122,122,674.7,0.2494877049180328,2018.5696721311479,2018.5696721311479,2,1,3,6,2,Loyal Customers
13464,2011-10-12 15:01:00,2011-10-12 15:01:00,1,674.68,403,58,58,674.68,0.5247844827586207,4245.831034482759,4245.831034482759,3,1,3,7,2,Loyal Customers
17749,2011-06-14 15:45:00,2011-03-28 13:39:00,2,674.52,320,178,256,337.26,0.23779296875,961.71796875,961.71796875,2,3,3,8,1,At Risk
13951,2011-06-16 16:43:00,2011-02-18 15:21:00,3,674.45,459,176,294,224.8166666666667,0.3105867346938776,837.3273809523811,837.3273809523811,2,3,3,8,1,At Risk
14504,2011-10-23 16:00:00,2011-03-06 14:38:00,4,673.26,308,47,278,168.315,0.4379496402877698,883.9564748201439,883.9564748201439,3,4,3,10,2,Loyal Customers
18121,2011-07-13 12:53:00,2011-07-08 12:14:00,2,673.1,450,149,155,336.55,0.392741935483871,1585.041935483871,1585.041935483871,2,3,3,8,2,Loyal Customers
14628,2011-09-09 14:58:00,2011-04-11 14:43:00,2,671.96,272,91,242,335.98,0.2515495867768595,1013.4933884297521,1013.4933884297521,2,3,3,8,2,Loyal Customers
17883,2011-12-06 17:49:00,2011-04-07 19:16:00,4,671.77,379,3,246,167.9425,0.49491869918699183,996.7319105691056,996.7319105691056,5,4,3,12,2,Loyal Customers
12638,2011-11-06 13:11:00,2011-11-06 13:11:00,1,671.69,577,33,33,671.69,0.9223484848484848,7429.298484848485,7429.298484848485,3,1,3,7,2,Loyal Customers
17299,2011-11-28 12:01:00,2011-06-19 16:04:00,4,669.11,678,12,173,167.2775,0.703757225433526,1411.7060693641617,1411.7060693641617,5,4,3,12,2,Loyal Customers
12418,2011-08-19 11:08:00,2011-08-19 11:08:00,1,668.58,407,113,113,668.58,0.26935840707964603,2159.5725663716817,2159.5725663716817,2,1,3,6,2,Loyal Customers
14342,2011-11-18 13:21:00,2011-05-13 13:50:00,4,668.5600000000001,347,21,210,167.14000000000001,0.5797619047619047,1162.0209523809524,1162.0209523809524,4,4,3,11,2,Loyal Customers
13741,2011-09-29 09:19:00,2011-05-06 13:43:00,3,668.4300000000001,218,72,217,222.81000000000003,0.420794930875576,1124.317741935484,1124.317741935484,2,3,3,8,2,Loyal Customers
16383,2011-09-26 12:45:00,2011-03-16 13:00:00,2,668.36,475,75,268,334.18,0.22714552238805968,910.2664179104478,910.2664179104478,2,3,3,8,2,Loyal Customers
15031,2011-12-05 14:19:00,2011-03-02 14:46:00,4,668.14,401,4,282,167.035,0.43173758865248224,864.791134751773,864.791134751773,5,4,3,12,2,Loyal Customers
18022,2011-11-04 12:45:00,2011-11-04 12:45:00,1,668.11,736,36,36,668.11,0.8454861111111112,6773.893055555555,6773.893055555555,3,2,3,8,2,Loyal Customers
16268,2011-09-29 18:30:00,2011-09-29 18:30:00,2,667.65,533,71,71,333.825,0.8573943661971831,3432.2852112676055,3432.2852112676055,3,3,3,9,2,Loyal Customers
15969,2011-12-07 11:06:00,2011-06-07 12:19:00,3,666.1,124,3,186,222.03333333333333,0.4909274193548387,1307.1317204301076,1307.1317204301076,5,4,3,12,2,Loyal Customers
17777,2011-11-15 12:02:00,2011-08-31 14:35:00,3,665.86,507,25,100,221.95333333333335,0.9131250000000001,2430.389,2430.389,4,4,3,11,2,Loyal Customers
17105,2011-07-03 15:53:00,2011-02-06 14:46:00,2,665.78,693,159,306,332.89,0.19893790849673204,794.1493464052287,794.1493464052287,2,3,3,8,2,Loyal Customers
16056,2011-10-25 15:19:00,2011-10-25 15:19:00,1,664.85,347,45,45,664.85,0.6763888888888889,5392.672222222222,5392.672222222222,3,2,3,8,2,Loyal Customers
13963,2011-02-04 14:43:00,2010-12-07 09:21:00,4,664.54,460,308,368,166.135,0.33084239130434784,659.122554347826,659.122554347826,1,4,3,8,1,At Risk
16208,2011-10-26 11:36:00,2011-02-23 13:37:00,2,664.26,333,45,289,332.13,0.2106401384083045,838.9442906574394,838.9442906574394,3,3,3,9,2,Loyal Customers
15643,2011-06-01 07:38:00,2011-03-02 14:34:00,3,664.0,246,192,282,221.33333333333334,0.3238031914893617,859.4326241134752,859.4326241134752,1,3,3,7,1,At Risk
14720,2011-12-04 12:02:00,2011-08-05 12:06:00,3,663.81,219,6,127,221.26999999999998,0.718996062992126,1907.8003937007873,1907.8003937007873,5,3,3,11,2,Loyal Customers
13240,2011-09-04 14:08:00,2010-12-09 12:49:00,4,663.65,298,96,366,165.9125,0.3326502732240437,661.8367486338798,661.8367486338798,2,4,3,9,2,Loyal Customers
16573,2011-09-16 09:13:00,2011-02-22 15:14:00,2,663.61,360,85,290,331.805,0.20991379310344827,835.2332758620689,835.2332758620689,2,3,3,8,2,Loyal Customers
14451,2011-10-10 13:38:00,2011-05-29 12:35:00,2,662.59,389,60,195,331.295,0.3121794871794872,1240.232564102564,1240.232564102564,3,3,3,9,2,Loyal Customers
16014,2011-11-02 12:04:00,2011-02-21 17:42:00,3,662.38,265,38,291,220.79333333333332,0.31378865979381443,830.8202749140894,830.8202749140894,3,4,3,10,2,Loyal Customers
18218,2011-05-12 12:53:00,2011-03-03 12:24:00,2,662.08,584,211,282,331.04,0.21586879432624112,856.9475177304965,856.9475177304965,1,3,3,7,1,At Risk
16774,2011-10-03 12:41:00,2011-06-14 12:45:00,4,661.52,322,68,179,165.38,0.6801675977653631,1348.909497206704,1348.909497206704,3,4,3,10,2,Loyal Customers
13028,2011-11-17 11:10:00,2011-10-25 14:09:00,2,661.3199999999999,798,23,45,330.65999999999997,1.3527777777777779,5364.04,5364.04,4,2,3,9,2,Loyal Customers
14603,2011-03-10 10:27:00,2011-03-10 10:27:00,1,660.0,400,275,275,660.0,0.11068181818181819,876.0,876.0,1,1,3,5,1,At Risk
15492,2011-11-11 14:53:00,2011-09-26 14:02:00,2,659.4599999999999,483,28,74,329.72999999999996,0.8226351351351351,3252.7418918918916,3252.7418918918916,4,3,3,10,2,Loyal Customers
13518,2011-09-15 10:29:00,2011-09-15 10:29:00,1,659.4399999999999,392,86,86,659.4399999999999,0.3539244186046511,2798.786046511628,2798.786046511628,2,1,3,6,2,Loyal Customers
13759,2011-11-06 14:47:00,2011-09-29 15:40:00,2,659.4100000000001,287,33,71,329.70500000000004,0.8573943661971831,3389.924647887324,3389.924647887324,3,2,3,8,2,Loyal Customers
16357,2011-11-06 16:04:00,2011-05-10 10:35:00,3,658.88,246,33,214,219.62666666666667,0.42669392523364486,1123.7906542056076,1123.7906542056076,3,4,3,10,2,Loyal Customers
14150,2011-11-04 10:05:00,2010-12-15 10:04:00,2,658.64,496,36,360,329.32,0.16909722222222223,667.7877777777778,667.7877777777778,3,3,3,9,2,Loyal Customers
17779,2011-11-18 14:15:00,2011-07-19 12:19:00,3,658.57,397,21,144,219.52333333333334,0.6341145833333334,1669.292013888889,1669.292013888889,4,4,3,11,2,Loyal Customers
16696,2011-07-27 14:23:00,2011-04-05 15:20:00,4,657.9000000000001,146,135,248,164.47500000000002,0.4909274193548387,968.280241935484,968.280241935484,2,4,3,9,2,Loyal Customers
14818,2011-09-27 11:01:00,2011-03-31 12:28:00,3,657.8,324,74,254,219.26666666666665,0.359498031496063,945.263779527559,945.263779527559,2,3,3,8,2,Loyal Customers
12577,2011-11-04 13:24:00,2010-12-15 16:21:00,3,657.8,472,35,359,219.26666666666665,0.2543523676880223,668.7938718662951,668.7938718662951,3,3,3,9,2,Loyal Customers
15648,2011-05-19 15:53:00,2011-03-17 18:59:00,2,657.35,221,204,267,328.675,0.22799625468164794,898.624531835206,898.624531835206,1,3,3,7,1,At Risk
17459,2011-10-27 13:25:00,2011-10-10 17:00:00,2,657.3,537,43,60,328.65,1.0145833333333334,3998.5749999999994,3998.5749999999994,3,3,3,9,2,Loyal Customers
15677,2011-10-21 15:36:00,2011-10-21 15:36:00,1,657.23,319,49,49,657.23,0.6211734693877551,4895.692857142857,4895.692857142857,3,1,3,7,2,Loyal Customers
16157,2011-11-24 11:41:00,2011-09-28 11:48:00,3,656.69,347,16,73,218.89666666666668,1.2508561643835616,3283.4500000000003,3283.4500000000003,4,4,3,11,2,Loyal Customers
13049,2011-10-06 15:31:00,2011-01-25 16:33:00,2,656.6800000000001,268,64,318,328.34000000000003,0.1914308176100629,753.7364779874214,753.7364779874214,3,2,3,8,2,Loyal Customers
16708,2011-10-25 12:20:00,2011-10-25 12:20:00,1,656.63,285,46,46,656.63,0.6616847826086957,5210.216304347827,5210.216304347827,3,2,3,8,2,Loyal Customers
16127,2011-10-31 13:58:00,2011-10-31 13:58:00,1,656.25,323,39,39,656.25,0.7804487179487181,6141.826923076923,6141.826923076923,3,2,3,8,2,Loyal Customers
14894,2011-09-15 13:51:00,2011-09-15 13:51:00,1,655.75,265,85,85,655.75,0.35808823529411765,2815.8676470588234,2815.8676470588234,2,1,3,6,2,Loyal Customers
16444,2011-10-24 13:50:00,2011-03-20 12:14:00,4,654.67,407,46,265,163.6675,0.45943396226415095,901.7152830188679,901.7152830188679,3,4,3,10,2,Loyal Customers
14651,2011-10-03 15:52:00,2011-05-12 16:29:00,2,654.6,344,67,211,327.3,0.28850710900473936,1132.3649289099526,1132.3649289099526,3,3,3,9,2,Loyal Customers
17398,2011-08-17 09:48:00,2011-03-29 13:04:00,3,653.38,310,115,255,217.79333333333332,0.3580882352941176,935.2301960784314,935.2301960784314,2,4,3,9,2,Loyal Customers
18151,2011-07-28 11:35:00,2011-02-23 08:29:00,2,653.35,355,135,290,326.675,0.20991379310344827,822.3198275862069,822.3198275862069,2,3,3,8,2,Loyal Customers
13496,2011-11-29 10:58:00,2010-12-15 10:17:00,2,653.33,341,11,360,326.665,0.16909722222222223,662.4040277777779,662.4040277777779,5,2,3,10,2,Loyal Customers
15205,2011-09-15 19:36:00,2011-08-04 16:07:00,2,653.24,378,85,127,326.62,0.47933070866141736,1877.4220472440945,1877.4220472440945,2,3,3,8,2,Loyal Customers
14044,2011-11-13 12:05:00,2011-02-03 11:39:00,4,652.82,308,27,310,163.205,0.392741935483871,768.6429032258065,768.6429032258065,4,4,3,11,2,Loyal Customers
14548,2011-07-12 12:19:00,2011-01-26 08:38:00,2,652.8,256,151,318,326.4,0.1914308176100629,749.2830188679244,749.2830188679244,2,3,3,8,2,Loyal Customers
17523,2011-11-28 13:20:00,2011-11-20 13:40:00,4,652.74,872,11,19,163.185,6.407894736842105,12539.478947368421,12539.478947368421,5,4,3,12,2,Loyal Customers
14034,2011-11-17 14:02:00,2011-07-05 13:06:00,3,651.8199999999999,423,22,157,217.2733333333333,0.5816082802547771,1515.3777070063693,1515.3777070063693,4,3,3,10,2,Loyal Customers
16734,2011-10-18 13:44:00,2011-08-17 15:00:00,3,650.51,346,52,114,216.83666666666667,0.8009868421052632,2082.773245614035,2082.773245614035,3,4,3,10,2,Loyal Customers
15571,2011-11-28 10:02:00,2011-09-22 13:15:00,4,650.4300000000001,264,12,78,162.60750000000002,1.5608974358974361,3043.6788461538463,3043.6788461538463,5,4,3,12,2,Loyal Customers
16469,2011-11-16 12:25:00,2011-04-07 13:11:00,4,650.43,273,24,246,162.6075,0.49491869918699183,965.0689024390243,965.0689024390243,4,4,3,11,2,Loyal Customers
16969,2011-10-31 13:12:00,2011-06-01 12:10:00,3,650.41,816,39,192,216.8033333333333,0.4755859375,1236.4565104166666,1236.4565104166666,3,4,3,10,2,Loyal Customers
17373,2011-10-30 15:28:00,2011-01-31 11:46:00,4,646.92,408,40,313,161.73,0.3889776357827476,754.3955271565495,754.3955271565495,3,4,3,10,2,Loyal Customers
12589,2011-11-11 10:19:00,2011-07-18 12:05:00,2,646.68,306,29,145,323.34,0.41982758620689653,1627.8496551724136,1627.8496551724136,4,2,3,9,2,Loyal Customers
15651,2011-11-03 08:41:00,2011-03-24 08:56:00,3,646.3,479,37,261,215.4333333333333,0.34985632183908044,903.8295019157086,903.8295019157086,3,3,3,9,2,Loyal Customers
17545,2011-10-27 14:04:00,2011-10-27 13:48:00,3,645.96,341,43,43,215.32000000000002,2.123546511627907,5483.148837209303,5483.148837209303,3,4,3,10,2,Loyal Customers
14855,2011-08-12 14:02:00,2011-07-28 12:06:00,2,645.65,267,119,135,322.825,0.45092592592592595,1745.6462962962962,1745.6462962962962,2,3,3,8,2,Loyal Customers
12719,2011-12-04 13:45:00,2011-10-05 14:50:00,2,644.95,374,5,65,322.475,0.9365384615384614,3621.6423076923083,3621.6423076923083,5,2,3,10,2,Loyal Customers
17312,2011-07-24 11:52:00,2011-07-03 13:12:00,3,644.3,372,139,159,214.76666666666665,0.5742924528301887,1479.0534591194967,1479.0534591194967,2,4,3,9,2,Loyal Customers
16431,2011-05-10 14:09:00,2011-02-15 14:02:00,3,642.81,453,213,297,214.26999999999998,0.307449494949495,789.9853535353535,789.9853535353535,1,4,3,8,1,At Risk
14020,2011-11-23 09:22:00,2011-09-12 15:32:00,2,642.8,441,17,88,321.4,0.6917613636363635,2666.1590909090905,2666.1590909090905,4,3,3,10,2,Loyal Customers
13034,2011-10-16 12:21:00,2010-12-05 14:52:00,2,642.77,369,55,369,321.385,0.16497289972899729,635.8023035230352,635.8023035230352,3,2,3,8,2,Loyal Customers
15384,2011-06-23 10:57:00,2010-12-15 11:34:00,2,642.41,596,170,360,321.205,0.16909722222222223,651.3323611111111,651.3323611111111,2,3,3,8,1,At Risk
17046,2011-07-05 14:24:00,2011-07-05 14:24:00,1,642.02,510,157,157,642.02,0.19386942675159236,1492.5942675159235,1492.5942675159235,2,2,3,7,2,Loyal Customers
15297,2011-11-29 16:32:00,2011-10-07 09:42:00,3,641.94,292,10,64,213.98000000000002,1.4267578125,3661.0640625,3661.0640625,5,3,3,11,2,Loyal Customers
12365,2011-02-21 14:04:00,2011-02-21 13:51:00,2,641.38,174,291,291,320.69,0.20919243986254293,804.4800687285224,804.4800687285224,1,2,3,6,1,At Risk
12624,2011-08-25 15:04:00,2011-06-15 12:34:00,2,641.13,355,106,178,320.565,0.34199438202247195,1314.6766853932586,1314.6766853932586,2,2,3,7,2,Loyal Customers
13417,2011-12-05 08:49:00,2011-05-18 16:26:00,2,640.83,162,5,205,320.415,0.2969512195121951,1140.99,1140.99,5,2,3,10,2,Loyal Customers
13318,2011-12-08 18:51:00,2011-11-02 13:26:00,3,640.76,304,1,37,213.58666666666667,2.4679054054054053,6321.010810810811,6321.010810810811,5,3,3,11,2,Loyal Customers
12631,2011-10-13 13:53:00,2011-10-13 13:53:00,1,640.5,236,57,57,640.5,0.5339912280701754,4101.4473684210525,4101.4473684210525,3,1,3,7,2,Loyal Customers
14301,2011-08-14 15:33:00,2011-08-14 15:33:00,1,640.14,606,117,117,640.14,0.2601495726495726,1997.0179487179487,1997.0179487179487,2,1,3,6,2,Loyal Customers
15919,2011-11-20 11:28:00,2010-12-06 11:26:00,2,639.89,545,20,369,319.945,0.16497289972899729,632.9535230352303,632.9535230352303,4,3,3,10,2,Loyal Customers
17515,2011-11-08 14:04:00,2011-01-25 14:33:00,4,639.02,243,31,318,159.755,0.3828616352201258,733.4663522012578,733.4663522012578,4,4,3,11,2,Loyal Customers
18160,2011-10-13 15:50:00,2011-05-23 13:41:00,2,638.0600000000001,294,57,200,319.03000000000003,0.304375,1164.4595000000002,1164.4595000000002,3,3,3,9,2,Loyal Customers
14754,2011-10-26 12:01:00,2011-02-17 12:21:00,2,638.05,486,45,296,319.025,0.20565878378378377,786.7846283783783,786.7846283783783,3,3,3,9,2,Loyal Customers
14664,2011-11-20 10:59:00,2011-11-06 14:56:00,2,637.89,466,20,33,318.945,1.8446969696969695,7055.45,7055.45,4,3,3,10,2,Loyal Customers
14128,2011-10-10 12:00:00,2011-03-29 10:49:00,2,637.5,564,61,256,318.75,0.23779296875,908.935546875,908.935546875,3,3,3,9,2,Loyal Customers
14481,2011-06-28 10:38:00,2011-02-25 13:53:00,2,636.51,489,165,287,318.255,0.21210801393728224,809.4987804878049,809.4987804878049,2,3,3,8,2,Loyal Customers
15829,2011-09-01 16:45:00,2011-07-22 10:23:00,2,636.14,996,99,141,318.07,0.43173758865248224,1646.745390070922,1646.745390070922,2,3,3,8,2,Loyal Customers
15773,2011-12-04 12:48:00,2011-12-04 12:48:00,1,635.6800000000001,311,6,6,635.6800000000001,5.072916666666666,38670.53333333333,38670.53333333333,5,2,3,10,2,Loyal Customers
14000,2011-05-12 16:50:00,2011-05-12 16:50:00,1,635.66,710,211,211,635.66,0.14425355450236968,1099.601421800948,1099.601421800948,1,1,3,5,1,At Risk
16139,2011-11-21 08:37:00,2011-05-17 10:23:00,3,635.41,330,19,207,211.8033333333333,0.44112318840579706,1120.4089371980676,1120.4089371980676,4,4,3,11,2,Loyal Customers
17985,2011-11-17 14:24:00,2011-11-17 14:24:00,1,634.95,183,22,22,634.95,1.383522727272727,10534.397727272728,10534.397727272728,4,2,3,9,2,Loyal Customers
13892,2011-11-13 11:50:00,2011-04-07 12:04:00,4,632.97,983,27,247,158.2425,0.492914979757085,935.3605263157896,935.3605263157896,4,4,3,11,2,Loyal Customers
14220,2011-04-06 13:23:00,2010-12-16 18:18:00,2,632.4,272,247,358,316.2,0.17004189944134077,644.7653631284916,644.7653631284916,1,3,3,7,1,At Risk
16306,2011-05-10 12:12:00,2010-12-07 15:18:00,6,632.27,487,214,367,105.37833333333333,0.4976158038147139,628.8243869209809,628.8243869209809,1,5,3,9,1,At Risk
18183,2011-04-26 15:26:00,2011-03-10 10:08:00,2,632.07,371,227,275,316.035,0.22136363636363637,838.9292727272727,838.9292727272727,1,3,3,7,1,At Risk
13822,2011-12-04 12:13:00,2011-10-30 15:55:00,2,632.0,611,6,40,316.0,1.521875,5767.0,5767.0,5,2,3,10,2,Loyal Customers
14021,2011-07-07 15:46:00,2011-03-28 15:10:00,3,631.9,192,155,256,210.63333333333333,0.356689453125,900.951171875,900.951171875,2,3,3,8,2,Loyal Customers
15244,2011-10-05 13:19:00,2011-04-05 15:12:00,2,631.57,405,65,248,315.785,0.24546370967741934,929.5284274193549,929.5284274193549,3,3,3,9,2,Loyal Customers
13539,2011-09-15 10:18:00,2011-02-03 15:23:00,3,631.34,320,86,309,210.4466666666667,0.2955097087378641,745.7576051779936,745.7576051779936,2,3,3,8,2,Loyal Customers
17990,2011-04-17 11:44:00,2010-12-13 12:10:00,3,630.84,414,237,362,210.28,0.25224447513812154,636.067955801105,636.067955801105,1,4,3,8,1,At Risk
13046,2011-11-09 08:36:00,2011-03-18 15:43:00,2,629.31,264,31,266,314.655,0.22885338345864661,863.5268796992481,863.5268796992481,4,2,3,9,2,Loyal Customers
13525,2011-11-25 12:01:00,2011-04-05 15:36:00,2,628.78,394,15,248,314.39,0.24546370967741934,925.4221774193547,925.4221774193547,4,2,3,9,2,Loyal Customers
14687,2011-08-25 11:59:00,2011-08-25 11:59:00,1,628.38,470,107,107,628.38,0.2844626168224299,2143.5392523364485,2143.5392523364485,2,1,3,6,2,Loyal Customers
16022,2011-03-24 13:16:00,2011-03-24 13:16:00,1,628.28,261,260,260,628.28,0.11706730769230768,882.0084615384615,882.0084615384615,1,2,3,6,1,At Risk
15028,2011-12-01 14:06:00,2010-12-06 12:47:00,4,627.13,459,8,369,156.7825,0.32994579945799457,620.3318428184282,620.3318428184282,5,4,3,12,2,Loyal Customers
13546,2011-11-27 14:50:00,2011-05-23 12:14:00,3,626.99,359,12,201,208.99666666666667,0.45429104477611937,1138.5639303482587,1138.5639303482587,5,3,3,11,2,Loyal Customers
15402,2011-07-14 12:17:00,2011-05-27 13:32:00,2,626.77,694,149,196,313.385,0.31058673469387754,1167.1992346938775,1167.1992346938775,2,3,3,8,2,Loyal Customers
14036,2011-02-28 09:26:00,2011-02-28 09:26:00,1,626.65,268,285,285,626.65,0.1067982456140351,802.551754385965,802.551754385965,1,1,3,5,1,At Risk
13914,2011-11-28 10:35:00,2011-11-03 16:28:00,2,626.45,380,12,36,313.225,1.6909722222222223,6351.506944444445,6351.506944444445,5,2,3,10,2,Loyal Customers
14382,2011-11-13 16:18:00,2011-11-13 16:18:00,1,626.0699999999999,1237,26,26,626.0699999999999,1.1706730769230769,8789.059615384615,8789.059615384615,4,1,3,8,2,Loyal Customers
16750,2011-10-26 12:48:00,2011-04-21 16:53:00,5,623.93,214,45,232,124.78599999999999,0.6559806034482758,981.6140086206896,981.6140086206896,3,4,3,10,2,Loyal Customers
16718,2010-12-05 13:03:00,2010-12-05 13:03:00,1,623.75,413,369,369,623.75,0.08248644986449864,616.9884823848239,616.9884823848239,1,2,3,6,1,At Risk
12649,2011-08-24 14:41:00,2011-05-11 14:37:00,3,623.51,586,107,212,207.83666666666667,0.4307193396226415,1073.4959905660378,1073.4959905660378,2,3,3,8,2,Loyal Customers
15147,2011-04-13 15:57:00,2011-04-13 15:57:00,1,623.5,366,240,240,623.5,0.12682291666666667,948.2395833333334,948.2395833333334,1,1,3,5,1,At Risk
13368,2011-03-28 09:59:00,2011-01-06 12:32:00,2,623.4,327,257,338,311.7,0.180103550295858,673.198224852071,673.198224852071,1,2,3,6,1,At Risk
15258,2011-06-24 12:30:00,2011-05-06 14:16:00,2,623.16,142,169,217,311.58,0.2805299539170507,1048.1723502304146,1048.1723502304146,2,3,3,8,1,At Risk
17499,2011-02-23 09:14:00,2011-02-23 09:14:00,1,622.88,711,290,290,622.88,0.10495689655172413,783.9696551724138,783.9696551724138,1,2,3,6,1,At Risk
15182,2011-07-08 13:37:00,2011-03-16 12:42:00,2,622.85,253,154,269,311.425,0.22630111524163568,845.1310408921933,845.1310408921933,2,3,3,8,2,Loyal Customers
17460,2011-09-06 15:04:00,2010-12-01 16:24:00,6,622.4300000000001,236,94,373,103.73833333333334,0.4896112600536193,609.0802949061663,609.0802949061663,2,5,3,10,2,Loyal Customers
15768,2011-08-16 10:48:00,2011-04-28 09:20:00,3,621.8299999999999,244,116,226,207.27666666666664,0.404037610619469,1004.2829646017699,1004.2829646017699,2,4,3,9,2,Loyal Customers
18217,2011-11-10 13:18:00,2011-09-30 10:44:00,2,621.75,491,29,71,310.875,0.8573943661971831,3196.3204225352115,3196.3204225352115,4,3,3,10,2,Loyal Customers
16915,2011-11-30 16:39:00,2011-03-01 09:52:00,6,621.6800000000001,132,9,284,103.61333333333334,0.6430457746478874,798.9901408450704,798.9901408450704,5,5,3,13,0,Champions
17640,2011-09-14 09:13:00,2011-09-14 09:13:00,1,621.66,250,87,87,621.66,0.34985632183908044,2608.113793103448,2608.113793103448,2,2,3,7,2,Loyal Customers
14152,2011-09-25 12:54:00,2011-04-19 15:46:00,2,621.29,711,75,234,310.645,0.2601495726495726,969.1061965811965,969.1061965811965,2,3,3,8,2,Loyal Customers
13402,2011-08-04 15:51:00,2010-12-02 17:12:00,2,621.23,479,127,372,310.615,0.16364247311827956,609.540188172043,609.540188172043,2,2,3,7,2,Loyal Customers
16141,2011-09-12 13:11:00,2011-09-12 13:11:00,1,620.4,238,88,88,620.4,0.34588068181818177,2573.25,2573.25,2,2,3,7,2,Loyal Customers
12667,2011-10-12 17:00:00,2011-10-12 17:00:00,1,620.13,395,58,58,620.13,0.5247844827586207,3902.5422413793103,3902.5422413793103,3,1,3,7,2,Loyal Customers
14529,2011-10-10 15:27:00,2011-08-21 14:10:00,3,620.04,348,60,110,206.67999999999998,0.8301136363636364,2057.405454545454,2057.405454545454,3,3,3,9,2,Loyal Customers
13493,2011-03-09 15:35:00,2011-02-25 16:42:00,2,618.63,380,275,287,309.315,0.21210801393728224,786.7594076655053,786.7594076655053,1,2,3,6,1,At Risk
16613,2011-09-30 15:52:00,2011-09-30 15:52:00,1,618.59,293,70,70,618.59,0.4348214285714286,3225.505,3225.505,3,2,3,8,2,Loyal Customers
13145,2011-10-31 12:45:00,2010-12-02 18:06:00,4,618.52,145,40,372,154.63,0.3272849462365591,606.8811827956989,606.8811827956989,3,4,3,10,2,Loyal Customers
12596,2011-10-19 13:02:00,2011-04-11 13:22:00,2,618.27,474,51,242,309.135,0.2515495867768595,932.5146694214876,932.5146694214876,3,2,3,8,2,Loyal Customers
13301,2011-08-28 11:25:00,2011-02-20 13:13:00,4,618.09,345,104,292,154.5225,0.4169520547945205,772.6125000000001,772.6125000000001,2,4,3,9,2,Loyal Customers
16134,2011-11-18 10:05:00,2010-12-15 14:00:00,2,618.09,371,22,359,309.045,0.16956824512534818,628.4201949860725,628.4201949860725,4,3,3,10,2,Loyal Customers
14593,2011-11-18 12:48:00,2011-05-25 11:14:00,3,617.99,332,22,199,205.99666666666667,0.458856783919598,1133.499246231156,1133.499246231156,4,3,3,10,2,Loyal Customers
14377,2011-06-01 13:32:00,2011-03-22 13:38:00,2,617.05,219,191,262,308.525,0.23234732824427481,859.6307251908396,859.6307251908396,1,3,3,7,1,At Risk
16442,2011-12-08 11:43:00,2010-12-14 10:46:00,3,616.79,446,2,361,205.59666666666666,0.25294321329639885,623.6242382271467,623.6242382271467,5,4,3,12,2,Loyal Customers
16311,2011-11-22 08:54:00,2011-10-21 13:13:00,2,616.26,394,18,49,308.13,1.2423469387755102,4590.508163265306,4590.508163265306,4,3,3,10,2,Loyal Customers
14905,2011-07-05 12:41:00,2011-04-20 10:48:00,2,616.15,287,158,234,308.075,0.2601495726495726,961.0886752136752,961.0886752136752,2,3,3,8,2,Loyal Customers
16005,2011-11-27 13:47:00,2011-03-14 11:46:00,4,615.39,300,12,271,153.8475,0.4492619926199262,828.8463099630997,828.8463099630997,5,4,3,12,2,Loyal Customers
15275,2011-11-02 11:20:00,2011-11-02 11:20:00,1,615.14,498,38,38,615.14,0.8009868421052632,5908.581578947368,5908.581578947368,3,1,3,7,2,Loyal Customers
16566,2011-11-24 16:34:00,2011-02-20 10:29:00,5,614.66,362,15,293,122.93199999999999,0.5194112627986348,765.7027303754267,765.7027303754267,4,4,3,11,2,Loyal Customers
16116,2011-05-12 12:01:00,2011-05-12 12:01:00,1,612.78,248,212,212,612.78,0.14357311320754718,1055.0221698113207,1055.0221698113207,1,2,3,6,1,At Risk
12513,2011-08-19 10:51:00,2011-08-19 10:51:00,1,612.29,462,113,113,612.29,0.26935840707964603,1977.750884955752,1977.750884955752,2,1,3,6,2,Loyal Customers
18149,2011-10-20 12:04:00,2011-03-11 12:44:00,3,612.0799999999999,310,51,274,204.02666666666664,0.33325729927007297,815.3620437956204,815.3620437956204,3,4,3,10,2,Loyal Customers
15232,2011-08-18 16:27:00,2011-07-22 12:21:00,2,612.06,686,113,141,306.03,0.43173758865248224,1584.4106382978723,1584.4106382978723,2,3,3,8,2,Loyal Customers
15645,2011-11-21 11:55:00,2011-11-21 11:55:00,1,612.01,256,19,19,612.01,1.6019736842105263,11757.034210526315,11757.034210526315,4,1,3,8,2,Loyal Customers
16109,2011-05-05 09:17:00,2011-02-04 12:37:00,2,611.88,612,219,309,305.94,0.1970064724919094,722.7708737864078,722.7708737864078,1,3,3,7,1,At Risk
16763,2011-05-25 11:52:00,2011-05-25 11:52:00,1,611.85,319,199,199,611.85,0.15295226130653267,1122.2374371859296,1122.2374371859296,1,2,3,6,1,At Risk
13731,2011-05-04 14:33:00,2011-04-07 10:10:00,2,610.59,278,219,247,305.295,0.2464574898785425,902.2888663967611,902.2888663967611,1,2,3,6,1,At Risk
12673,2011-12-04 13:55:00,2011-01-17 11:46:00,2,610.52,351,5,327,305.26,0.18616207951070335,681.4672782874617,681.4672782874617,5,2,3,10,2,Loyal Customers
15795,2011-07-13 10:43:00,2011-07-13 10:43:00,1,610.01,581,150,150,610.01,0.20291666666666666,1484.3576666666665,1484.3576666666665,2,2,3,7,2,Loyal Customers
13357,2011-03-27 13:56:00,2011-03-27 13:56:00,1,609.95,322,257,257,609.95,0.11843385214007782,866.2714007782102,866.2714007782102,1,1,3,5,1,At Risk
14636,2011-11-03 16:12:00,2011-03-16 09:52:00,2,609.85,241,36,269,304.925,0.22630111524163568,827.4916356877324,827.4916356877324,3,3,3,9,2,Loyal Customers
13933,2011-08-22 14:03:00,2011-07-14 13:35:00,2,608.7900000000001,205,109,148,304.39500000000004,0.41131756756756754,1501.4077702702705,1501.4077702702705,2,2,3,7,2,Loyal Customers
12933,2011-11-15 16:38:00,2011-03-01 11:30:00,3,607.53,499,24,284,202.51,0.3215228873239437,780.8044014084506,780.8044014084506,4,3,3,10,2,Loyal Customers
15573,2011-11-08 11:38:00,2011-09-15 12:16:00,2,607.45,363,32,86,303.725,0.7078488372093023,2578.1308139534885,2578.1308139534885,4,3,3,10,2,Loyal Customers
17119,2011-12-06 14:40:00,2011-10-11 11:03:00,2,606.91,334,3,60,303.455,1.0145833333333334,3692.0358333333334,3692.0358333333334,5,3,3,11,2,Loyal Customers
14710,2011-11-25 14:53:00,2011-10-11 13:49:00,4,606.13,378,14,59,151.5325,2.0635593220338984,3749.7872881355934,3749.7872881355934,4,4,3,11,2,Loyal Customers
17849,2011-05-05 13:46:00,2011-01-10 11:59:00,4,605.8000000000001,114,218,334,151.45000000000002,0.36452095808383234,662.0269461077845,662.0269461077845,1,4,3,8,1,At Risk
14133,2011-08-02 11:34:00,2011-01-28 11:27:00,3,605.64,348,130,316,201.88,0.2889636075949367,699.5525316455696,699.5525316455696,2,3,3,8,2,Loyal Customers
13888,2011-08-12 10:13:00,2011-05-05 14:41:00,2,605.63,258,120,218,302.815,0.27924311926605505,1014.0135321100918,1014.0135321100918,2,2,3,7,2,Loyal Customers
17507,2011-03-23 11:48:00,2011-02-03 18:08:00,2,605.58,359,262,309,302.79,0.1970064724919094,715.3291262135923,715.3291262135923,1,3,3,7,1,At Risk
13233,2011-09-26 13:25:00,2011-01-07 14:49:00,2,605.12,1004,74,336,302.56,0.18117559523809523,657.347619047619,657.347619047619,2,2,3,7,2,Loyal Customers
14323,2011-08-17 11:37:00,2011-04-15 11:44:00,2,605.0600000000001,350,115,239,302.53000000000003,0.2547071129707113,924.0456066945608,924.0456066945608,2,3,3,8,2,Loyal Customers
13558,2011-12-04 11:24:00,2011-10-02 13:01:00,4,605.06,344,6,68,151.265,1.7904411764705883,3247.7485294117646,3247.7485294117646,5,4,3,12,2,Loyal Customers
14675,2011-11-23 12:58:00,2011-11-23 12:58:00,1,604.75,341,16,16,604.75,1.90234375,13795.859375,13795.859375,4,1,3,8,2,Loyal Customers
17664,2011-11-21 11:29:00,2011-05-11 14:17:00,2,604.64,604,19,212,302.32,0.28714622641509435,1041.0075471698115,1041.0075471698115,4,3,3,10,2,Loyal Customers
12944,2011-11-04 11:04:00,2010-12-20 10:41:00,2,604.51,289,36,355,302.255,0.1714788732394366,621.5384507042253,621.5384507042253,3,2,3,8,2,Loyal Customers
16732,2011-11-08 09:54:00,2011-11-08 09:54:00,1,603.75,317,32,32,603.75,0.951171875,6886.5234375,6886.5234375,4,2,3,9,2,Loyal Customers
12556,2011-10-20 13:06:00,2011-07-11 13:35:00,2,603.71,358,50,151,301.855,0.40314569536423844,1459.2990066225168,1459.2990066225168,3,2,3,8,2,Loyal Customers
12707,2011-02-21 08:38:00,2011-02-21 08:38:00,1,603.42,256,292,292,603.42,0.10423801369863013,754.275,754.275,1,1,3,5,1,At Risk
17259,2011-07-14 15:01:00,2010-12-06 12:55:00,2,603.37,410,148,368,301.685,0.16542119565217392,598.4512228260869,598.4512228260869,2,3,3,8,2,Loyal Customers
15366,2011-09-25 15:01:00,2010-12-16 15:59:00,2,602.51,621,75,358,301.255,0.17004189944134077,614.2909217877095,614.2909217877095,2,3,3,8,2,Loyal Customers
17890,2011-01-21 11:19:00,2010-12-13 15:12:00,2,602.09,416,323,361,301.045,0.16862880886426593,608.7613573407202,608.7613573407202,1,3,3,7,1,At Risk
12654,2011-11-29 10:10:00,2011-02-17 13:16:00,5,601.98,264,11,295,120.396,0.5158898305084746,744.8227118644069,744.8227118644069,5,4,3,12,2,Loyal Customers
14609,2011-09-28 12:54:00,2011-02-16 12:10:00,4,601.56,7026,72,297,150.39,0.4099326599326599,739.290909090909,739.290909090909,2,4,3,9,2,Loyal Customers
16654,2011-07-21 15:23:00,2010-12-06 15:09:00,4,601.27,282,141,368,150.3175,0.33084239130434784,596.3683423913043,596.3683423913043,2,4,3,9,2,Loyal Customers
12420,2011-10-07 08:55:00,2011-10-07 08:55:00,1,600.39,345,64,64,600.39,0.4755859375,3424.09921875,3424.09921875,3,1,3,7,2,Loyal Customers
18211,2011-11-14 08:10:00,2011-03-06 12:09:00,5,600.07,359,26,279,120.01400000000001,0.5454749103942652,785.0378136200718,785.0378136200718,4,4,3,11,2,Loyal Customers
13243,2011-05-20 13:14:00,2011-05-20 13:14:00,1,600.07,233,203,203,600.07,0.1499384236453202,1078.9435960591134,1078.9435960591134,1,1,3,5,1,At Risk
12872,2011-01-17 10:52:00,2010-12-09 14:44:00,2,599.97,319,327,365,299.985,0.16678082191780824,599.97,599.97,1,2,3,6,1,At Risk
12521,2011-07-20 10:51:00,2011-07-20 10:51:00,1,599.68,309,143,143,599.68,0.21284965034965034,1530.6517482517481,1530.6517482517481,2,1,3,6,2,Loyal Customers
14965,2011-09-04 13:20:00,2011-09-04 13:15:00,2,599.0,365,96,96,299.5,0.6341145833333333,2277.4479166666665,2277.4479166666665,2,3,3,8,2,Loyal Customers
17420,2011-10-20 14:52:00,2010-12-01 09:56:00,3,598.83,265,50,374,199.61,0.2441510695187166,584.4196524064172,584.4196524064172,3,4,3,10,2,Loyal Customers
14467,2011-11-22 12:48:00,2011-01-31 12:35:00,4,598.76,278,18,313,149.69,0.3889776357827476,698.2345047923322,698.2345047923322,4,4,3,11,2,Loyal Customers
15720,2011-11-15 14:48:00,2011-11-15 14:48:00,1,598.73,281,24,24,598.73,1.2682291666666665,9105.685416666667,9105.685416666667,4,1,3,8,2,Loyal Customers
13311,2011-12-05 12:55:00,2011-07-12 14:26:00,2,598.57,305,4,150,299.285,0.4058333333333333,1456.5203333333334,1456.5203333333334,5,2,3,10,2,Loyal Customers
16298,2011-11-17 11:59:00,2011-06-06 10:06:00,3,598.2,198,23,187,199.4,0.4883021390374332,1167.6096256684493,1167.6096256684493,4,4,3,11,2,Loyal Customers
13959,2011-09-21 15:06:00,2010-12-12 13:56:00,3,598.2,357,79,362,199.4,0.25224447513812154,603.157458563536,603.157458563536,2,3,3,8,2,Loyal Customers
14108,2011-11-09 10:41:00,2011-08-30 11:32:00,2,597.91,381,31,102,298.955,0.5968137254901961,2139.5799019607844,2139.5799019607844,4,3,3,10,2,Loyal Customers
17864,2011-11-27 11:15:00,2011-03-09 11:44:00,3,597.5,810,13,276,199.16666666666666,0.33084239130434784,790.1721014492754,790.1721014492754,5,4,3,12,2,Loyal Customers
16788,2011-08-08 14:53:00,2011-03-30 13:05:00,2,597.48,311,123,254,298.74,0.23966535433070868,858.5834645669291,858.5834645669291,2,3,3,8,2,Loyal Customers
14645,2011-07-06 09:15:00,2011-03-09 09:52:00,2,597.09,381,157,276,298.545,0.22056159420289856,789.6298913043479,789.6298913043479,2,3,3,8,2,Loyal Customers
15381,2011-05-10 11:55:00,2011-03-16 13:44:00,2,596.85,171,214,268,298.425,0.22714552238805968,812.8740671641791,812.8740671641791,1,3,3,7,1,At Risk
18246,2011-11-16 11:49:00,2011-04-20 13:55:00,2,596.1,166,24,233,298.05,0.2612660944206009,933.804721030043,933.804721030043,4,3,3,10,2,Loyal Customers
17658,2011-11-14 12:07:00,2011-05-12 15:23:00,2,595.42,616,26,211,297.71,0.28850710900473936,1029.991943127962,1029.991943127962,4,3,3,10,2,Loyal Customers
14284,2011-11-09 08:11:00,2011-09-14 13:04:00,2,595.25,161,31,86,297.625,0.7078488372093023,2526.3517441860463,2526.3517441860463,4,3,3,10,2,Loyal Customers
16325,2011-10-24 08:48:00,2011-04-08 09:20:00,3,594.24,194,47,246,198.08,0.37118902439024387,881.6975609756098,881.6975609756098,3,4,3,10,2,Loyal Customers
12917,2011-08-03 16:42:00,2011-08-03 16:42:00,1,594.0,120,128,128,594.0,0.23779296875,1693.828125,1693.828125,2,1,3,6,2,Loyal Customers
15442,2011-04-05 12:24:00,2011-04-05 12:24:00,1,594.0,120,249,249,594.0,0.12223895582329318,870.722891566265,870.722891566265,1,1,3,5,1,At Risk
16535,2011-12-04 15:18:00,2011-12-04 15:18:00,1,593.75,356,5,5,593.75,6.0875,43343.75,43343.75,5,2,3,10,2,Loyal Customers
18232,2011-09-19 11:49:00,2011-05-26 16:30:00,4,592.97,302,82,197,148.2425,0.618020304568528,1098.65,1098.65,2,4,3,9,2,Loyal Customers
16203,2011-10-12 12:31:00,2010-12-02 15:39:00,4,592.9,262,59,372,148.225,0.3272849462365591,581.7432795698925,581.7432795698925,3,4,3,10,2,Loyal Customers
14692,2011-07-25 15:08:00,2011-01-21 13:47:00,4,591.55,265,137,322,147.8875,0.3781055900621118,670.545807453416,670.545807453416,2,4,3,9,2,Loyal Customers
13276,2011-10-07 12:44:00,2011-09-01 10:03:00,2,590.9300000000001,161,64,100,295.46500000000003,0.60875,2156.8945000000003,2156.8945000000003,3,2,3,8,2,Loyal Customers
13270,2010-12-08 14:53:00,2010-12-08 14:53:00,1,590.0,200,366,366,590.0,0.08316256830601093,588.3879781420765,588.3879781420765,1,1,3,5,1,At Risk
13452,2011-03-25 14:19:00,2011-03-14 11:38:00,2,590.0,2,259,271,295.0,0.2246309963099631,794.649446494465,794.649446494465,1,2,3,6,1,At Risk
14882,2011-11-13 12:47:00,2011-11-06 10:15:00,2,589.7,158,27,34,294.85,1.7904411764705883,6330.602941176471,6330.602941176471,4,3,3,10,2,Loyal Customers
18123,2011-11-15 14:23:00,2011-11-08 13:31:00,2,589.4399999999999,594,24,31,294.71999999999997,1.9637096774193548,6940.180645161289,6940.180645161289,4,3,3,10,2,Loyal Customers
16723,2011-09-09 13:01:00,2011-08-24 11:31:00,2,589.15,399,91,108,294.575,0.5636574074074073,1991.1087962962963,1991.1087962962963,2,3,3,8,2,Loyal Customers
16838,2011-05-26 13:13:00,2011-02-24 15:01:00,2,588.85,185,197,288,294.425,0.2113715277777778,746.2855902777778,746.2855902777778,1,3,3,7,1,At Risk
14338,2011-07-01 14:08:00,2011-05-27 13:30:00,2,588.22,335,161,196,294.11,0.31058673469387754,1095.409693877551,1095.409693877551,2,3,3,8,2,Loyal Customers
15624,2011-08-15 11:38:00,2011-03-28 13:32:00,4,588.13,357,117,256,147.0325,0.4755859375,838.5447265625,838.5447265625,2,4,3,9,2,Loyal Customers
17351,2011-11-03 18:45:00,2011-03-11 16:05:00,3,587.15,113,36,273,195.71666666666667,0.33447802197802196,785.0173992673992,785.0173992673992,3,4,3,10,2,Loyal Customers
17014,2011-12-01 14:09:00,2011-10-04 11:36:00,3,586.33,245,8,67,195.44333333333336,1.362873134328358,3194.1858208955227,3194.1858208955227,5,4,3,12,2,Loyal Customers
17360,2011-11-22 13:11:00,2011-06-08 17:09:00,3,585.79,335,17,184,195.26333333333332,0.49626358695652173,1162.0290760869564,1162.0290760869564,4,4,3,11,2,Loyal Customers
12384,2011-11-11 08:39:00,2011-08-10 11:23:00,2,585.27,126,29,122,292.635,0.4989754098360656,1751.0127049180328,1751.0127049180328,4,2,3,9,2,Loyal Customers
15222,2011-01-25 08:03:00,2011-01-25 08:03:00,1,585.0,440,319,319,585.0,0.0954153605015674,669.3573667711598,669.3573667711598,1,1,3,5,1,At Risk
16384,2011-09-11 11:19:00,2011-03-21 10:13:00,2,584.5,260,90,264,292.25,0.2305871212121212,808.1155303030303,808.1155303030303,2,3,3,8,2,Loyal Customers
16072,2011-02-24 14:32:00,2011-02-24 14:32:00,1,584.3199999999999,140,288,288,584.3199999999999,0.1056857638888889,740.5444444444444,740.5444444444444,1,2,3,6,1,At Risk
14023,2011-12-02 13:58:00,2011-04-03 15:50:00,2,584.07,345,7,250,292.035,0.24350000000000002,852.7422,852.7422,5,3,3,11,2,Loyal Customers
13557,2011-11-11 15:24:00,2011-03-04 12:14:00,2,584.06,546,28,281,292.03,0.2166370106761566,758.6544483985765,758.6544483985765,4,2,3,9,2,Loyal Customers
15762,2011-10-05 16:15:00,2011-09-23 15:17:00,2,583.75,251,65,77,291.875,0.7905844155844155,2767.1266233766232,2767.1266233766232,3,3,3,9,2,Loyal Customers
12426,2011-05-29 12:26:00,2011-05-29 12:26:00,1,582.73,258,195,195,582.73,0.1560897435897436,1090.7510256410258,1090.7510256410258,1,1,3,5,1,At Risk
13427,2011-11-20 13:02:00,2011-05-08 15:58:00,3,582.6,545,19,215,194.20000000000002,0.4247093023255814,989.0651162790698,989.0651162790698,4,3,3,10,2,Loyal Customers
17970,2011-05-12 20:03:00,2011-05-12 20:03:00,1,582.59,525,211,211,582.59,0.14425355450236968,1007.7978672985782,1007.7978672985782,1,2,3,6,1,At Risk
12695,2011-12-02 13:22:00,2011-05-13 13:15:00,4,582.1,220,7,210,145.525,0.5797619047619047,1011.745238095238,1011.745238095238,5,4,3,12,2,Loyal Customers
18095,2011-01-31 12:50:00,2011-01-11 12:37:00,2,580.0500000000001,419,313,333,290.02500000000003,0.1828078078078078,635.7905405405406,635.7905405405406,1,3,3,7,1,At Risk
16906,2011-09-19 11:49:00,2011-04-05 12:30:00,4,579.77,281,82,249,144.9425,0.4889558232931727,849.8636546184739,849.8636546184739,2,4,3,9,2,Loyal Customers
17142,2011-04-14 18:22:00,2011-04-14 18:22:00,1,579.0,81,239,239,579.0,0.12735355648535565,884.2468619246862,884.2468619246862,1,2,3,6,1,At Risk
13292,2011-11-01 10:04:00,2011-02-28 15:00:00,2,578.9399999999999,347,39,284,289.46999999999997,0.21434859154929578,744.0602112676055,744.0602112676055,3,2,3,8,2,Loyal Customers
17540,2011-11-15 11:56:00,2011-01-27 14:35:00,2,578.9,194,25,316,289.45,0.19264240506329114,668.6661392405064,668.6661392405064,4,3,3,10,2,Loyal Customers
12601,2011-06-03 10:17:00,2011-01-11 10:38:00,5,577.0600000000001,245,190,333,115.412,0.4570195195195195,632.5132132132132,632.5132132132132,1,4,3,8,1,At Risk
14176,2011-02-15 13:12:00,2010-12-07 11:45:00,4,576.9000000000001,209,297,368,144.22500000000002,0.33084239130434784,572.1970108695652,572.1970108695652,1,4,3,8,1,At Risk
16916,2011-11-16 12:08:00,2010-12-02 13:14:00,2,576.26,440,24,372,288.13,0.16364247311827956,565.4163978494623,565.4163978494623,4,3,3,10,2,Loyal Customers
15830,2011-11-02 10:40:00,2011-11-02 10:40:00,1,576.0,415,38,38,576.0,0.8009868421052632,5532.631578947368,5532.631578947368,3,2,3,8,2,Loyal Customers
15550,2011-12-05 15:38:00,2011-02-11 12:49:00,4,575.63,295,4,302,143.9075,0.40314569536423844,695.7117549668875,695.7117549668875,5,4,3,12,2,Loyal Customers
16345,2011-10-26 16:03:00,2011-10-26 16:03:00,1,575.41,289,44,44,575.41,0.6917613636363635,4773.287499999999,4773.287499999999,3,2,3,8,2,Loyal Customers
13487,2011-10-13 12:07:00,2010-12-21 14:54:00,3,575.4,265,58,353,191.79999999999998,0.2586756373937677,594.9603399433428,594.9603399433428,3,3,3,9,2,Loyal Customers
14167,2011-10-31 14:29:00,2011-01-12 15:44:00,4,574.84,150,39,331,143.71,0.36782477341389724,633.8870090634441,633.8870090634441,3,4,3,10,2,Loyal Customers
14400,2011-07-13 15:50:00,2011-07-13 15:50:00,1,574.7,454,149,149,574.7,0.2042785234899329,1407.8221476510068,1407.8221476510068,2,1,3,6,2,Loyal Customers
12784,2011-11-30 15:38:00,2011-11-24 12:53:00,2,574.42,300,9,15,287.21,4.058333333333334,13977.553333333333,13977.553333333333,5,2,3,10,2,Loyal Customers
15339,2011-10-04 12:51:00,2011-01-25 13:15:00,2,574.07,416,66,318,287.035,0.1914308176100629,658.9168238993711,658.9168238993711,3,3,3,9,2,Loyal Customers
15303,2011-02-22 13:59:00,2011-02-22 13:59:00,1,574.02,248,290,290,574.02,0.10495689655172413,722.473448275862,722.473448275862,1,1,3,5,1,At Risk
12879,2011-10-26 12:24:00,2011-09-09 12:11:00,3,573.22,370,45,92,191.07333333333335,0.9925271739130435,2274.188043478261,2274.188043478261,3,3,3,9,2,Loyal Customers
15415,2011-01-30 14:13:00,2011-01-30 14:13:00,1,572.8100000000001,575,313,313,572.8100000000001,0.0972444089456869,667.9733226837061,667.9733226837061,1,1,3,5,1,At Risk
13379,2011-11-13 13:45:00,2011-07-26 12:26:00,3,572.56,601,26,137,190.85333333333332,0.6665145985401459,1525.4335766423358,1525.4335766423358,4,3,3,10,2,Loyal Customers
13405,2011-09-26 17:01:00,2011-01-26 09:27:00,3,572.451,165,74,318,190.817,0.28714622641509435,657.0585377358491,657.0585377358491,2,3,3,8,2,Loyal Customers
12816,2011-09-05 12:41:00,2011-06-16 13:24:00,2,572.2,128,96,176,286.1,0.34588068181818177,1186.664772727273,1186.664772727273,2,2,3,7,2,Loyal Customers
13816,2011-11-16 08:38:00,2011-10-06 14:37:00,2,571.6700000000001,269,24,64,285.83500000000004,0.951171875,3260.3054687500003,3260.3054687500003,4,2,3,9,2,Loyal Customers
17616,2011-06-19 10:11:00,2010-12-07 10:04:00,3,571.1999999999999,224,174,368,190.39999999999998,0.24813179347826086,566.5434782608695,566.5434782608695,2,4,3,9,1,At Risk
15821,2011-10-26 15:48:00,2011-10-09 13:28:00,2,570.96,202,44,61,285.48,0.9979508196721312,3416.4000000000005,3416.4000000000005,3,3,3,9,2,Loyal Customers
15315,2011-10-06 12:51:00,2011-08-15 15:17:00,2,570.5,862,64,116,285.25,0.5247844827586207,1795.1077586206898,1795.1077586206898,3,3,3,9,2,Loyal Customers
14592,2011-11-04 16:35:00,2011-10-06 18:08:00,3,570.46,415,35,64,190.15333333333334,1.4267578125,3253.4046875000004,3253.4046875000004,3,3,3,9,2,Loyal Customers
16667,2011-10-02 15:26:00,2011-02-28 12:57:00,2,570.13,237,68,284,285.065,0.21434859154929578,732.7375000000001,732.7375000000001,3,3,3,9,2,Loyal Customers
13939,2011-11-16 13:33:00,2011-02-01 11:30:00,3,568.55,847,23,312,189.51666666666665,0.2926682692307693,665.1306089743589,665.1306089743589,4,3,3,10,2,Loyal Customers
13321,2011-09-28 15:24:00,2011-09-14 15:18:00,2,567.36,372,72,86,283.68,0.7078488372093023,2407.981395348837,2407.981395348837,2,2,3,7,2,Loyal Customers
17897,2011-06-20 11:23:00,2010-12-01 12:31:00,3,566.6,229,173,374,188.86666666666667,0.2441510695187166,552.9652406417113,552.9652406417113,2,4,3,9,1,At Risk
18150,2011-11-07 16:49:00,2011-05-22 10:47:00,3,566.58,332,32,202,188.86,0.45204207920792083,1023.7707920792079,1023.7707920792079,4,4,3,11,2,Loyal Customers
16278,2011-08-31 17:12:00,2011-08-31 17:12:00,1,566.38,114,100,100,566.38,0.304375,2067.2870000000003,2067.2870000000003,2,2,3,7,2,Loyal Customers
13894,2011-11-16 09:44:00,2011-02-02 12:54:00,3,564.62,354,24,310,188.20666666666668,0.2945564516129032,664.7945161290322,664.7945161290322,4,3,3,10,2,Loyal Customers
15344,2011-12-09 10:45:00,2011-09-26 14:48:00,3,563.94,116,1,74,187.98000000000002,1.2339527027027026,2781.595945945946,2781.595945945946,5,3,3,11,2,Loyal Customers
16933,2011-12-08 12:54:00,2011-04-14 13:33:00,2,563.23,288,1,239,281.615,0.2547071129707113,860.1629707112971,860.1629707112971,5,3,3,11,2,Loyal Customers
14753,2011-09-13 14:50:00,2011-09-13 14:50:00,1,563.15,211,87,87,563.15,0.34985632183908044,2362.640804597701,2362.640804597701,2,1,3,6,2,Loyal Customers
17265,2011-07-24 10:49:00,2011-06-12 12:00:00,2,562.9,394,139,181,281.45,0.3363259668508287,1135.1298342541436,1135.1298342541436,2,3,3,8,2,Loyal Customers
12414,2011-05-06 14:51:00,2011-02-02 14:51:00,3,562.41,300,217,310,187.47,0.2945564516129032,662.1924193548386,662.1924193548386,1,3,3,7,1,At Risk
12559,2011-02-02 09:49:00,2011-01-24 10:12:00,2,561.71,283,311,320,280.855,0.190234375,640.70046875,640.70046875,1,2,3,6,1,At Risk
13946,2011-09-21 13:33:00,2011-03-17 10:02:00,3,561.5699999999999,443,79,268,187.18999999999997,0.3407182835820895,764.8248134328358,764.8248134328358,2,3,3,8,2,Loyal Customers
15655,2011-04-10 15:25:00,2011-04-10 15:25:00,1,560.67,324,243,243,560.67,0.12525720164609053,842.1586419753086,842.1586419753086,1,1,3,5,1,At Risk
13044,2011-02-21 15:20:00,2011-02-21 15:20:00,1,560.47,429,291,291,560.47,0.10459621993127147,702.9950171821306,702.9950171821306,1,1,3,5,1,At Risk
14273,2011-10-19 13:20:00,2011-04-11 13:24:00,4,559.97,264,51,242,139.9925,0.503099173553719,844.5828512396695,844.5828512396695,3,4,3,10,2,Loyal Customers
16275,2011-05-27 12:41:00,2011-05-27 12:41:00,1,559.87,336,197,197,559.87,0.154505076142132,1037.3225888324873,1037.3225888324873,1,2,3,6,1,At Risk
18043,2011-11-15 12:48:00,2010-12-08 12:35:00,3,559.51,282,25,367,186.50333333333333,0.24880790190735694,556.4608991825613,556.4608991825613,4,4,3,11,2,Loyal Customers
14177,2011-09-14 15:11:00,2011-06-13 11:10:00,4,559.41,205,86,180,139.8525,0.6763888888888889,1134.3591666666666,1134.3591666666666,2,4,3,9,2,Loyal Customers
12866,2011-03-01 14:11:00,2011-03-01 14:11:00,1,559.12,171,283,283,559.12,0.1075530035335689,721.1265017667844,721.1265017667844,1,1,3,5,1,At Risk
17503,2011-12-07 09:18:00,2011-11-01 11:12:00,2,558.96,486,3,39,279.48,1.5608974358974361,5231.292307692308,5231.292307692308,5,3,3,11,2,Loyal Customers
12987,2011-09-27 12:03:00,2011-05-26 12:00:00,2,558.7,219,74,198,279.35,0.307449494949495,1029.926767676768,1029.926767676768,2,2,3,7,2,Loyal Customers
13800,2011-02-03 12:27:00,2011-02-03 12:27:00,1,558.32,331,310,310,558.32,0.09818548387096775,657.3767741935485,657.3767741935485,1,1,3,5,1,At Risk
13260,2011-10-09 13:21:00,2011-10-09 13:21:00,1,557.62,142,61,61,557.62,0.4989754098360656,3336.57868852459,3336.57868852459,3,1,3,7,2,Loyal Customers
17955,2011-05-25 12:00:00,2011-05-04 12:29:00,4,557.3,273,199,220,139.325,0.553409090909091,924.6113636363635,924.6113636363635,1,4,3,8,1,At Risk
17295,2011-11-11 10:49:00,2011-10-06 12:22:00,3,556.95,294,29,65,185.65,1.4048076923076922,3127.488461538462,3127.488461538462,4,4,3,11,2,Loyal Customers
16385,2011-10-10 13:12:00,2010-12-08 12:56:00,3,555.89,261,60,366,185.29666666666665,0.24948770491803277,554.371174863388,554.371174863388,3,4,3,10,2,Loyal Customers
14805,2011-11-24 16:20:00,2011-01-30 10:43:00,4,554.65,115,15,314,138.6625,0.3877388535031847,644.7364649681529,644.7364649681529,4,4,3,11,2,Loyal Customers
14891,2011-07-14 18:08:00,2011-06-05 10:58:00,2,554.38,505,148,188,277.19,0.3238031914893617,1076.3228723404256,1076.3228723404256,2,3,3,8,2,Loyal Customers
14618,2011-11-30 13:45:00,2011-01-06 11:59:00,3,553.44,264,9,338,184.48000000000002,0.270155325443787,597.6497041420118,597.6497041420118,5,3,3,11,2,Loyal Customers
15068,2011-10-24 14:47:00,2011-03-28 14:27:00,2,553.36,364,46,256,276.68,0.23779296875,788.9703125,788.9703125,3,3,3,9,2,Loyal Customers
12363,2011-08-22 10:18:00,2011-04-11 13:29:00,2,552.0,408,110,242,276.0,0.2515495867768595,832.5619834710744,832.5619834710744,2,2,3,7,2,Loyal Customers
17674,2011-09-26 13:35:00,2010-12-06 10:20:00,2,551.04,672,74,369,275.52,0.16497289972899729,545.0666666666666,545.0666666666666,2,3,3,8,2,Loyal Customers
17291,2011-02-04 13:04:00,2011-02-04 13:04:00,1,550.8000000000001,72,308,308,550.8000000000001,0.09882305194805194,652.7337662337663,652.7337662337663,1,2,3,6,1,At Risk
17235,2011-11-14 15:51:00,2010-12-02 13:38:00,2,550.06,224,25,372,275.03,0.16364247311827956,539.7094086021506,539.7094086021506,4,3,3,10,2,Loyal Customers
12390,2011-09-21 09:33:00,2011-09-21 09:33:00,1,549.84,353,80,80,549.84,0.38046875,2508.645,2508.645,2,1,3,6,2,Loyal Customers
16340,2011-08-24 14:53:00,2011-08-24 14:53:00,1,549.07,501,107,107,549.07,0.2844626168224299,1872.9957943925235,1872.9957943925235,2,2,3,7,2,Loyal Customers
16536,2011-08-21 15:54:00,2011-08-21 15:54:00,1,548.97,251,110,110,548.97,0.2767045454545455,1821.582272727273,1821.582272727273,2,2,3,7,2,Loyal Customers
16031,2011-09-08 13:07:00,2011-04-06 14:23:00,2,548.94,423,92,247,274.47,0.2464574898785425,811.1866396761134,811.1866396761134,2,3,3,8,2,Loyal Customers
14474,2011-10-24 13:26:00,2011-10-24 13:26:00,1,547.66,140,46,46,547.66,0.6616847826086957,4345.563043478261,4345.563043478261,3,1,3,7,2,Loyal Customers
16811,2011-12-05 11:39:00,2011-11-22 17:19:00,2,547.07,477,5,17,273.535,3.5808823529411766,11745.914705882355,11745.914705882355,5,3,3,11,2,Loyal Customers
17637,2011-11-08 12:51:00,2011-08-16 13:25:00,2,547.0600000000001,280,31,115,273.53000000000003,0.5293478260869565,1736.3208695652177,1736.3208695652177,4,3,3,10,2,Loyal Customers
16211,2011-09-12 12:11:00,2011-09-12 12:11:00,1,547.02,154,89,89,547.02,0.34199438202247195,2243.396629213483,2243.396629213483,2,2,3,7,2,Loyal Customers
17520,2011-10-17 12:04:00,2011-10-17 12:04:00,1,546.81,365,54,54,546.81,0.5636574074074073,3696.0305555555556,3696.0305555555556,3,2,3,8,2,Loyal Customers
12743,2011-07-28 16:21:00,2011-07-28 16:06:00,2,546.43,319,134,134,273.215,0.45429104477611937,1488.4100746268655,1488.4100746268655,2,2,3,7,2,Loyal Customers
14997,2011-10-24 13:28:00,2011-06-14 16:52:00,3,546.1999999999999,1120,46,178,182.06666666666663,0.5129915730337079,1120.0168539325841,1120.0168539325841,3,3,3,9,2,Loyal Customers
17806,2011-11-28 14:12:00,2011-11-28 14:12:00,1,546.04,727,11,11,546.04,2.767045454545454,18118.6,18118.6,5,2,3,10,2,Loyal Customers
12793,2011-01-09 12:12:00,2010-12-03 15:14:00,2,545.48,295,335,371,272.74,0.16408355795148247,536.6582210242588,536.6582210242588,1,2,3,6,1,At Risk
16475,2011-09-12 14:37:00,2011-03-11 09:39:00,4,544.3,319,88,274,136.075,0.44434306569343063,725.0711678832116,725.0711678832116,2,4,3,9,2,Loyal Customers
13617,2011-10-30 13:50:00,2011-06-12 12:55:00,3,544.18,300,40,180,181.39333333333332,0.5072916666666667,1103.476111111111,1103.476111111111,3,3,3,9,2,Loyal Customers
13390,2011-09-26 08:38:00,2011-09-26 08:38:00,1,544.08,224,75,75,544.08,0.4058333333333333,2647.856,2647.856,2,1,3,6,2,Loyal Customers
16927,2011-08-16 11:10:00,2010-12-13 11:57:00,3,543.05,993,116,362,181.01666666666665,0.25224447513812154,547.5504143646408,547.5504143646408,2,4,3,9,2,Loyal Customers
13278,2011-10-30 11:49:00,2011-10-30 11:49:00,1,542.73,537,41,41,542.73,0.7423780487804879,4831.620731707318,4831.620731707318,3,1,3,7,2,Loyal Customers
16230,2011-06-03 10:06:00,2011-05-03 15:12:00,2,542.03,365,190,220,271.015,0.2767045454545455,899.2770454545454,899.2770454545454,1,3,3,7,1,At Risk
17447,2011-10-30 14:18:00,2011-09-29 10:10:00,2,541.53,443,40,72,270.765,0.8454861111111112,2745.25625,2745.25625,3,3,3,9,2,Loyal Customers
17557,2011-11-25 12:57:00,2011-09-19 14:23:00,3,541.46,306,14,81,180.48666666666668,1.1273148148148149,2439.9123456790126,2439.9123456790126,4,4,3,11,2,Loyal Customers
13874,2010-12-16 18:20:00,2010-12-16 18:20:00,1,540.45,180,358,358,540.45,0.08502094972067038,551.0174581005588,551.0174581005588,1,1,3,5,1,At Risk
13812,2011-10-28 14:27:00,2011-08-26 12:54:00,3,539.0,333,42,105,179.66666666666666,0.8696428571428572,1873.6666666666667,1873.6666666666667,3,3,3,9,2,Loyal Customers
14496,2011-02-01 09:01:00,2010-12-01 15:35:00,2,538.8100000000001,159,312,373,269.40500000000003,0.16320375335120643,527.2537533512065,527.2537533512065,1,3,3,7,1,At Risk
15452,2011-11-10 12:13:00,2011-03-20 15:21:00,3,538.73,283,30,264,179.57666666666668,0.34588068181818177,744.835037878788,744.835037878788,4,3,3,10,2,Loyal Customers
15469,2011-10-20 16:21:00,2011-08-11 16:54:00,2,538.55,153,50,120,269.275,0.5072916666666667,1638.0895833333332,1638.0895833333332,3,3,3,9,2,Loyal Customers
15539,2011-12-02 13:36:00,2011-12-02 13:36:00,1,538.46,410,7,7,538.46,4.348214285714286,28076.84285714286,28076.84285714286,5,1,3,9,2,Loyal Customers
17062,2011-01-30 11:01:00,2010-12-05 11:59:00,4,538.37,430,314,370,134.5925,0.329054054054054,531.0947297297297,531.0947297297297,1,4,3,8,1,At Risk
17345,2011-11-24 15:03:00,2011-05-27 12:26:00,4,537.74,346,15,197,134.435,0.618020304568528,996.320304568528,996.320304568528,4,4,3,11,2,Loyal Customers
14539,2011-11-24 09:50:00,2011-10-26 12:03:00,2,537.48,428,16,45,268.74,1.3527777777777779,4359.56,4359.56,4,3,3,10,2,Loyal Customers
16206,2011-10-16 10:41:00,2011-01-16 11:07:00,4,537.0600000000001,272,55,328,134.26500000000001,0.3711890243902439,597.6429878048781,597.6429878048781,3,4,3,10,2,Loyal Customers
15043,2011-11-08 14:26:00,2011-11-08 14:26:00,1,537.0,300,31,31,537.0,0.9818548387096774,6322.741935483871,6322.741935483871,4,1,3,8,2,Loyal Customers
16804,2011-11-16 16:43:00,2011-03-14 15:48:00,3,536.99,246,23,270,178.99666666666667,0.33819444444444446,725.930925925926,725.930925925926,4,4,3,11,2,Loyal Customers
16233,2011-09-29 17:27:00,2010-12-08 12:51:00,3,536.6800000000001,174,71,366,178.89333333333335,0.24948770491803277,535.2136612021858,535.2136612021858,3,4,3,10,2,Loyal Customers
15535,2011-06-19 16:02:00,2011-01-16 12:35:00,4,536.4,143,173,328,134.1,0.3711890243902439,596.9085365853658,596.9085365853658,2,4,3,9,2,Loyal Customers
16142,2011-04-04 10:16:00,2011-04-04 10:16:00,1,535.34,422,250,250,535.34,0.12175000000000001,781.5964,781.5964,1,2,3,6,1,At Risk
12988,2011-02-20 14:31:00,2011-02-20 14:31:00,1,535.32,136,292,292,535.32,0.10423801369863013,669.1500000000001,669.1500000000001,1,1,3,5,1,At Risk
13000,2011-08-25 10:43:00,2010-12-10 10:26:00,3,534.85,379,107,365,178.28333333333333,0.25017123287671234,534.85,534.85,2,3,3,8,2,Loyal Customers
13385,2011-01-14 09:52:00,2011-01-14 09:52:00,1,534.57,281,330,330,534.57,0.09223484848484848,591.2668181818183,591.2668181818183,1,1,3,5,1,At Risk
13434,2011-09-26 14:30:00,2011-09-04 10:35:00,2,534.24,300,74,97,267.12,0.6275773195876289,2010.2845360824742,2010.2845360824742,2,2,3,7,2,Loyal Customers
17443,2011-05-04 10:47:00,2011-05-04 10:47:00,1,534.24,504,220,220,534.24,0.13835227272727274,886.3527272727273,886.3527272727273,1,2,3,6,1,At Risk
13217,2011-08-09 15:32:00,2011-07-06 12:08:00,3,533.98,262,122,157,177.99333333333334,0.5816082802547771,1241.4184713375796,1241.4184713375796,2,3,3,8,2,Loyal Customers
15433,2011-05-10 10:45:00,2011-03-17 14:12:00,2,533.3,534,214,267,266.65,0.22799625468164794,729.0430711610486,729.0430711610486,1,3,3,7,1,At Risk
15756,2011-10-09 13:30:00,2011-04-04 14:00:00,4,532.96,242,61,249,133.24,0.4889558232931727,781.2465863453816,781.2465863453816,3,4,3,10,2,Loyal Customers
15825,2011-06-20 13:27:00,2011-06-20 13:27:00,1,532.94,220,172,172,532.94,0.17696220930232556,1130.9482558139534,1130.9482558139534,2,2,3,7,1,At Risk
16706,2011-11-02 13:50:00,2011-08-17 15:53:00,3,531.35,249,37,114,177.11666666666667,0.8009868421052632,1701.252192982456,1701.252192982456,3,4,3,10,2,Loyal Customers
14265,2011-08-22 13:32:00,2011-07-14 09:10:00,2,530.18,330,109,149,265.09,0.4085570469798658,1298.763087248322,1298.763087248322,2,3,3,8,2,Loyal Customers
18159,2011-02-11 14:26:00,2011-02-11 14:26:00,1,530.15,139,301,301,530.15,0.10112126245847176,642.8729235880398,642.8729235880398,1,2,3,6,1,At Risk
14002,2011-07-28 15:55:00,2011-07-06 14:59:00,2,529.73,877,134,156,264.865,0.39022435897435903,1239.4323717948719,1239.4323717948719,2,3,3,8,2,Loyal Customers
14463,2011-09-02 15:20:00,2011-05-18 14:42:00,3,529.62,179,98,205,176.54,0.44542682926829263,942.9819512195121,942.9819512195121,2,3,3,8,2,Loyal Customers
16185,2011-11-23 09:41:00,2011-04-21 11:59:00,2,529.41,260,17,233,264.705,0.2612660944206009,829.3332618025751,829.3332618025751,4,3,3,10,2,Loyal Customers
17631,2011-12-08 09:47:00,2011-04-21 13:22:00,3,528.33,334,2,232,176.11,0.3935883620689655,831.2088362068966,831.2088362068966,5,4,3,12,2,Loyal Customers
16602,2011-11-03 15:54:00,2011-11-03 15:54:00,1,528.08,336,36,36,528.08,0.8454861111111112,5354.144444444445,5354.144444444445,3,2,3,8,2,Loyal Customers
12479,2011-11-28 13:26:00,2011-11-28 13:26:00,1,527.2,385,11,11,527.2,2.767045454545454,17493.454545454548,17493.454545454548,5,1,3,9,2,Loyal Customers
17623,2011-11-07 11:32:00,2011-11-07 11:32:00,1,527.0500000000001,265,33,33,527.0500000000001,0.9223484848484848,5829.492424242425,5829.492424242425,4,2,3,9,2,Loyal Customers
18252,2011-10-20 12:43:00,2011-06-21 11:47:00,2,526.67,239,51,172,263.335,0.3539244186046511,1117.6427325581394,1117.6427325581394,3,3,3,9,2,Loyal Customers
16892,2011-12-08 13:18:00,2011-06-09 11:35:00,5,525.54,239,1,184,105.10799999999999,0.8271059782608696,1042.5114130434781,1042.5114130434781,5,4,3,12,2,Loyal Customers
17290,2011-12-06 12:38:00,2011-11-23 15:53:00,2,525.24,404,4,16,262.62,3.8046875,11982.0375,11982.0375,5,3,3,11,2,Loyal Customers
17429,2011-08-03 13:22:00,2011-05-05 09:53:00,3,524.9200000000001,624,128,219,174.97333333333336,0.4169520547945205,874.8666666666668,874.8666666666668,2,4,3,9,2,Loyal Customers
15467,2011-11-30 14:17:00,2011-07-10 14:42:00,3,524.88,310,9,152,174.96,0.6007401315789473,1260.4026315789474,1260.4026315789474,5,3,3,11,2,Loyal Customers
15891,2011-04-27 12:35:00,2011-04-27 12:35:00,1,524.52,442,227,227,524.52,0.13408590308370044,843.3911894273127,843.3911894273127,1,2,3,6,1,At Risk
13721,2011-11-03 14:05:00,2011-11-03 14:05:00,1,524.14,316,36,36,524.14,0.8454861111111112,5314.197222222222,5314.197222222222,3,1,3,7,2,Loyal Customers
17329,2011-11-25 14:24:00,2011-01-28 15:29:00,2,523.11,142,14,315,261.555,0.19325396825396826,606.1433333333333,606.1433333333333,4,3,3,10,2,Loyal Customers
18017,2011-09-19 16:15:00,2011-02-02 13:57:00,3,523.0,300,81,310,174.33333333333334,0.2945564516129032,615.7903225806451,615.7903225806451,2,4,3,9,2,Loyal Customers
17712,2011-10-26 12:28:00,2011-10-26 12:28:00,1,522.91,215,45,45,522.91,0.6763888888888889,4241.381111111111,4241.381111111111,3,2,3,8,2,Loyal Customers
14871,2011-12-06 13:42:00,2010-12-14 12:18:00,4,522.38,185,3,361,130.595,0.33725761772853186,528.1681440443214,528.1681440443214,5,4,3,12,2,Loyal Customers
12863,2011-10-18 14:15:00,2011-10-18 14:15:00,1,521.2,188,52,52,521.2,0.5853365384615384,3658.4230769230776,3658.4230769230776,3,1,3,7,2,Loyal Customers
15149,2011-07-29 10:58:00,2011-07-29 10:58:00,1,520.8000000000001,128,134,134,520.8000000000001,0.22714552238805968,1418.5970149253733,1418.5970149253733,2,1,3,6,2,Loyal Customers
14873,2011-05-13 13:52:00,2011-05-13 13:52:00,1,519.68,168,210,210,519.68,0.14494047619047618,903.2533333333332,903.2533333333332,1,1,3,5,1,At Risk
12571,2011-10-31 10:19:00,2011-08-10 12:35:00,2,519.61,523,40,122,259.805,0.4989754098360656,1554.5709016393441,1554.5709016393441,3,2,3,8,2,Loyal Customers
13643,2011-11-08 15:37:00,2011-06-07 11:40:00,3,519.44,273,31,186,173.14666666666668,0.4909274193548387,1019.331182795699,1019.331182795699,4,3,3,10,2,Loyal Customers
16955,2011-06-08 10:36:00,2010-12-01 13:31:00,4,518.67,266,185,373,129.6675,0.32640750670241286,507.54571045576404,507.54571045576404,1,4,3,8,1,At Risk
16650,2011-09-29 09:51:00,2011-09-29 09:51:00,1,518.42,372,72,72,518.42,0.4227430555555556,2628.101388888889,2628.101388888889,2,2,3,7,2,Loyal Customers
15030,2011-09-29 10:50:00,2011-03-16 15:34:00,2,518.28,372,72,268,259.14,0.22714552238805968,705.8664179104477,705.8664179104477,2,3,3,8,2,Loyal Customers
16135,2011-03-22 12:30:00,2011-03-22 12:30:00,1,517.55,209,263,263,517.55,0.11573193916349811,718.2728136882129,718.2728136882129,1,2,3,6,1,At Risk
17454,2011-05-31 13:58:00,2010-12-15 10:54:00,4,517.53,243,192,360,129.3825,0.33819444444444446,524.7179166666666,524.7179166666666,1,4,3,8,1,At Risk
18205,2011-11-03 13:22:00,2011-09-26 12:02:00,2,517.36,192,36,75,258.68,0.8116666666666666,2517.8186666666666,2517.8186666666666,3,3,3,9,2,Loyal Customers
13043,2011-03-11 14:52:00,2011-03-11 14:52:00,1,516.42,254,273,273,516.42,0.11149267399267399,690.4516483516483,690.4516483516483,1,1,3,5,1,At Risk
15882,2011-05-25 11:35:00,2010-12-06 13:01:00,4,516.36,276,199,368,129.09,0.33084239130434784,512.1505434782608,512.1505434782608,1,4,3,8,1,At Risk
15809,2011-11-03 16:40:00,2011-02-10 11:16:00,5,515.77,301,36,303,103.154,0.5022689768976898,621.307095709571,621.307095709571,3,4,3,10,2,Loyal Customers
12811,2011-03-24 09:42:00,2011-02-28 15:39:00,3,514.85,230,261,284,171.61666666666667,0.3215228873239437,661.6910211267606,661.6910211267606,1,3,3,7,1,At Risk
15246,2011-04-15 14:45:00,2010-12-16 09:46:00,2,514.15,247,238,359,257.075,0.16956824512534818,522.7430362116992,522.7430362116992,1,3,3,7,1,At Risk
13005,2011-06-19 10:53:00,2011-04-07 13:32:00,2,513.7,172,174,246,256.85,0.24745934959349591,762.1971544715449,762.1971544715449,2,2,3,7,1,At Risk
17513,2011-09-28 16:42:00,2011-09-28 16:42:00,1,513.2,254,72,72,513.2,0.4227430555555556,2601.638888888889,2601.638888888889,2,2,3,7,2,Loyal Customers
17805,2011-09-27 11:49:00,2011-09-27 11:49:00,1,512.31,478,74,74,512.31,0.41131756756756754,2526.9344594594595,2526.9344594594595,2,2,3,7,2,Loyal Customers
17480,2011-09-23 11:39:00,2011-09-23 11:39:00,1,511.82,338,78,78,511.82,0.39022435897435903,2395.055128205128,2395.055128205128,2,2,3,7,2,Loyal Customers
12582,2011-04-15 08:45:00,2011-02-24 11:42:00,2,511.36,300,239,289,255.68,0.2106401384083045,645.8352941176471,645.8352941176471,1,2,3,6,1,At Risk
14851,2011-11-16 14:20:00,2011-03-28 14:59:00,2,511.35,325,23,256,255.675,0.23779296875,729.0732421875,729.0732421875,4,3,3,10,2,Loyal Customers
16561,2011-12-04 11:50:00,2011-10-11 09:53:00,2,511.12,244,6,60,255.56,1.0145833333333334,3109.313333333333,3109.313333333333,5,3,3,11,2,Loyal Customers
15406,2011-11-08 13:22:00,2011-02-11 16:19:00,2,510.71000000000004,254,31,301,255.35500000000002,0.20224252491694353,619.2995016611296,619.2995016611296,4,3,3,10,2,Loyal Customers
12904,2011-11-21 14:34:00,2011-06-20 13:18:00,2,509.58,302,18,172,254.79,0.3539244186046511,1081.3761627906977,1081.3761627906977,4,2,3,9,2,Loyal Customers
12436,2011-09-01 12:09:00,2011-09-01 12:09:00,1,509.01,211,100,100,509.01,0.304375,1857.8864999999998,1857.8864999999998,2,1,3,6,2,Loyal Customers
16898,2011-11-13 15:44:00,2010-12-06 12:23:00,3,508.81,419,26,369,169.60333333333332,0.24745934959349594,503.2944444444444,503.2944444444444,4,4,3,11,2,Loyal Customers
17391,2011-06-29 09:58:00,2011-06-28 12:21:00,2,508.8,480,164,165,254.4,0.3689393939393939,1125.5272727272727,1125.5272727272727,2,3,3,8,2,Loyal Customers
15417,2011-09-15 15:26:00,2011-09-15 15:26:00,1,508.8,284,85,85,508.8,0.35808823529411765,2184.8470588235296,2184.8470588235296,2,1,3,6,2,Loyal Customers
14317,2011-10-06 10:44:00,2011-10-06 10:44:00,1,508.58000000000004,255,65,65,508.58000000000004,0.4682692307692307,2855.872307692308,2855.872307692308,3,1,3,7,2,Loyal Customers
17958,2011-08-15 12:19:00,2011-08-15 12:19:00,1,508.4599999999999,84,117,117,508.4599999999999,0.2601495726495726,1586.2213675213673,1586.2213675213673,2,2,3,7,2,Loyal Customers
17415,2011-09-21 12:50:00,2011-09-21 12:50:00,1,507.84,114,80,80,507.84,0.38046875,2317.0199999999995,2317.0199999999995,2,2,3,7,2,Loyal Customers
14158,2011-10-30 15:08:00,2011-10-30 15:08:00,1,507.66,781,40,40,507.66,0.7609375,4632.397500000001,4632.397500000001,3,1,3,7,2,Loyal Customers
14820,2011-11-18 15:41:00,2011-06-19 14:56:00,4,507.29,253,21,173,126.8225,0.703757225433526,1070.2939306358383,1070.2939306358383,4,4,3,11,2,Loyal Customers
15721,2011-11-28 12:14:00,2011-11-28 12:14:00,1,507.08,409,12,12,507.08,2.536458333333333,15423.683333333332,15423.683333333332,5,1,3,9,2,Loyal Customers
16960,2011-11-01 11:35:00,2011-04-01 11:54:00,3,507.05,304,39,253,169.01666666666668,0.3609189723320158,731.5148221343875,731.5148221343875,3,4,3,10,2,Loyal Customers
13885,2011-06-03 15:07:00,2011-05-23 08:52:00,2,506.8,182,189,201,253.4,0.30286069651741293,920.3084577114428,920.3084577114428,1,2,3,6,1,At Risk
16614,2011-06-10 11:36:00,2011-06-10 11:36:00,1,506.19,223,183,183,506.19,0.16632513661202186,1009.6139344262295,1009.6139344262295,1,2,3,6,1,At Risk
14014,2011-09-23 13:18:00,2011-09-23 13:18:00,1,505.18,1076,77,77,505.18,0.39529220779220775,2394.6844155844155,2394.6844155844155,2,1,3,6,2,Loyal Customers
15081,2011-11-17 17:08:00,2010-12-07 16:20:00,5,504.8,190,22,367,100.96000000000001,0.4146798365122616,502.04904632152596,502.04904632152596,4,4,3,11,2,Loyal Customers
12991,2011-11-16 15:34:00,2011-08-19 14:39:00,2,503.76,405,23,112,251.88,0.5435267857142857,1641.7178571428572,1641.7178571428572,4,2,3,9,2,Loyal Customers
17630,2011-06-23 11:58:00,2011-04-21 14:03:00,2,503.59999999999997,158,170,232,251.79999999999998,0.26239224137931033,792.301724137931,792.301724137931,2,3,3,8,1,At Risk
16863,2011-11-08 15:26:00,2010-12-08 08:58:00,2,502.8,409,31,367,251.4,0.16587193460490463,500.0599455040872,500.0599455040872,4,3,3,10,2,Loyal Customers
15006,2011-10-19 15:08:00,2011-10-19 15:08:00,1,502.09,302,51,51,502.09,0.5968137254901961,3593.389215686274,3593.389215686274,3,1,3,7,2,Loyal Customers
13865,2011-10-12 13:31:00,2011-02-23 12:04:00,4,501.56,204,58,290,125.39,0.41982758620689653,631.2737931034483,631.2737931034483,3,4,3,10,2,Loyal Customers
15881,2011-01-31 16:59:00,2010-12-10 13:32:00,5,501.39000000000004,260,312,364,100.278,0.4180975274725275,502.7674450549451,502.7674450549451,1,4,3,8,1,At Risk
13116,2011-07-24 14:33:00,2011-07-24 14:33:00,1,501.14,291,138,138,501.14,0.22056159420289856,1325.4789855072463,1325.4789855072463,2,1,3,6,2,Loyal Customers
13247,2011-11-22 10:59:00,2011-09-18 11:31:00,4,501.12,328,18,83,125.28,1.466867469879518,2203.720481927711,2203.720481927711,4,4,3,11,2,Loyal Customers
16616,2011-11-24 16:31:00,2011-07-05 13:38:00,2,500.42,370,15,157,250.21,0.3877388535031847,1163.3968152866244,1163.3968152866244,4,3,3,10,2,Loyal Customers
15389,2011-06-20 16:18:00,2011-06-20 16:18:00,1,500.0,400,172,172,500.0,0.17696220930232556,1061.046511627907,1061.046511627907,2,1,3,6,1,At Risk
14958,2011-07-15 14:20:00,2011-04-08 11:28:00,3,499.68,129,147,246,166.56,0.37118902439024387,741.3951219512196,741.3951219512196,2,3,3,8,2,Loyal Customers
14077,2011-10-30 12:35:00,2011-03-10 15:52:00,5,499.41999999999996,268,41,274,99.88399999999999,0.5554288321167883,665.2857664233576,665.2857664233576,3,4,3,10,2,Loyal Customers
15193,2011-10-10 08:23:00,2011-10-10 08:23:00,1,499.32,144,61,61,499.32,0.4989754098360656,2987.734426229508,2987.734426229508,3,1,3,7,2,Loyal Customers
14681,2011-09-29 15:52:00,2011-05-12 10:45:00,3,498.95,76,71,212,166.31666666666666,0.4307193396226415,859.0412735849056,859.0412735849056,3,3,3,9,2,Loyal Customers
16488,2011-11-06 13:42:00,2011-07-14 11:46:00,3,498.8,728,33,149,166.26666666666668,0.6128355704697986,1221.8926174496646,1221.8926174496646,3,4,3,10,2,Loyal Customers
15142,2011-10-24 12:51:00,2011-10-24 12:51:00,1,498.74,365,46,46,498.74,0.6616847826086957,3957.39347826087,3957.39347826087,3,1,3,7,2,Loyal Customers
17053,2011-08-01 10:23:00,2011-08-01 10:23:00,1,498.48,122,131,131,498.48,0.23234732824427481,1388.8946564885498,1388.8946564885498,2,2,3,7,2,Loyal Customers
17298,2011-08-30 16:43:00,2011-08-07 12:21:00,2,498.42,387,101,125,249.21,0.48700000000000004,1455.3864,1455.3864,2,3,3,8,2,Loyal Customers
16820,2011-09-05 12:06:00,2011-09-05 12:06:00,1,497.61,307,96,96,497.61,0.31705729166666663,1891.9546874999999,1891.9546874999999,2,2,3,7,2,Loyal Customers
17495,2011-12-02 12:08:00,2011-11-01 12:06:00,2,497.56,229,8,39,248.78,1.5608974358974361,4656.651282051282,4656.651282051282,5,3,3,11,2,Loyal Customers
16368,2011-12-07 13:12:00,2011-11-11 15:08:00,2,497.43,260,2,28,248.715,2.174107142857143,6484.355357142857,6484.355357142857,5,3,3,11,2,Loyal Customers
15300,2011-10-06 17:08:00,2011-10-06 17:08:00,1,496.44,292,64,64,496.44,0.4755859375,2831.259375,2831.259375,3,1,3,7,2,Loyal Customers
15018,2011-11-01 12:47:00,2010-12-07 10:47:00,3,496.21000000000004,189,39,368,165.40333333333334,0.24813179347826086,492.16480978260876,492.16480978260876,3,3,3,9,2,Loyal Customers
17374,2011-05-05 09:05:00,2011-03-03 12:53:00,2,495.77,85,219,281,247.885,0.2166370106761566,643.9717081850533,643.9717081850533,1,3,3,7,1,At Risk
15448,2011-01-31 10:42:00,2011-01-31 10:42:00,1,494.64,232,313,313,494.64,0.0972444089456869,576.8166134185303,576.8166134185303,1,1,3,5,1,At Risk
16352,2011-11-22 10:32:00,2011-11-02 08:44:00,2,494.44,300,18,38,247.22,1.6019736842105263,4749.226315789474,4749.226315789474,4,3,3,10,2,Loyal Customers
17333,2011-09-15 10:11:00,2011-09-15 10:11:00,1,494.25,375,86,86,494.25,0.3539244186046511,2097.688953488372,2097.688953488372,2,2,3,7,2,Loyal Customers
12763,2011-07-24 14:12:00,2010-12-05 15:46:00,2,494.08,316,138,369,247.04,0.16497289972899729,488.72411924119234,488.72411924119234,2,2,3,7,2,Loyal Customers
15877,2011-12-08 11:53:00,2011-11-22 11:18:00,2,493.28,371,2,18,246.64,3.3819444444444446,10002.62222222222,10002.62222222222,5,3,3,11,2,Loyal Customers
13176,2011-10-24 15:43:00,2011-10-24 15:43:00,1,492.84,453,46,46,492.84,0.6616847826086957,3910.578260869565,3910.578260869565,3,1,3,7,2,Loyal Customers
14270,2011-01-12 09:33:00,2011-01-12 09:33:00,1,492.65000000000003,197,332,332,492.65000000000003,0.09167921686746988,541.6182228915662,541.6182228915662,1,1,3,5,1,At Risk
15507,2011-06-21 11:19:00,2011-06-21 11:19:00,1,492.36,162,172,172,492.36,0.17696220930232556,1044.8337209302326,1044.8337209302326,2,1,3,6,1,At Risk
13732,2011-11-11 15:49:00,2011-11-11 15:49:00,1,491.86,498,28,28,491.86,1.0870535714285714,6411.746428571429,6411.746428571429,4,1,3,8,2,Loyal Customers
14236,2011-09-20 09:13:00,2010-12-02 18:49:00,2,490.86,310,81,372,245.43,0.16364247311827956,481.6233870967742,481.6233870967742,2,3,3,8,2,Loyal Customers
15000,2011-10-23 11:42:00,2011-10-23 11:42:00,1,490.52,218,48,48,490.52,0.6341145833333333,3729.995833333333,3729.995833333333,3,1,3,7,2,Loyal Customers
14416,2011-11-17 15:22:00,2011-10-28 15:10:00,2,490.22,326,22,42,245.11,1.4494047619047619,4260.245238095238,4260.245238095238,4,3,3,10,2,Loyal Customers
18074,2010-12-01 09:53:00,2010-12-01 09:53:00,1,489.6,190,374,374,489.6,0.0813836898395722,477.8181818181818,477.8181818181818,1,2,2,5,1,At Risk
12809,2011-06-15 10:51:00,2011-06-15 10:51:00,1,489.31,220,178,178,489.31,0.17099719101123598,1003.3603932584269,1003.3603932584269,2,1,2,5,1,At Risk
17361,2011-10-21 15:43:00,2011-02-21 09:55:00,3,488.2,157,49,292,162.73333333333332,0.3127140410958904,610.2499999999999,610.2499999999999,3,4,2,9,2,Loyal Customers
14396,2011-10-05 16:09:00,2010-12-03 15:19:00,2,487.99,225,65,371,243.995,0.16408355795148247,480.0979784366577,480.0979784366577,3,3,2,8,2,Loyal Customers
15165,2010-12-01 14:03:00,2010-12-01 14:03:00,1,487.75,160,373,373,487.75,0.08160187667560322,477.2888739946381,477.2888739946381,1,1,2,4,1,At Risk
16643,2011-04-08 08:24:00,2011-04-08 08:24:00,1,487.51,269,246,246,487.51,0.12372967479674796,723.3380081300812,723.3380081300812,1,2,2,5,1,At Risk
13338,2011-07-05 09:06:00,2011-07-05 09:06:00,1,487.02,256,158,158,487.02,0.19264240506329114,1125.0778481012658,1125.0778481012658,2,1,2,5,1,At Risk
13675,2011-07-11 12:57:00,2011-02-28 12:14:00,2,486.82000000000005,330,151,285,243.41000000000003,0.2135964912280702,623.4712280701755,623.4712280701755,2,2,2,6,2,Loyal Customers
17453,2011-11-22 09:42:00,2011-10-06 17:02:00,2,486.71999999999997,219,18,64,243.35999999999999,0.951171875,2775.825,2775.825,4,3,2,9,2,Loyal Customers
15287,2011-11-17 15:34:00,2011-09-30 12:30:00,2,486.69,433,22,71,243.345,0.8573943661971831,2501.997887323944,2501.997887323944,4,3,2,9,2,Loyal Customers
13153,2011-12-04 12:14:00,2011-12-04 12:14:00,1,486.22,418,6,6,486.22,5.072916666666666,29578.383333333335,29578.383333333335,5,1,2,8,2,Loyal Customers
12639,2011-04-15 12:48:00,2011-04-15 12:48:00,1,486.1,201,239,239,486.1,0.12735355648535565,742.3702928870293,742.3702928870293,1,1,2,4,1,At Risk
15109,2011-04-08 09:58:00,2011-04-08 09:58:00,1,484.95,131,246,246,484.95,0.12372967479674796,719.5396341463414,719.5396341463414,1,1,2,4,1,At Risk
16999,2011-11-16 13:53:00,2011-09-26 15:43:00,2,484.82,294,23,74,242.41,0.8226351351351351,2391.341891891892,2391.341891891892,4,3,2,9,2,Loyal Customers
16504,2011-11-14 15:18:00,2011-11-14 15:18:00,1,484.38,524,25,25,484.38,1.2175,7071.948,7071.948,4,2,2,8,2,Loyal Customers
16518,2011-10-09 15:04:00,2011-02-28 16:36:00,2,484.32,327,61,284,242.16,0.21434859154929578,622.4535211267605,622.4535211267605,3,3,2,8,2,Loyal Customers
14130,2011-01-24 16:05:00,2011-01-24 16:05:00,1,483.86,258,319,319,483.86,0.0954153605015674,553.6329153605016,553.6329153605016,1,1,2,4,1,At Risk
13531,2011-05-18 16:56:00,2010-12-08 15:03:00,2,483.8,174,205,366,241.9,0.16632513661202186,482.4781420765027,482.4781420765027,1,2,2,5,1,At Risk
12808,2011-11-03 10:05:00,2010-12-06 10:27:00,3,483.65000000000003,188,37,369,161.21666666666667,0.24745934959349594,478.4071815718157,478.4071815718157,3,3,2,8,2,Loyal Customers
14147,2011-09-22 18:10:00,2011-02-27 11:42:00,2,483.4,108,78,286,241.7,0.21284965034965034,616.9265734265734,616.9265734265734,2,3,2,7,2,Loyal Customers
17555,2011-11-20 12:22:00,2011-01-09 12:31:00,2,483.26,349,20,335,241.63,0.18171641791044776,526.5370149253731,526.5370149253731,4,3,2,9,2,Loyal Customers
14450,2011-06-12 10:46:00,2011-01-23 11:53:00,3,483.25,241,181,321,161.08333333333334,0.2844626168224299,549.4898753894081,549.4898753894081,1,3,2,6,1,At Risk
16603,2011-09-26 10:06:00,2011-09-09 13:02:00,2,482.47,480,75,91,241.235,0.668956043956044,1935.1818681318682,1935.1818681318682,2,3,2,7,2,Loyal Customers
17950,2011-09-28 15:18:00,2010-12-09 15:16:00,3,482.2,366,72,365,160.73333333333332,0.25017123287671234,482.19999999999993,482.19999999999993,2,4,2,8,2,Loyal Customers
12504,2011-11-21 16:02:00,2011-11-09 14:56:00,2,482.04999999999995,90,18,30,241.02499999999998,2.029166666666667,5864.941666666666,5864.941666666666,4,2,2,8,2,Loyal Customers
16693,2011-10-02 11:10:00,2011-03-13 11:06:00,2,482.01,204,69,272,241.005,0.22380514705882354,646.8148897058824,646.8148897058824,3,3,2,8,2,Loyal Customers
18216,2011-11-08 16:55:00,2011-11-08 16:55:00,1,481.75,200,31,31,481.75,0.9818548387096774,5672.217741935484,5672.217741935484,4,2,2,8,2,Loyal Customers
15091,2011-10-03 12:47:00,2011-10-03 12:47:00,1,480.71,346,68,68,480.71,0.4476102941176471,2580.2816176470587,2580.2816176470587,3,1,2,6,2,Loyal Customers
16812,2010-12-14 12:35:00,2010-12-14 12:35:00,1,479.35,81,361,361,479.35,0.08431440443213296,484.6613573407202,484.6613573407202,1,2,2,5,1,At Risk
16008,2011-11-16 10:32:00,2011-05-19 10:54:00,3,478.78,323,24,205,159.59333333333333,0.44542682926829263,852.4619512195121,852.4619512195121,4,4,2,10,2,Loyal Customers
15589,2011-03-29 09:54:00,2011-02-02 10:46:00,3,478.53000000000003,243,256,311,159.51000000000002,0.29360932475884244,561.6188102893892,561.6188102893892,1,3,2,6,1,At Risk
16768,2011-10-23 10:38:00,2011-03-13 10:25:00,3,478.09000000000003,196,48,272,159.36333333333334,0.33570772058823534,641.5545955882353,641.5545955882353,3,4,2,9,2,Loyal Customers
12644,2011-08-02 10:33:00,2011-08-02 10:33:00,1,477.91,325,130,130,477.91,0.23413461538461536,1341.824230769231,1341.824230769231,2,1,2,5,2,Loyal Customers
13092,2011-09-30 11:18:00,2010-12-15 12:27:00,5,477.83,279,71,360,95.566,0.4227430555555556,484.4665277777778,484.4665277777778,3,4,2,9,2,Loyal Customers
14320,2011-05-17 09:24:00,2011-01-11 09:12:00,2,477.79,325,207,333,238.895,0.1828078078078078,523.7037537537537,523.7037537537537,1,3,2,6,1,At Risk
12447,2011-04-10 13:25:00,2011-04-10 13:25:00,1,476.49,190,243,243,476.49,0.12525720164609053,715.7154320987654,715.7154320987654,1,1,2,4,1,At Risk
18176,2010-12-16 15:45:00,2010-12-16 15:45:00,1,476.35,283,358,358,476.35,0.08502094972067038,485.6641061452514,485.6641061452514,1,2,2,5,1,At Risk
14853,2011-11-15 16:56:00,2011-05-12 15:17:00,2,475.8,82,24,211,237.9,0.28850710900473936,823.0663507109005,823.0663507109005,4,3,2,9,2,Loyal Customers
14497,2011-02-03 17:01:00,2011-02-03 17:01:00,1,475.37,235,309,309,475.37,0.0985032362459547,561.5211974110032,561.5211974110032,1,1,2,4,1,At Risk
15780,2011-06-09 12:01:00,2010-12-17 11:43:00,3,475.28000000000003,220,184,358,158.42666666666668,0.25506284916201116,484.57318435754195,484.57318435754195,1,4,2,7,1,At Risk
15349,2011-07-04 16:06:00,2011-06-05 15:46:00,2,473.81,327,158,187,236.905,0.3255347593582888,924.8163101604277,924.8163101604277,2,3,2,7,2,Loyal Customers
15557,2011-11-11 12:46:00,2011-11-11 12:46:00,1,473.65000000000003,219,29,29,473.65000000000003,1.0495689655172413,5961.456896551724,5961.456896551724,4,1,2,7,2,Loyal Customers
16374,2011-10-04 15:21:00,2011-03-22 13:46:00,2,473.03000000000003,240,66,262,236.51500000000001,0.23234732824427481,658.9921755725192,658.9921755725192,3,3,2,8,2,Loyal Customers
14013,2011-08-21 15:01:00,2011-03-09 08:59:00,3,473.02,462,110,276,157.67333333333332,0.33084239130434784,625.5518115942028,625.5518115942028,2,3,2,7,2,Loyal Customers
16038,2011-12-02 12:40:00,2011-05-22 11:29:00,3,471.78000000000003,244,8,202,157.26000000000002,0.45204207920792083,852.4737623762378,852.4737623762378,5,4,2,11,2,Loyal Customers
17964,2011-11-08 10:44:00,2010-12-02 13:32:00,2,471.7,301,32,372,235.85,0.16364247311827956,462.8239247311828,462.8239247311828,4,3,2,9,2,Loyal Customers
16885,2011-11-24 13:40:00,2010-12-17 17:23:00,3,471.51,184,15,357,157.17,0.2557773109243697,482.07605042016803,482.07605042016803,4,4,2,10,2,Loyal Customers
13066,2011-11-15 12:57:00,2011-11-07 17:06:00,2,470.8,322,24,32,235.4,1.90234375,5370.0625,5370.0625,4,2,2,8,2,Loyal Customers
15963,2011-11-20 11:33:00,2011-10-25 13:05:00,2,470.76,298,20,45,235.38,1.3527777777777779,3818.3866666666663,3818.3866666666663,4,3,2,9,2,Loyal Customers
14431,2011-02-10 10:40:00,2011-02-10 10:40:00,1,470.36,130,303,303,470.36,0.10045379537953796,566.6052805280527,566.6052805280527,1,1,2,4,1,At Risk
15471,2011-12-07 14:12:00,2011-12-07 14:12:00,1,469.48,266,2,2,469.48,15.21875,85680.1,85680.1,5,1,2,8,2,Loyal Customers
15026,2011-09-20 13:52:00,2011-03-07 13:45:00,3,469.0,285,80,277,156.33333333333334,0.3296480144404332,617.9963898916967,617.9963898916967,2,3,2,7,2,Loyal Customers
14896,2011-05-19 10:20:00,2010-12-09 12:24:00,2,468.77000000000004,279,205,366,234.38500000000002,0.16632513661202186,467.4892076502733,467.4892076502733,1,3,2,6,1,At Risk
13171,2011-11-18 10:27:00,2011-02-13 14:16:00,3,468.41,229,22,299,156.13666666666668,0.30539297658862874,571.8048494983278,571.8048494983278,4,3,2,9,2,Loyal Customers
14335,2011-11-23 13:41:00,2011-09-04 13:07:00,2,468.26,379,16,96,234.13,0.6341145833333333,1780.3635416666666,1780.3635416666666,4,3,2,9,2,Loyal Customers
14029,2011-10-07 14:46:00,2011-07-18 16:57:00,2,467.66,198,63,144,233.83,0.4227430555555556,1185.3881944444447,1185.3881944444447,3,3,2,8,2,Loyal Customers
15468,2011-10-19 13:49:00,2011-10-19 13:38:00,2,467.51,155,51,51,233.755,1.1936274509803921,3345.904901960784,3345.904901960784,3,3,2,8,2,Loyal Customers
13579,2011-11-25 08:41:00,2010-12-05 16:10:00,2,467.04,176,15,369,233.52,0.16497289972899729,461.97723577235774,461.97723577235774,4,2,2,8,2,Loyal Customers
14205,2011-11-23 10:55:00,2011-03-20 15:07:00,2,466.7,204,17,264,233.35,0.2305871212121212,645.248106060606,645.248106060606,4,3,2,9,2,Loyal Customers
13248,2011-08-07 12:40:00,2011-06-03 13:05:00,2,465.68,305,125,189,232.84,0.3220899470899471,899.3291005291006,899.3291005291006,2,2,2,6,2,Loyal Customers
15036,2011-09-28 15:42:00,2011-06-13 12:19:00,3,465.55,327,72,180,155.18333333333334,0.5072916666666667,944.0319444444444,944.0319444444444,2,3,2,7,2,Loyal Customers
17140,2011-04-06 13:33:00,2011-04-06 13:33:00,1,465.32,302,247,247,465.32,0.12322874493927125,687.6186234817814,687.6186234817814,1,2,2,5,1,At Risk
16742,2011-10-24 12:02:00,2011-10-24 12:02:00,1,464.9,1,47,47,464.9,0.6476063829787234,3610.3936170212764,3610.3936170212764,3,2,2,7,2,Loyal Customers
13928,2011-11-29 10:33:00,2011-07-29 15:59:00,4,464.57,129,11,133,116.1425,0.9154135338345865,1274.947744360902,1274.947744360902,5,4,2,11,2,Loyal Customers
16586,2011-04-05 09:32:00,2011-04-05 09:32:00,1,463.95,95,249,249,463.95,0.12223895582329318,680.0873493975904,680.0873493975904,1,2,2,5,1,At Risk
14967,2011-10-21 11:06:00,2011-10-21 11:06:00,1,463.8,140,50,50,463.8,0.60875,3385.74,3385.74,3,1,2,6,2,Loyal Customers
12787,2011-11-30 08:44:00,2011-05-31 09:36:00,3,463.66,261,10,193,154.55333333333334,0.4731217616580311,876.8699481865286,876.8699481865286,5,3,2,10,2,Loyal Customers
17418,2011-10-28 13:00:00,2011-01-20 11:39:00,2,463.46000000000004,289,42,324,231.73000000000002,0.1878858024691358,522.1077160493828,522.1077160493828,3,3,2,8,2,Loyal Customers
14489,2011-05-16 14:51:00,2011-05-16 14:51:00,1,463.38,299,207,207,463.38,0.14704106280193235,817.0710144927536,817.0710144927536,1,1,2,4,1,At Risk
12945,2011-02-24 14:15:00,2011-02-24 14:15:00,1,462.95,165,288,288,462.95,0.1056857638888889,586.7248263888889,586.7248263888889,1,1,2,4,1,At Risk
14331,2011-08-07 13:17:00,2011-07-27 15:14:00,2,462.65999999999997,252,124,135,231.32999999999998,0.45092592592592595,1250.8955555555556,1250.8955555555556,2,3,2,7,2,Loyal Customers
14470,2011-11-28 10:31:00,2011-02-25 11:56:00,2,461.19,193,12,288,230.595,0.2113715277777778,584.4942708333333,584.4942708333333,5,3,2,10,2,Loyal Customers
12391,2011-11-18 12:07:00,2011-11-18 12:07:00,1,460.89,300,22,22,460.89,1.383522727272727,7646.584090909091,7646.584090909091,4,1,2,7,2,Loyal Customers
16824,2011-11-24 12:38:00,2011-06-28 13:36:00,2,460.64,236,16,164,230.32,0.3711890243902439,1025.2048780487805,1025.2048780487805,4,3,2,9,2,Loyal Customers
16805,2011-06-19 11:23:00,2010-12-14 13:35:00,2,460.59,539,174,360,230.295,0.16909722222222223,466.98708333333326,466.98708333333326,2,3,2,7,1,At Risk
12491,2011-11-01 12:18:00,2011-11-01 12:18:00,1,460.40000000000003,260,39,39,460.40000000000003,0.7804487179487181,4308.871794871795,4308.871794871795,3,1,2,6,2,Loyal Customers
12355,2011-05-09 13:49:00,2011-05-09 13:49:00,1,459.4,240,214,214,459.4,0.14223130841121495,783.5560747663551,783.5560747663551,1,1,2,4,1,At Risk
16589,2011-09-29 14:50:00,2011-07-01 13:31:00,3,459.24,368,71,161,153.08,0.5671583850931676,1041.1341614906833,1041.1341614906833,3,4,2,9,2,Loyal Customers
17880,2010-12-10 10:21:00,2010-12-10 10:21:00,1,458.92,314,365,365,458.92,0.08339041095890412,458.9200000000001,458.9200000000001,1,2,2,5,1,At Risk
15754,2011-10-19 14:40:00,2011-04-07 12:24:00,3,458.57,199,51,247,152.85666666666665,0.36968623481781376,677.643927125506,677.643927125506,3,3,2,8,2,Loyal Customers
13506,2011-01-27 13:53:00,2010-12-05 12:15:00,2,458.52,324,316,370,229.26,0.164527027027027,452.32378378378377,452.32378378378377,1,2,2,5,1,At Risk
17392,2011-02-06 12:48:00,2010-12-16 19:04:00,2,457.91,320,307,358,228.955,0.17004189944134077,466.8635474860336,466.8635474860336,1,3,2,6,1,At Risk
15092,2011-05-08 14:10:00,2011-03-01 12:24:00,2,457.81,135,215,284,228.905,0.21434859154929578,588.3825704225352,588.3825704225352,1,3,2,6,1,At Risk
15121,2011-10-20 14:51:00,2011-02-24 12:41:00,2,457.72,199,50,289,228.86,0.2106401384083045,578.0892733564015,578.0892733564015,3,3,2,8,2,Loyal Customers
12375,2011-11-29 10:36:00,2011-09-02 14:23:00,2,457.5,178,11,98,228.75,0.6211734693877551,1703.954081632653,1703.954081632653,5,2,2,9,2,Loyal Customers
13398,2011-05-31 13:17:00,2011-05-31 13:17:00,1,457.34,281,192,192,457.34,0.15852864583333331,869.4223958333332,869.4223958333332,1,1,2,4,1,At Risk
12564,2011-03-23 14:55:00,2011-03-23 14:55:00,1,456.9,133,261,261,456.9,0.11661877394636015,638.9597701149426,638.9597701149426,1,1,2,4,1,At Risk
12999,2011-05-27 13:24:00,2011-04-08 10:26:00,3,455.88,342,196,246,151.96,0.37118902439024387,676.4073170731708,676.4073170731708,1,3,2,6,1,At Risk
14513,2011-08-31 11:25:00,2011-02-24 09:36:00,3,455.59000000000003,361,101,289,151.86333333333334,0.31596020761245674,575.399134948097,575.399134948097,2,3,2,7,2,Loyal Customers
15585,2011-06-16 08:38:00,2011-06-16 08:38:00,1,455.3,320,177,177,455.3,0.1719632768361582,938.8954802259886,938.8954802259886,2,1,2,5,1,At Risk
16529,2011-06-02 17:23:00,2011-06-02 17:23:00,1,455.25,198,190,190,455.25,0.16019736842105262,874.5592105263158,874.5592105263158,1,2,2,5,1,At Risk
13485,2011-04-20 13:58:00,2011-04-20 13:58:00,1,454.24,277,233,233,454.24,0.13063304721030045,711.5776824034335,711.5776824034335,1,1,2,4,1,At Risk
15475,2011-09-23 15:20:00,2011-09-23 15:20:00,1,454.10999999999996,319,77,77,454.10999999999996,0.39529220779220775,2152.5993506493505,2152.5993506493505,2,1,2,5,2,Loyal Customers
17564,2011-11-15 13:27:00,2011-09-20 14:00:00,3,454.01,146,24,80,151.33666666666667,1.14140625,2071.4206249999997,2071.4206249999997,4,4,2,10,2,Loyal Customers
18158,2011-11-30 16:19:00,2011-09-12 09:03:00,2,453.4,354,9,89,226.7,0.6839887640449439,1859.4494382022472,1859.4494382022472,5,3,2,10,2,Loyal Customers
12729,2011-08-18 11:40:00,2011-08-18 11:40:00,1,453.01,233,114,114,453.01,0.2669956140350877,1450.4267543859648,1450.4267543859648,2,1,2,5,2,Loyal Customers
18071,2011-03-27 11:59:00,2010-12-09 10:33:00,2,453.0,260,258,366,226.5,0.16632513661202186,451.76229508196724,451.76229508196724,1,3,2,6,1,At Risk
14184,2011-10-04 12:43:00,2011-10-04 12:43:00,1,452.89,127,67,67,452.89,0.45429104477611937,2467.236567164179,2467.236567164179,3,1,2,6,2,Loyal Customers
12591,2011-01-26 14:35:00,2011-01-26 14:35:00,1,452.84999999999997,228,317,317,452.84999999999997,0.0960173501577287,521.4203470031546,521.4203470031546,1,1,2,4,1,At Risk
12970,2011-12-02 14:30:00,2011-01-21 14:04:00,4,452.24,310,7,322,113.06,0.3781055900621118,512.632298136646,512.632298136646,5,4,2,11,2,Loyal Customers
16574,2011-09-29 13:39:00,2011-09-29 13:39:00,1,451.44,416,71,71,451.44,0.42869718309859156,2320.7830985915493,2320.7830985915493,3,2,2,7,2,Loyal Customers
15802,2011-07-20 11:38:00,2011-07-20 11:38:00,1,451.42,1,143,143,451.42,0.21284965034965034,1152.2258741258743,1152.2258741258743,2,2,2,6,2,Loyal Customers
14173,2011-11-29 11:54:00,2011-05-04 14:03:00,4,450.84,150,11,219,112.71,0.5559360730593608,751.3999999999999,751.3999999999999,5,4,2,11,2,Loyal Customers
17040,2011-07-25 10:19:00,2011-07-25 10:19:00,1,449.73,181,138,138,449.73,0.22056159420289856,1189.5032608695653,1189.5032608695653,2,2,2,6,2,Loyal Customers
13489,2011-08-26 13:16:00,2011-02-18 10:42:00,4,449.52,560,105,295,112.38,0.41271186440677965,556.1857627118644,556.1857627118644,2,4,2,8,2,Loyal Customers
12448,2011-10-26 13:46:00,2011-10-26 13:46:00,1,449.45,243,44,44,449.45,0.6917613636363635,3728.3920454545455,3728.3920454545455,3,1,2,6,2,Loyal Customers
15739,2011-10-04 13:42:00,2011-10-04 13:42:00,1,449.12,472,66,66,449.12,0.4611742424242424,2483.7696969696967,2483.7696969696967,3,1,2,6,2,Loyal Customers
17579,2011-12-05 12:28:00,2011-06-13 14:12:00,3,448.90000000000003,258,5,179,149.63333333333335,0.5101256983240223,915.3547486033522,915.3547486033522,5,4,2,11,2,Loyal Customers
14780,2011-10-16 12:46:00,2011-09-21 15:15:00,2,447.68,310,55,79,223.84,0.7705696202531646,2068.3949367088608,2068.3949367088608,3,3,2,8,2,Loyal Customers
15646,2011-07-05 09:53:00,2010-12-02 16:59:00,3,447.64000000000004,394,158,372,149.21333333333334,0.24546370967741934,439.2166666666667,439.2166666666667,2,3,2,7,2,Loyal Customers
15456,2011-03-01 13:51:00,2010-12-15 15:34:00,3,447.22,660,283,359,149.07333333333335,0.2543523676880223,454.69442896935936,454.69442896935936,1,3,2,6,1,At Risk
15368,2011-11-18 14:42:00,2011-11-18 14:42:00,1,446.94000000000005,230,21,21,446.94000000000005,1.4494047619047619,7768.242857142857,7768.242857142857,4,1,2,7,2,Loyal Customers
15889,2011-07-06 11:10:00,2010-12-05 15:12:00,2,446.87,215,157,369,223.435,0.16497289972899729,442.02588075880755,442.02588075880755,2,3,2,7,2,Loyal Customers
14149,2011-05-03 09:44:00,2011-05-03 09:44:00,1,446.62,218,221,221,446.62,0.1377262443438914,737.6303167420814,737.6303167420814,1,1,2,4,1,At Risk
17370,2011-09-28 10:14:00,2011-06-23 11:50:00,4,446.18,540,73,170,111.545,0.7161764705882353,957.974705882353,957.974705882353,2,4,2,8,2,Loyal Customers
17190,2011-10-12 11:33:00,2011-05-16 15:29:00,2,444.74,161,59,207,222.37,0.2940821256038647,784.2033816425121,784.2033816425121,3,3,2,8,2,Loyal Customers
18006,2011-11-16 16:52:00,2011-11-16 16:52:00,1,444.68,220,23,23,444.68,1.3233695652173914,7056.878260869566,7056.878260869566,4,2,2,8,2,Loyal Customers
14638,2011-10-20 10:10:00,2011-10-20 10:10:00,1,443.6,166,51,51,443.6,0.5968137254901961,3174.7843137254904,3174.7843137254904,3,1,2,6,2,Loyal Customers
16404,2011-09-30 14:55:00,2011-09-30 14:55:00,1,443.05,157,70,70,443.05,0.4348214285714286,2310.1892857142857,2310.1892857142857,3,2,2,7,2,Loyal Customers
18222,2011-09-08 10:45:00,2011-09-08 10:45:00,1,443.0,335,93,93,443.0,0.3272849462365591,1738.6559139784947,1738.6559139784947,2,2,2,6,2,Loyal Customers
14093,2011-11-27 16:27:00,2011-11-27 16:27:00,1,442.85,406,12,12,442.85,2.536458333333333,13470.020833333334,13470.020833333334,5,1,2,8,2,Loyal Customers
12579,2011-09-22 17:15:00,2011-09-22 17:15:00,1,440.42,285,78,78,440.42,0.39022435897435903,2060.939743589744,2060.939743589744,2,1,2,5,2,Loyal Customers
14022,2011-04-28 14:39:00,2011-04-28 14:39:00,1,440.0,487,225,225,440.0,0.13527777777777777,713.7777777777778,713.7777777777778,1,1,2,4,1,At Risk
18233,2011-01-18 08:44:00,2011-01-18 08:44:00,1,440.0,4,326,326,440.0,0.0933665644171779,492.63803680981596,492.63803680981596,1,2,2,5,1,At Risk
15524,2011-11-15 12:09:00,2011-11-15 12:09:00,1,440.0,4,25,25,440.0,1.2175,6424.0,6424.0,4,1,2,7,2,Loyal Customers
13954,2011-12-08 12:50:00,2011-09-30 10:52:00,2,439.92,150,2,71,219.96,0.8573943661971831,2261.560563380282,2261.560563380282,5,3,2,10,2,Loyal Customers
16025,2011-11-10 11:45:00,2011-11-10 11:45:00,1,439.65999999999997,338,30,30,439.65999999999997,1.0145833333333334,5349.196666666667,5349.196666666667,4,2,2,8,2,Loyal Customers
13359,2011-10-07 09:30:00,2011-10-07 09:30:00,1,439.56,161,64,64,439.56,0.4755859375,2506.865625,2506.865625,3,1,2,6,2,Loyal Customers
16968,2011-12-05 15:02:00,2011-08-24 10:51:00,2,439.43,326,4,108,219.715,0.5636574074074073,1485.1106481481484,1485.1106481481484,5,3,2,10,2,Loyal Customers
13358,2011-03-16 11:52:00,2011-03-16 11:52:00,1,439.03,285,269,269,439.03,0.11315055762081784,595.7098513011151,595.7098513011151,1,1,2,4,1,At Risk
14272,2011-09-27 10:08:00,2011-03-30 13:57:00,2,437.96,599,74,254,218.98,0.23966535433070868,629.351968503937,629.351968503937,2,3,2,7,2,Loyal Customers
12552,2011-11-01 10:02:00,2011-10-31 12:11:00,2,437.82,88,39,40,218.91,1.521875,3995.1074999999996,3995.1074999999996,3,2,2,7,2,Loyal Customers
16034,2011-05-27 16:17:00,2011-01-11 11:54:00,3,437.7,242,196,333,145.9,0.2742117117117117,479.7612612612613,479.7612612612613,1,4,2,7,1,At Risk
12592,2011-09-08 15:04:00,2011-05-10 13:44:00,2,437.6,290,92,213,218.8,0.2857981220657277,749.8779342723004,749.8779342723004,2,2,2,6,2,Loyal Customers
15553,2011-10-10 14:02:00,2011-10-10 14:02:00,1,437.23,451,60,60,437.23,0.5072916666666667,2659.8158333333336,2659.8158333333336,3,1,2,6,2,Loyal Customers
16084,2011-02-13 16:05:00,2011-02-13 16:05:00,1,436.18,216,299,299,436.18,0.10179765886287624,532.4605351170569,532.4605351170569,1,2,2,5,1,At Risk
15551,2011-11-03 12:37:00,2011-11-03 12:37:00,1,436.06,218,37,37,436.06,0.8226351351351351,4301.672972972973,4301.672972972973,3,1,2,6,2,Loyal Customers
16948,2011-07-24 12:46:00,2011-01-18 10:58:00,3,435.02,1614,139,326,145.00666666666666,0.2800996932515337,487.0622699386503,487.0622699386503,2,4,2,8,2,Loyal Customers
14910,2011-12-07 10:06:00,2011-10-16 11:06:00,4,434.35,238,3,55,108.5875,2.213636363636364,2882.5045454545457,2882.5045454545457,5,4,2,11,2,Loyal Customers
14460,2011-08-21 14:19:00,2011-02-02 11:55:00,3,434.34,881,110,311,144.78,0.29360932475884244,509.7559485530547,509.7559485530547,2,3,2,7,2,Loyal Customers
12493,2011-06-27 10:17:00,2011-05-26 14:53:00,2,433.74,207,166,197,216.87,0.309010152284264,803.6299492385787,803.6299492385787,2,2,2,6,1,At Risk
17035,2011-04-08 11:23:00,2011-02-01 12:27:00,2,433.53000000000003,229,246,312,216.76500000000001,0.19511217948717952,507.17451923076925,507.17451923076925,1,3,2,6,1,At Risk
14157,2011-11-20 11:32:00,2011-02-27 13:04:00,2,432.88,284,20,285,216.44,0.2135964912280702,554.3901754385965,554.3901754385965,4,3,2,9,2,Loyal Customers
16236,2011-09-22 14:10:00,2011-09-22 14:10:00,1,432.2,184,78,78,432.2,0.39022435897435903,2022.474358974359,2022.474358974359,2,2,2,6,2,Loyal Customers
16881,2011-10-04 10:33:00,2011-10-04 10:33:00,1,432.0,600,67,67,432.0,0.45429104477611937,2353.4328358208954,2353.4328358208954,3,2,2,7,2,Loyal Customers
15976,2011-06-27 13:00:00,2011-05-03 17:12:00,2,430.94,277,165,220,215.47,0.2767045454545455,714.9686363636364,714.9686363636364,2,3,2,7,1,At Risk
18106,2011-01-14 12:23:00,2011-01-14 12:23:00,1,430.7,128,330,330,430.7,0.09223484848484848,476.380303030303,476.380303030303,1,2,2,5,1,At Risk
12452,2011-11-23 10:28:00,2011-11-23 08:05:00,2,430.57,185,17,17,215.285,3.5808823529411766,9244.591176470587,9244.591176470587,4,2,2,8,2,Loyal Customers
13245,2011-10-20 11:40:00,2011-10-20 11:40:00,1,430.5,125,51,51,430.5,0.5968137254901961,3081.029411764706,3081.029411764706,3,1,2,6,2,Loyal Customers
12795,2011-11-21 10:27:00,2011-11-21 10:27:00,1,430.48,68,19,19,430.48,1.6019736842105263,8269.747368421053,8269.747368421053,4,1,2,7,2,Loyal Customers
12827,2011-12-04 12:17:00,2011-10-26 15:44:00,3,430.15000000000003,197,6,44,143.38333333333335,2.075284090909091,3568.2897727272734,3568.2897727272734,5,3,2,10,2,Loyal Customers
14998,2011-06-22 17:30:00,2011-04-12 16:28:00,2,429.87,270,170,241,214.935,0.2525933609958506,651.0479253112032,651.0479253112032,2,3,2,7,1,At Risk
16884,2011-11-02 11:52:00,2011-11-02 10:16:00,2,429.84000000000003,320,38,38,214.92000000000002,1.6019736842105263,4128.726315789474,4128.726315789474,3,3,2,8,2,Loyal Customers
15450,2011-11-09 17:11:00,2011-11-09 17:11:00,1,429.84,376,30,30,429.84,1.0145833333333334,5229.719999999999,5229.719999999999,4,1,2,7,2,Loyal Customers
15230,2011-04-14 14:39:00,2011-04-13 11:04:00,2,429.6,351,239,241,214.8,0.2525933609958506,650.6390041493776,650.6390041493776,1,3,2,6,1,At Risk
13602,2011-10-06 11:47:00,2011-10-06 11:47:00,1,428.89,267,65,65,428.89,0.4682692307692307,2408.3823076923077,2408.3823076923077,3,1,2,6,2,Loyal Customers
15957,2011-11-08 12:14:00,2011-11-08 12:14:00,1,428.89,211,32,32,428.89,0.951171875,4892.0265625,4892.0265625,4,2,2,8,2,Loyal Customers
16324,2011-08-03 12:58:00,2011-06-15 14:26:00,3,428.68,282,128,177,142.89333333333335,0.5158898305084746,884.0011299435029,884.0011299435029,2,4,2,8,2,Loyal Customers
17869,2011-08-24 16:16:00,2010-12-06 17:16:00,5,428.18,111,107,368,85.636,0.4135529891304348,424.689402173913,424.689402173913,2,4,2,8,2,Loyal Customers
15360,2011-10-31 09:35:00,2011-10-31 09:35:00,1,427.93,223,40,40,427.93,0.7609375,3904.8612500000004,3904.8612500000004,3,1,2,6,2,Loyal Customers
12725,2010-12-03 15:45:00,2010-12-03 15:45:00,1,427.8,164,371,371,427.8,0.08204177897574123,420.8814016172507,420.8814016172507,1,1,2,4,1,At Risk
12403,2011-10-21 10:51:00,2011-10-21 10:51:00,1,427.7,96,50,50,427.7,0.60875,3122.21,3122.21,3,1,2,6,2,Loyal Customers
12740,2011-10-07 10:44:00,2011-10-07 10:44:00,1,427.6,342,64,64,427.6,0.4755859375,2438.65625,2438.65625,3,1,2,6,2,Loyal Customers
12802,2011-06-06 09:36:00,2011-06-06 09:36:00,1,427.58,314,187,187,427.58,0.1627673796791444,834.5812834224598,834.5812834224598,1,1,2,4,1,At Risk
15994,2011-10-16 12:28:00,2011-10-16 12:28:00,1,427.07,177,55,55,427.07,0.553409090909091,2834.191818181818,2834.191818181818,3,2,2,7,2,Loyal Customers
17223,2011-02-02 15:57:00,2010-12-06 14:08:00,2,426.79,112,310,368,213.395,0.16542119565217392,423.3107336956522,423.3107336956522,1,3,2,6,1,At Risk
15930,2011-10-03 14:52:00,2011-10-03 14:52:00,1,426.63,139,67,67,426.63,0.45429104477611937,2324.1783582089556,2324.1783582089556,3,2,2,7,2,Loyal Customers
14288,2011-05-10 13:22:00,2011-05-10 13:22:00,1,426.6,188,213,213,426.6,0.14289906103286384,731.0281690140845,731.0281690140845,1,1,2,4,1,At Risk
15639,2011-07-28 14:30:00,2011-07-28 14:30:00,1,425.32,323,134,134,425.32,0.22714552238805968,1158.520895522388,1158.520895522388,2,1,2,5,2,Loyal Customers
16780,2011-08-31 16:09:00,2011-03-25 17:34:00,2,425.19,271,100,259,212.595,0.23503861003861,599.2059845559846,599.2059845559846,2,3,2,7,2,Loyal Customers
17134,2011-08-25 09:53:00,2011-03-20 11:56:00,2,425.0,102,107,265,212.5,0.22971698113207548,585.377358490566,585.377358490566,2,3,2,7,2,Loyal Customers
17371,2011-11-22 13:30:00,2010-12-13 15:20:00,3,423.89,152,17,361,141.29666666666665,0.25294321329639885,428.5868421052632,428.5868421052632,4,4,2,10,2,Loyal Customers
13140,2011-08-23 15:33:00,2010-12-08 15:12:00,3,423.72,186,108,366,141.24,0.24948770491803277,422.56229508196725,422.56229508196725,2,3,2,7,2,Loyal Customers
16119,2011-12-01 15:11:00,2011-09-28 10:15:00,2,423.36,240,8,73,211.68,0.833904109589041,2116.7999999999997,2116.7999999999997,5,3,2,10,2,Loyal Customers
15012,2011-10-17 12:22:00,2010-12-01 12:49:00,2,423.04,231,54,374,211.52,0.1627673796791444,412.85989304812836,412.85989304812836,3,3,2,8,2,Loyal Customers
18034,2011-11-18 12:22:00,2011-11-18 12:08:00,2,422.88,561,22,22,211.44,2.767045454545454,7015.963636363637,7015.963636363637,4,3,2,9,2,Loyal Customers
17525,2010-12-15 12:05:00,2010-12-15 12:05:00,1,422.70000000000005,82,360,360,422.70000000000005,0.08454861111111112,428.57083333333344,428.57083333333344,1,2,2,5,1,At Risk
13473,2011-10-10 11:20:00,2011-01-11 08:45:00,2,422.64,266,61,333,211.32,0.1828078078078078,463.25405405405405,463.25405405405405,3,2,2,7,2,Loyal Customers
16689,2011-09-25 11:39:00,2011-09-18 13:29:00,2,422.59999999999997,330,76,82,211.29999999999998,0.7423780487804879,1881.0853658536585,1881.0853658536585,2,3,2,7,2,Loyal Customers
18240,2011-10-24 13:06:00,2011-10-24 13:06:00,1,422.58,126,46,46,422.58,0.6616847826086957,3353.0804347826083,3353.0804347826083,3,2,2,7,2,Loyal Customers
17232,2011-12-07 12:21:00,2011-11-25 12:24:00,2,421.52,203,3,15,210.76,4.058333333333334,10256.986666666666,10256.986666666666,5,3,2,10,2,Loyal Customers
14757,2011-09-25 14:36:00,2011-09-25 14:36:00,1,420.5,160,75,75,420.5,0.4058333333333333,2046.4333333333334,2046.4333333333334,2,1,2,5,2,Loyal Customers
15206,2011-11-29 13:41:00,2011-03-09 08:59:00,4,420.29999999999995,162,10,276,105.07499999999999,0.4411231884057971,555.8315217391304,555.8315217391304,5,4,2,11,2,Loyal Customers
14124,2011-09-16 13:32:00,2011-09-16 13:32:00,1,419.58000000000004,1618,84,84,419.58000000000004,0.36235119047619047,1823.1750000000002,1823.1750000000002,2,1,2,5,2,Loyal Customers
15361,2010-12-13 09:52:00,2010-12-13 09:52:00,1,418.92,336,362,362,418.92,0.08408149171270718,422.39171270718236,422.39171270718236,1,1,2,4,1,At Risk
15967,2011-11-16 15:41:00,2011-01-25 11:57:00,2,418.83,211,23,319,209.415,0.1908307210031348,479.22554858934166,479.22554858934166,4,3,2,9,2,Loyal Customers
12593,2011-08-23 12:43:00,2011-05-05 09:29:00,3,418.09999999999997,206,109,219,139.36666666666665,0.4169520547945205,696.8333333333331,696.8333333333331,2,3,2,7,2,Loyal Customers
17701,2011-04-01 12:25:00,2011-04-01 12:25:00,1,417.95,109,253,253,417.95,0.12030632411067194,602.9713438735178,602.9713438735178,1,2,2,5,1,At Risk
16629,2011-09-27 10:34:00,2011-09-04 16:12:00,2,417.73,493,74,96,208.865,0.6341145833333333,1588.2442708333335,1588.2442708333335,2,3,2,7,2,Loyal Customers
13615,2011-01-25 08:21:00,2011-01-25 08:21:00,1,417.69,189,319,319,417.69,0.0954153605015674,477.9211598746082,477.9211598746082,1,1,2,4,1,At Risk
16737,2011-10-17 13:03:00,2011-10-17 13:03:00,1,417.59999999999997,288,53,53,417.59999999999997,0.5742924528301887,2875.9245283018868,2875.9245283018868,3,2,2,7,2,Loyal Customers
12833,2011-07-17 13:46:00,2011-07-17 13:46:00,1,417.38,156,145,145,417.38,0.20991379310344827,1050.6462068965518,1050.6462068965518,2,1,2,5,2,Loyal Customers
18001,2011-11-27 16:02:00,2011-09-14 11:21:00,2,417.23,363,12,87,208.615,0.6997126436781609,1750.4477011494255,1750.4477011494255,5,3,2,10,2,Loyal Customers
13166,2011-03-01 15:16:00,2011-03-01 15:16:00,1,417.2,216,283,283,417.2,0.1075530035335689,538.0848056537102,538.0848056537102,1,1,2,4,1,At Risk
16816,2011-08-28 14:16:00,2010-12-16 17:01:00,4,417.06,274,103,358,104.265,0.34008379888268153,425.2148044692737,425.2148044692737,2,4,2,8,2,Loyal Customers
13889,2011-09-08 09:13:00,2011-09-08 09:13:00,1,416.90000000000003,146,93,93,416.90000000000003,0.3272849462365591,1636.220430107527,1636.220430107527,2,1,2,5,2,Loyal Customers
15935,2011-04-14 13:27:00,2011-04-12 09:35:00,2,416.86,115,239,242,208.43,0.2515495867768595,628.7351239669421,628.7351239669421,1,3,2,6,1,At Risk
16957,2011-04-14 13:56:00,2011-03-03 09:25:00,2,416.64,172,239,282,208.32,0.21586879432624112,539.268085106383,539.268085106383,1,3,2,6,1,At Risk
13085,2011-07-05 12:11:00,2011-02-17 13:57:00,2,416.08000000000004,216,158,295,208.04000000000002,0.20635593220338982,514.8108474576271,514.8108474576271,2,2,2,6,2,Loyal Customers
15803,2011-10-19 14:56:00,2011-10-19 14:56:00,1,415.82000000000005,290,51,51,415.82000000000005,0.5968137254901961,2975.966666666667,2975.966666666667,3,2,2,7,2,Loyal Customers
14139,2011-10-24 13:34:00,2011-10-24 13:34:00,1,415.82,510,46,46,415.82,0.6616847826086957,3299.4413043478257,3299.4413043478257,3,1,2,6,2,Loyal Customers
12930,2011-09-22 15:18:00,2011-06-21 13:25:00,2,415.8,252,78,171,207.9,0.35599415204678364,887.5263157894736,887.5263157894736,2,2,2,6,2,Loyal Customers
12580,2011-04-07 10:24:00,2011-04-07 10:24:00,1,415.7,238,247,247,415.7,0.12322874493927125,614.2935222672065,614.2935222672065,1,1,2,4,1,At Risk
15725,2011-11-24 14:51:00,2011-11-24 14:51:00,1,415.25,221,15,15,415.25,2.029166666666667,10104.416666666666,10104.416666666666,4,1,2,7,2,Loyal Customers
14333,2011-10-03 10:38:00,2011-10-03 10:38:00,1,415.2,58,68,68,415.2,0.4476102941176471,2228.6470588235293,2228.6470588235293,3,1,2,6,2,Loyal Customers
16795,2010-12-09 14:08:00,2010-12-09 14:08:00,1,414.88,239,365,365,414.88,0.08339041095890412,414.88000000000005,414.88000000000005,1,2,2,5,1,At Risk
12993,2011-11-16 15:49:00,2011-02-14 14:29:00,4,414.76,240,23,298,103.69,0.4085570469798658,508.01140939597315,508.01140939597315,4,4,2,10,2,Loyal Customers
16239,2011-10-14 08:29:00,2011-06-03 09:30:00,2,414.2,228,57,190,207.1,0.32039473684210523,795.7,795.7,3,3,2,8,2,Loyal Customers
17483,2011-10-05 13:10:00,2011-06-09 19:40:00,3,414.04,191,65,183,138.01333333333335,0.49897540983606553,825.817486338798,825.817486338798,3,4,2,9,2,Loyal Customers
17052,2011-11-11 14:50:00,2011-11-11 14:50:00,1,413.75,261,28,28,413.75,1.0870535714285714,5393.526785714285,5393.526785714285,4,2,2,8,2,Loyal Customers
13974,2011-10-21 14:41:00,2011-10-21 14:41:00,1,413.59000000000003,249,49,49,413.59000000000003,0.6211734693877551,3080.8234693877553,3080.8234693877553,3,1,2,6,2,Loyal Customers
16834,2011-04-26 09:37:00,2011-04-26 09:37:00,1,413.46,358,228,228,413.46,0.13349780701754385,661.8986842105263,661.8986842105263,1,2,2,5,1,At Risk
14620,2011-05-18 11:58:00,2011-03-01 08:30:00,2,412.78000000000003,214,206,284,206.39000000000001,0.21434859154929578,530.5095070422535,530.5095070422535,1,3,2,6,1,At Risk
13827,2011-10-13 12:38:00,2011-07-19 15:38:00,3,412.05,141,58,143,137.35,0.638548951048951,1051.7360139860139,1051.7360139860139,3,3,2,8,2,Loyal Customers
15523,2011-09-16 16:29:00,2011-09-16 16:29:00,1,412.01000000000005,132,84,84,412.01000000000005,0.36235119047619047,1790.2815476190478,1790.2815476190478,2,1,2,5,2,Loyal Customers
16272,2011-08-15 10:54:00,2011-08-15 10:53:00,1,411.7,224,117,117,411.7,0.2601495726495726,1284.3632478632478,1284.3632478632478,2,2,2,6,2,Loyal Customers
17913,2011-10-12 10:45:00,2010-12-19 11:35:00,2,411.6,289,59,356,205.8,0.17099719101123598,422.0056179775281,422.0056179775281,3,3,2,8,2,Loyal Customers
14670,2011-03-04 14:13:00,2011-03-04 13:58:00,2,411.53,337,280,280,205.765,0.2174107142857143,536.4587499999999,536.4587499999999,1,3,2,6,1,At Risk
15186,2011-11-25 14:58:00,2011-06-24 14:54:00,2,411.41,215,14,168,205.705,0.36235119047619047,893.8372023809525,893.8372023809525,4,3,2,9,2,Loyal Customers
15099,2011-09-16 13:13:00,2011-09-16 13:13:00,1,410.48,343,84,84,410.48,0.36235119047619047,1783.6333333333334,1783.6333333333334,2,1,2,5,2,Loyal Customers
15695,2011-03-18 08:32:00,2011-03-18 08:31:00,2,409.98,212,267,267,204.99,0.22799625468164794,560.4595505617978,560.4595505617978,1,3,2,6,1,At Risk
14048,2011-02-07 14:53:00,2011-02-07 14:53:00,1,409.93,288,305,305,409.93,0.09979508196721311,490.5719672131148,490.5719672131148,1,1,2,4,1,At Risk
14348,2011-03-24 16:23:00,2011-03-24 16:23:00,1,409.57,183,260,260,409.57,0.11706730769230768,574.9732692307692,574.9732692307692,1,1,2,4,1,At Risk
12990,2011-11-08 13:01:00,2011-02-02 15:39:00,3,409.5,200,31,310,136.5,0.2945564516129032,482.1532258064516,482.1532258064516,4,3,2,9,2,Loyal Customers
15225,2011-04-19 14:51:00,2011-04-19 14:51:00,1,409.40000000000003,226,234,234,409.40000000000003,0.1300747863247863,638.5940170940171,638.5940170940171,1,1,2,4,1,At Risk
16243,2011-11-06 12:32:00,2011-10-16 12:09:00,2,409.1,110,34,55,204.55,1.106818181818182,2714.9363636363637,2714.9363636363637,3,3,2,8,2,Loyal Customers
16018,2011-10-31 14:13:00,2011-06-12 13:52:00,2,408.90000000000003,190,39,180,204.45000000000002,0.33819444444444446,829.1583333333333,829.1583333333333,3,3,2,8,2,Loyal Customers
15269,2011-11-16 09:32:00,2011-11-16 09:32:00,1,408.8,26,24,24,408.8,1.2682291666666665,6217.166666666667,6217.166666666667,4,1,2,7,2,Loyal Customers
16399,2011-11-20 16:12:00,2011-04-18 13:46:00,2,408.57,264,19,235,204.285,0.2590425531914894,634.5874468085105,634.5874468085105,4,3,2,9,2,Loyal Customers
17931,2011-07-28 18:33:00,2011-03-29 12:31:00,2,408.36,249,134,256,204.18,0.23779296875,582.23203125,582.23203125,2,3,2,7,2,Loyal Customers
16010,2011-04-08 10:14:00,2010-12-12 12:18:00,3,407.5,210,246,363,135.83333333333334,0.2515495867768595,409.74517906336087,409.74517906336087,1,4,2,7,1,At Risk
15184,2011-11-10 13:41:00,2011-06-02 12:06:00,2,406.76,223,29,191,203.38,0.31871727748691103,777.3162303664922,777.3162303664922,4,3,2,9,2,Loyal Customers
15127,2011-10-05 10:30:00,2011-10-05 10:30:00,1,406.53,251,66,66,406.53,0.4611742424242424,2248.234090909091,2248.234090909091,3,1,2,6,2,Loyal Customers
16947,2011-04-18 09:38:00,2011-04-18 09:38:00,1,406.48,312,236,236,406.48,0.12897245762711865,628.6661016949153,628.6661016949153,1,2,2,5,1,At Risk
15342,2011-08-02 10:19:00,2011-08-02 10:19:00,1,406.09,283,130,130,406.09,0.23413461538461536,1140.175769230769,1140.175769230769,2,1,2,5,2,Loyal Customers
14616,2011-04-11 09:54:00,2011-01-26 12:42:00,3,406.08000000000004,104,243,318,135.36,0.28714622641509435,466.0981132075472,466.0981132075472,1,3,2,6,1,At Risk
16204,2011-11-16 13:40:00,2011-11-16 13:40:00,1,405.71,231,23,23,405.71,1.3233695652173914,6438.441304347826,6438.441304347826,4,2,2,8,2,Loyal Customers
18036,2011-11-07 14:40:00,2011-04-08 11:26:00,3,405.62,234,32,246,135.20666666666668,0.37118902439024387,601.8345528455284,601.8345528455284,4,4,2,10,2,Loyal Customers
12922,2011-07-01 15:35:00,2011-07-01 15:35:00,1,405.38,370,161,161,405.38,0.1890527950310559,919.0291925465839,919.0291925465839,2,1,2,5,1,At Risk
17379,2011-11-28 13:56:00,2011-11-28 13:56:00,1,404.66,663,11,11,404.66,2.767045454545454,13427.354545454547,13427.354545454547,5,2,2,9,2,Loyal Customers
15938,2011-08-19 12:56:00,2011-01-20 10:11:00,5,404.58,240,112,324,80.916,0.4697145061728395,455.7768518518518,455.7768518518518,2,4,2,8,2,Loyal Customers
16319,2011-05-06 11:27:00,2011-05-06 11:27:00,1,404.40000000000003,72,218,218,404.40000000000003,0.13962155963302753,677.0917431192661,677.0917431192661,1,2,2,5,1,At Risk
16484,2011-06-19 12:06:00,2011-06-02 10:39:00,2,404.3,200,174,191,202.15,0.31871727748691103,772.6151832460733,772.6151832460733,2,3,2,7,1,At Risk
12498,2011-11-18 12:53:00,2011-10-13 09:30:00,3,403.70000000000005,159,21,58,134.5666666666667,1.574353448275862,2540.525862068966,2540.525862068966,4,3,2,9,2,Loyal Customers
17431,2011-01-30 14:36:00,2011-01-30 14:36:00,1,403.3,292,313,313,403.3,0.0972444089456869,470.3019169329074,470.3019169329074,1,2,2,5,1,At Risk
15221,2010-12-08 13:08:00,2010-12-08 13:08:00,1,403.25,43,366,366,403.25,0.08316256830601093,402.14822404371586,402.14822404371586,1,1,2,4,1,At Risk
12386,2011-01-06 12:37:00,2010-12-08 09:53:00,2,401.9,354,338,367,200.95,0.16587193460490463,399.7098092643052,399.7098092643052,1,2,2,5,1,At Risk
15158,2011-10-25 13:53:00,2011-10-25 13:53:00,1,401.40000000000003,198,45,45,401.40000000000003,0.6763888888888889,3255.8,3255.8,3,1,2,6,2,Loyal Customers
16500,2011-12-05 12:04:00,2011-01-13 10:28:00,6,400.86,123,5,331,66.81,0.551737160120846,442.03595166163143,442.03595166163143,5,5,2,12,2,Loyal Customers
16198,2011-09-25 14:58:00,2011-09-25 14:58:00,1,400.68100000000004,129,75,75,400.68100000000004,0.4058333333333333,1949.9808666666668,1949.9808666666668,2,2,2,6,2,Loyal Customers
12792,2011-03-28 11:36:00,2011-03-28 11:36:00,1,400.53999999999996,217,257,257,400.53999999999996,0.11843385214007782,568.8603112840466,568.8603112840466,1,1,2,4,1,At Risk
17375,2011-05-24 15:45:00,2010-12-13 15:16:00,3,400.1,367,199,361,133.36666666666667,0.25294321329639885,404.53324099722994,404.53324099722994,1,4,2,7,1,At Risk
18164,2011-11-02 12:56:00,2011-11-02 12:56:00,1,399.65000000000003,184,37,37,399.65000000000003,0.8226351351351351,3942.4932432432433,3942.4932432432433,3,2,2,7,2,Loyal Customers
13255,2011-11-30 13:14:00,2010-12-01 11:58:00,2,399.51,177,9,374,199.755,0.1627673796791444,389.8961229946524,389.8961229946524,5,2,2,9,2,Loyal Customers
18154,2011-12-06 16:41:00,2011-10-27 10:40:00,2,399.19,255,3,44,199.595,1.383522727272727,3311.4625,3311.4625,5,3,2,10,2,Loyal Customers
15522,2011-11-07 11:26:00,2011-09-13 12:26:00,2,398.84,573,33,88,199.42,0.6917613636363635,1654.279545454545,1654.279545454545,3,3,2,8,2,Loyal Customers
17830,2011-12-08 12:28:00,2011-02-24 10:15:00,3,398.7,92,2,289,132.9,0.31596020761245674,503.5484429065745,503.5484429065745,5,4,2,11,2,Loyal Customers
12508,2011-11-13 15:37:00,2011-11-10 16:27:00,2,398.27,272,26,29,199.135,2.0991379310344827,5012.708620689655,5012.708620689655,4,2,2,8,2,Loyal Customers
13352,2011-10-10 13:55:00,2011-10-10 13:55:00,1,397.97999999999996,321,60,60,397.97999999999996,0.5072916666666667,2421.0449999999996,2421.0449999999996,3,1,2,6,2,Loyal Customers
15429,2011-11-13 12:28:00,2011-09-25 13:42:00,2,397.35,380,27,75,198.675,0.8116666666666666,1933.77,1933.77,4,3,2,9,2,Loyal Customers
17926,2011-07-29 14:39:00,2011-05-20 09:24:00,2,397.29,306,133,204,198.645,0.29840686274509803,710.8375,710.8375,2,3,2,7,2,Loyal Customers
12824,2011-10-11 12:49:00,2011-10-11 12:49:00,1,397.12,232,60,60,397.12,0.5072916666666667,2415.813333333333,2415.813333333333,3,1,2,6,2,Loyal Customers
13594,2011-10-18 10:19:00,2011-10-18 10:19:00,1,396.97,359,53,53,396.97,0.5742924528301887,2733.8500000000004,2733.8500000000004,3,1,2,6,2,Loyal Customers
13673,2011-11-21 12:11:00,2011-11-07 15:40:00,2,396.92,119,19,32,198.46,1.90234375,4527.368750000001,4527.368750000001,4,2,2,8,2,Loyal Customers
17486,2011-03-23 14:00:00,2011-03-23 14:00:00,1,396.87,191,261,261,396.87,0.11661877394636015,555.0097701149425,555.0097701149425,1,2,2,5,1,At Risk
15883,2011-12-07 17:05:00,2011-11-06 14:50:00,2,396.48,223,2,33,198.24,1.8446969696969695,4385.3090909090915,4385.3090909090915,5,3,2,10,2,Loyal Customers
18067,2011-10-30 15:58:00,2011-10-30 15:58:00,1,396.33,189,40,40,396.33,0.7609375,3616.5112499999996,3616.5112499999996,3,2,2,7,2,Loyal Customers
16354,2011-10-07 14:28:00,2011-09-27 16:28:00,2,395.8,150,63,73,197.9,0.833904109589041,1979.0,1979.0,3,3,2,8,2,Loyal Customers
17603,2011-09-22 14:18:00,2011-09-22 14:18:00,1,394.72,74,78,78,394.72,0.39022435897435903,1847.0871794871798,1847.0871794871798,2,2,2,6,2,Loyal Customers
14619,2011-04-08 07:37:00,2011-04-08 07:37:00,1,394.44,152,246,246,394.44,0.12372967479674796,585.2463414634146,585.2463414634146,1,1,2,4,1,At Risk
16207,2011-11-14 13:51:00,2011-11-14 13:51:00,1,394.38,140,25,25,394.38,1.2175,5757.948,5757.948,4,2,2,8,2,Loyal Customers
15386,2011-06-06 13:47:00,2011-06-06 13:47:00,1,394.14,446,186,186,394.14,0.16364247311827956,773.4467741935484,773.4467741935484,1,1,2,4,1,At Risk
15264,2011-10-06 13:49:00,2011-10-06 13:49:00,1,393.74,265,64,64,393.74,0.4755859375,2245.5484375,2245.5484375,3,1,2,6,2,Loyal Customers
15345,2011-10-25 11:28:00,2011-10-25 11:28:00,1,393.54,81,46,46,393.54,0.6616847826086957,3122.654347826087,3122.654347826087,3,1,2,6,2,Loyal Customers
17226,2011-02-04 11:52:00,2011-02-04 11:52:00,1,393.49,406,309,309,393.49,0.0985032362459547,464.80210355987055,464.80210355987055,1,2,2,5,1,At Risk
14600,2011-02-07 09:48:00,2011-02-07 09:48:00,1,393.33000000000004,125,306,306,393.33000000000004,0.09946895424836602,469.168137254902,469.168137254902,1,1,2,4,1,At Risk
15837,2011-10-06 09:01:00,2011-10-06 09:01:00,1,391.98,189,65,65,391.98,0.4682692307692307,2201.118461538462,2201.118461538462,3,2,2,7,2,Loyal Customers
16917,2011-03-08 11:55:00,2011-03-08 11:55:00,1,391.52,232,277,277,391.52,0.1098826714801444,515.9018050541516,515.9018050541516,1,2,2,5,1,At Risk
12982,2011-04-11 11:51:00,2011-04-11 11:51:00,1,390.54,288,243,243,390.54,0.12525720164609053,586.6135802469136,586.6135802469136,1,1,2,4,1,At Risk
17614,2011-10-13 16:01:00,2011-10-13 16:01:00,1,390.07,238,57,57,390.07,0.5339912280701754,2497.8166666666666,2497.8166666666666,3,2,2,7,2,Loyal Customers
17936,2011-12-04 13:32:00,2011-12-04 13:32:00,1,389.84,262,5,5,389.84,6.0875,28458.319999999996,28458.319999999996,5,2,2,9,2,Loyal Customers
18024,2011-07-10 12:40:00,2011-07-10 12:28:00,2,389.78,184,153,153,194.89,0.3978758169934641,929.8673202614378,929.8673202614378,2,3,2,7,2,Loyal Customers
14752,2011-10-27 11:55:00,2011-10-27 11:55:00,1,389.64,260,44,44,389.64,0.6917613636363635,3232.240909090909,3232.240909090909,3,1,2,6,2,Loyal Customers
13873,2011-08-12 10:08:00,2011-02-03 09:37:00,3,389.6,140,120,310,129.86666666666667,0.2945564516129032,458.7225806451613,458.7225806451613,2,3,2,7,2,Loyal Customers
13345,2011-02-25 09:01:00,2011-02-25 09:01:00,1,389.5,141,288,288,389.5,0.1056857638888889,493.63715277777777,493.63715277777777,1,1,2,4,1,At Risk
16250,2011-03-23 15:07:00,2010-12-01 09:59:00,2,389.44,208,261,374,194.72,0.1627673796791444,380.06844919786096,380.06844919786096,1,3,2,6,1,At Risk
15847,2011-11-01 14:41:00,2011-02-24 16:46:00,2,389.27,449,38,288,194.635,0.2113715277777778,493.3456597222222,493.3456597222222,3,3,2,8,2,Loyal Customers
12690,2011-05-18 09:09:00,2011-05-18 09:09:00,1,389.01,106,206,206,389.01,0.14775485436893204,689.2652912621359,689.2652912621359,1,1,2,4,1,At Risk
17595,2011-11-27 16:08:00,2011-11-02 16:19:00,2,388.79,229,12,37,194.395,1.6452702702702702,3835.360810810811,3835.360810810811,5,3,2,10,2,Loyal Customers
15592,2011-10-24 08:59:00,2011-10-24 08:59:00,1,388.58,354,47,47,388.58,0.6476063829787234,3017.6957446808506,3017.6957446808506,3,1,2,6,2,Loyal Customers
13899,2011-11-23 13:40:00,2011-03-10 09:30:00,2,388.52,156,16,275,194.26,0.22136363636363637,515.6719999999999,515.6719999999999,4,2,2,8,2,Loyal Customers
13856,2011-06-24 10:03:00,2011-05-20 13:13:00,3,388.5,494,169,203,129.5,0.4498152709359606,698.5344827586207,698.5344827586207,2,3,2,7,1,At Risk
17438,2011-03-31 10:26:00,2011-03-31 10:26:00,1,388.45000000000005,103,254,254,388.45000000000005,0.11983267716535434,558.2057086614175,558.2057086614175,1,2,2,5,1,At Risk
16776,2011-10-10 13:04:00,2011-10-10 13:04:00,1,388.28,262,60,60,388.28,0.5072916666666667,2362.0366666666664,2362.0366666666664,3,2,2,7,2,Loyal Customers
14538,2011-10-06 10:31:00,2011-03-28 14:57:00,2,388.25,155,65,256,194.125,0.23779296875,553.5595703125,553.5595703125,3,3,2,8,2,Loyal Customers
17357,2011-11-15 16:30:00,2011-11-15 16:29:00,2,388.14,153,24,24,194.07,2.536458333333333,5902.962500000001,5902.962500000001,4,3,2,9,2,Loyal Customers
17817,2011-12-05 14:39:00,2011-03-07 17:30:00,3,387.68,67,4,277,129.22666666666666,0.3296480144404332,510.8418772563176,510.8418772563176,5,4,2,11,2,Loyal Customers
14420,2011-09-01 18:07:00,2011-09-01 18:07:00,1,387.52,334,99,99,387.52,0.307449494949495,1428.7353535353534,1428.7353535353534,2,1,2,5,2,Loyal Customers
17508,2011-03-04 08:10:00,2011-03-04 08:10:00,1,387.31,289,281,281,387.31,0.1083185053380783,503.0895017793594,503.0895017793594,1,2,2,5,1,At Risk
14114,2011-03-11 09:42:00,2011-01-13 11:05:00,2,386.53,101,274,331,193.265,0.18391238670694862,426.2339879154078,426.2339879154078,1,3,2,6,1,At Risk
15664,2011-10-20 10:57:00,2011-10-20 10:57:00,1,386.43,157,51,51,386.43,0.5968137254901961,2765.6264705882354,2765.6264705882354,3,1,2,6,2,Loyal Customers
14779,2011-03-04 12:42:00,2011-01-20 12:04:00,3,386.15,84,281,324,128.71666666666667,0.2818287037037037,435.01466049382714,435.01466049382714,1,3,2,6,1,At Risk
13821,2011-07-18 09:49:00,2011-03-23 11:30:00,2,385.64,153,145,262,192.82,0.23234732824427481,537.2465648854962,537.2465648854962,2,2,2,6,2,Loyal Customers
17711,2011-11-29 11:40:00,2011-02-23 11:32:00,2,385.1,246,11,290,192.55,0.20991379310344827,484.6948275862069,484.6948275862069,5,3,2,10,2,Loyal Customers
13919,2011-10-11 14:24:00,2011-08-10 10:15:00,2,384.81,474,59,122,192.405,0.4989754098360656,1151.275819672131,1151.275819672131,3,2,2,7,2,Loyal Customers
13833,2011-07-03 13:27:00,2011-07-03 13:27:00,1,384.8,118,159,159,384.8,0.1914308176100629,883.3459119496855,883.3459119496855,2,1,2,5,1,At Risk
17250,2011-12-06 12:15:00,2011-03-23 16:45:00,2,384.52,168,4,261,192.26,0.2332375478927203,537.7386973180077,537.7386973180077,5,3,2,10,2,Loyal Customers
17189,2011-08-25 19:39:00,2010-12-15 17:28:00,2,384.40000000000003,227,106,359,192.20000000000002,0.16956824512534818,390.82451253481895,390.82451253481895,2,3,2,7,2,Loyal Customers
17205,2011-10-17 12:46:00,2011-10-17 12:46:00,1,384.08,884,54,54,384.08,0.5636574074074073,2596.096296296296,2596.096296296296,3,2,2,7,2,Loyal Customers
16982,2011-10-10 12:28:00,2011-10-10 12:28:00,1,384.06,182,61,61,384.06,0.4989754098360656,2298.0639344262295,2298.0639344262295,3,2,2,7,2,Loyal Customers
15048,2011-10-05 14:55:00,2010-12-06 12:15:00,4,384.05,195,65,369,96.0125,0.32994579945799457,379.8868563685637,379.8868563685637,3,4,2,9,2,Loyal Customers
12733,2011-04-19 16:19:00,2011-04-19 16:19:00,1,383.95,137,234,234,383.95,0.1300747863247863,598.8963675213676,598.8963675213676,1,1,2,4,1,At Risk
12515,2010-12-21 15:43:00,2010-12-21 15:43:00,1,383.7,131,353,353,383.7,0.08622521246458924,396.74362606232296,396.74362606232296,1,1,2,4,1,At Risk
15440,2011-10-16 12:16:00,2011-05-15 11:30:00,3,383.68,197,55,209,127.89333333333333,0.4369019138755981,670.063157894737,670.063157894737,3,3,2,8,2,Loyal Customers
14304,2011-05-01 11:50:00,2011-05-01 11:50:00,1,383.45,139,223,223,383.45,0.13649103139013452,627.6199551569507,627.6199551569507,1,1,2,4,1,At Risk
15424,2011-03-30 13:02:00,2011-03-30 13:00:00,2,383.34,554,254,254,191.67,0.23966535433070868,550.8625984251968,550.8625984251968,1,3,2,6,1,At Risk
12832,2011-11-07 13:30:00,2011-09-02 13:48:00,2,383.03,195,32,98,191.515,0.6211734693877551,1426.5913265306122,1426.5913265306122,4,2,2,8,2,Loyal Customers
13817,2011-11-10 17:49:00,2010-12-23 11:46:00,2,382.98,211,29,352,191.49,0.17294034090909088,397.12414772727277,397.12414772727277,4,2,2,8,2,Loyal Customers
18181,2011-11-15 15:08:00,2011-11-15 15:08:00,1,382.8,146,24,24,382.8,1.2682291666666665,5821.75,5821.75,4,2,2,8,2,Loyal Customers
17239,2011-01-31 09:41:00,2011-01-31 09:41:00,1,382.5,150,313,313,382.5,0.0972444089456869,446.04632587859425,446.04632587859425,1,2,2,5,1,At Risk
13657,2011-11-29 12:32:00,2011-05-22 12:35:00,2,382.14,209,11,202,191.07,0.30136138613861385,690.5004950495049,690.5004950495049,5,2,2,9,2,Loyal Customers
17999,2011-11-02 15:56:00,2010-12-08 15:17:00,2,382.06,221,37,366,191.03,0.16632513661202186,381.0161202185792,381.0161202185792,3,3,2,8,2,Loyal Customers
15090,2011-02-04 14:03:00,2011-02-04 14:03:00,1,381.32,208,308,308,381.32,0.09882305194805194,451.888961038961,451.888961038961,1,1,2,4,1,At Risk
16441,2011-10-03 17:48:00,2011-02-21 17:35:00,2,381.2,173,67,291,190.6,0.20919243986254293,478.13745704467357,478.13745704467357,3,3,2,8,2,Loyal Customers
12871,2011-09-16 15:07:00,2011-05-16 13:32:00,2,380.64,200,84,207,190.32,0.2940821256038647,671.176811594203,671.176811594203,2,2,2,6,2,Loyal Customers
17573,2011-11-10 13:01:00,2011-09-07 10:36:00,3,380.6,308,29,94,126.86666666666667,0.9714095744680851,1477.8617021276596,1477.8617021276596,4,4,2,10,2,Loyal Customers
16930,2011-11-13 16:13:00,2011-10-02 14:25:00,3,380.55,341,26,68,126.85000000000001,1.3428308823529413,2042.6580882352941,2042.6580882352941,4,4,2,10,2,Loyal Customers
17138,2011-03-09 11:54:00,2011-03-09 11:54:00,1,380.5,126,276,276,380.5,0.11028079710144928,503.19746376811594,503.19746376811594,1,2,2,5,1,At Risk
12890,2011-11-15 17:26:00,2011-11-15 17:26:00,1,380.46999999999997,259,24,24,380.46999999999997,1.2682291666666665,5786.314583333333,5786.314583333333,4,1,2,7,2,Loyal Customers
16769,2011-03-24 13:41:00,2011-03-24 13:41:00,1,380.39,83,260,260,380.39,0.11706730769230768,534.0090384615385,534.0090384615385,1,2,2,5,1,At Risk
17031,2011-11-28 10:23:00,2011-07-08 09:38:00,2,380.35,235,12,155,190.175,0.392741935483871,895.6629032258064,895.6629032258064,5,3,2,10,2,Loyal Customers
14731,2011-10-23 15:54:00,2011-05-11 13:06:00,3,380.02,256,47,212,126.67333333333333,0.4307193396226415,654.279716981132,654.279716981132,3,3,2,8,2,Loyal Customers
14594,2011-12-02 13:28:00,2010-12-01 13:54:00,2,379.83,185,7,373,189.915,0.16320375335120643,371.6835120643431,371.6835120643431,5,3,2,10,2,Loyal Customers
16552,2011-04-11 10:04:00,2010-12-01 12:36:00,2,379.73,219,243,374,189.865,0.1627673796791444,370.59211229946527,370.59211229946527,1,3,2,6,1,At Risk
13589,2011-11-25 12:10:00,2011-06-13 12:44:00,2,379.65,114,15,180,189.825,0.33819444444444446,769.8458333333333,769.8458333333333,4,2,2,8,2,Loyal Customers
13656,2011-06-28 10:31:00,2011-01-06 15:42:00,2,379.65,490,165,337,189.825,0.1806379821958457,411.19362017804156,411.19362017804156,2,2,2,6,1,At Risk
17878,2011-10-27 11:24:00,2011-10-27 11:24:00,1,379.45,401,44,44,379.45,0.6917613636363635,3147.7102272727275,3147.7102272727275,3,2,2,7,2,Loyal Customers
15885,2011-09-08 10:43:00,2011-02-03 15:28:00,3,379.35,111,93,309,126.45,0.2955097087378641,448.0995145631068,448.0995145631068,2,4,2,8,2,Loyal Customers
16909,2011-09-28 16:45:00,2011-09-28 16:45:00,1,379.14,436,72,72,379.14,0.4227430555555556,1922.0291666666667,1922.0291666666667,2,2,2,6,2,Loyal Customers
13372,2011-09-11 12:46:00,2011-09-11 12:46:00,1,378.64,159,90,90,378.64,0.33819444444444446,1535.5955555555556,1535.5955555555556,2,1,2,5,2,Loyal Customers
17078,2011-11-03 19:17:00,2011-11-03 18:49:00,2,378.2,788,36,36,189.1,1.6909722222222223,3834.527777777778,3834.527777777778,3,3,2,8,2,Loyal Customers
17736,2011-11-30 15:36:00,2011-08-18 14:33:00,3,377.44,238,9,113,125.81333333333333,0.808075221238938,1219.1646017699115,1219.1646017699115,5,4,2,11,2,Loyal Customers
15025,2011-11-06 15:20:00,2011-11-06 15:20:00,1,377.01,189,33,33,377.01,0.9223484848484848,4169.959090909091,4169.959090909091,3,1,2,6,2,Loyal Customers
17489,2011-10-12 08:56:00,2011-05-11 11:34:00,2,376.64,428,59,213,188.32,0.2857981220657277,645.4159624413146,645.4159624413146,3,3,2,8,2,Loyal Customers
13936,2011-06-13 08:47:00,2011-06-13 08:47:00,1,376.58,330,180,180,376.58,0.16909722222222223,763.6205555555555,763.6205555555555,1,1,2,4,1,At Risk
16858,2010-12-06 09:52:00,2010-12-06 09:52:00,1,375.69000000000005,91,369,369,375.69000000000005,0.08248644986449864,371.61747967479675,371.61747967479675,1,2,2,5,1,At Risk
14448,2011-11-30 13:50:00,2010-12-10 17:26:00,2,375.35,104,9,364,187.675,0.167239010989011,376.38118131868134,376.38118131868134,5,3,2,10,2,Loyal Customers
14079,2011-08-07 12:10:00,2011-08-07 12:10:00,1,375.1,301,125,125,375.1,0.24350000000000002,1095.292,1095.292,2,1,2,5,2,Loyal Customers
16147,2011-07-29 09:57:00,2011-07-29 09:57:00,1,375.0,246,134,134,375.0,0.22714552238805968,1021.455223880597,1021.455223880597,2,2,2,6,2,Loyal Customers
14067,2011-10-07 10:21:00,2011-09-04 12:00:00,2,374.7,361,64,97,187.35,0.6275773195876289,1409.9536082474226,1409.9536082474226,3,3,2,8,2,Loyal Customers
17492,2011-04-05 15:21:00,2011-04-05 15:21:00,1,374.57,155,248,248,374.57,0.12273185483870967,551.2824596774193,551.2824596774193,1,2,2,5,1,At Risk
12873,2011-03-02 14:58:00,2011-03-02 14:58:00,1,374.0,128,282,282,374.0,0.10793439716312056,484.07801418439715,484.07801418439715,1,1,2,4,1,At Risk
13351,2011-10-04 12:55:00,2011-10-04 12:55:00,1,373.94,117,66,66,373.94,0.4611742424242424,2068.0015151515154,2068.0015151515154,3,1,2,6,2,Loyal Customers
13569,2011-11-22 13:07:00,2010-12-07 12:29:00,2,373.75,164,17,368,186.875,0.16542119565217392,370.703125,370.703125,4,2,2,8,2,Loyal Customers
16321,2011-09-28 14:55:00,2011-01-20 12:11:00,5,373.65000000000003,135,72,324,74.73,0.4697145061728395,420.9328703703704,420.9328703703704,2,4,2,8,2,Loyal Customers
16903,2011-11-10 15:32:00,2011-11-10 15:32:00,1,373.24,262,29,29,373.24,1.0495689655172413,4697.675862068966,4697.675862068966,4,2,2,8,2,Loyal Customers
12895,2011-10-28 13:51:00,2011-09-14 08:35:00,2,372.8,210,42,87,186.4,0.6997126436781609,1564.0459770114942,1564.0459770114942,3,2,2,7,2,Loyal Customers
12544,2011-11-03 16:15:00,2011-11-03 16:15:00,1,372.7,136,36,36,372.7,0.8454861111111112,3778.7638888888887,3778.7638888888887,3,1,2,6,2,Loyal Customers
12981,2011-11-10 12:00:00,2011-07-29 14:14:00,2,372.21999999999997,242,30,133,186.10999999999999,0.45770676691729323,1021.5060150375939,1021.5060150375939,4,2,2,8,2,Loyal Customers
16065,2010-12-09 13:03:00,2010-12-09 13:03:00,1,372.09,231,365,365,372.09,0.08339041095890412,372.0899999999999,372.0899999999999,1,2,2,5,1,At Risk
13300,2011-06-23 13:09:00,2011-06-23 13:09:00,1,371.89,203,169,169,371.89,0.180103550295858,803.1943786982249,803.1943786982249,2,1,2,5,1,At Risk
17765,2011-07-04 12:41:00,2011-03-28 11:58:00,3,371.88,144,159,257,123.96,0.3553015564202335,528.1564202334631,528.1564202334631,2,4,2,8,2,Loyal Customers
14690,2011-10-26 15:39:00,2011-07-11 11:58:00,2,371.7,170,44,152,185.85,0.4004934210526316,892.5690789473684,892.5690789473684,3,3,2,8,2,Loyal Customers
18155,2011-09-25 13:32:00,2011-02-21 10:36:00,3,371.62,266,75,292,123.87333333333333,0.3127140410958904,464.525,464.525,2,4,2,8,2,Loyal Customers
15472,2011-08-18 15:17:00,2011-08-18 15:17:00,1,371.56,251,113,113,371.56,0.26935840707964603,1200.1716814159292,1200.1716814159292,2,1,2,5,2,Loyal Customers
14950,2011-11-20 13:48:00,2011-11-20 13:48:00,1,371.2,136,19,19,371.2,1.6019736842105263,7130.9473684210525,7130.9473684210525,4,1,2,7,2,Loyal Customers
15975,2011-09-16 13:33:00,2011-09-16 13:33:00,1,371.01,243,84,84,371.01,0.36235119047619047,1612.1267857142857,1612.1267857142857,2,2,2,6,2,Loyal Customers
15063,2011-05-10 13:25:00,2011-05-10 13:25:00,1,370.79999999999995,56,213,213,370.79999999999995,0.14289906103286384,635.4084507042252,635.4084507042252,1,1,2,4,1,At Risk
16343,2011-11-23 17:45:00,2011-11-23 17:43:00,2,370.47999999999996,195,16,16,185.23999999999998,3.8046875,8451.574999999999,8451.574999999999,4,3,2,9,2,Loyal Customers
15922,2010-12-01 13:51:00,2010-12-01 13:51:00,1,369.5,138,373,373,369.5,0.08160187667560322,361.5750670241287,361.5750670241287,1,2,2,5,1,At Risk
16758,2011-10-05 14:47:00,2011-10-05 14:47:00,1,369.34000000000003,203,65,65,369.34000000000003,0.4682692307692307,2073.986153846154,2073.986153846154,3,2,2,7,2,Loyal Customers
14888,2011-05-16 14:58:00,2011-05-16 14:58:00,1,369.2,184,207,207,369.2,0.14704106280193235,651.0048309178744,651.0048309178744,1,1,2,4,1,At Risk
16372,2011-11-06 13:08:00,2011-11-06 12:50:00,2,367.93,166,33,34,183.965,1.7904411764705883,3949.8367647058826,3949.8367647058826,3,3,2,8,2,Loyal Customers
17911,2011-11-30 14:52:00,2011-11-30 14:52:00,1,366.23,223,9,9,366.23,3.3819444444444446,14852.661111111112,14852.661111111112,5,2,2,9,2,Loyal Customers
17358,2011-02-09 16:57:00,2010-12-19 14:16:00,2,365.85,202,303,355,182.925,0.1714788732394366,376.1556338028169,376.1556338028169,1,3,2,6,1,At Risk
17432,2011-11-21 17:33:00,2011-11-02 17:30:00,2,365.76,207,18,37,182.88,1.6452702702702702,3608.1729729729727,3608.1729729729727,4,3,2,9,2,Loyal Customers
16499,2010-12-14 13:31:00,2010-12-10 10:27:00,2,365.45,127,360,365,182.725,0.16678082191780824,365.45,365.45,1,3,2,6,1,At Risk
16202,2010-12-14 10:43:00,2010-12-14 10:43:00,1,365.27,191,361,361,365.27,0.08431440443213296,369.31731301939055,369.31731301939055,1,2,2,5,1,At Risk
14886,2011-04-01 08:56:00,2011-04-01 08:56:00,1,364.8,160,253,253,364.8,0.12030632411067194,526.2924901185771,526.2924901185771,1,1,2,4,1,At Risk
15949,2011-11-23 09:09:00,2011-09-29 17:34:00,2,364.72,284,17,71,182.36,0.8573943661971831,1874.9690140845073,1874.9690140845073,4,3,2,9,2,Loyal Customers
12373,2011-02-01 13:10:00,2011-02-01 13:10:00,1,364.6,197,311,311,364.6,0.09786977491961416,427.90675241157555,427.90675241157555,1,1,2,4,1,At Risk
15343,2011-09-13 13:55:00,2011-09-13 13:55:00,1,364.5,84,87,87,364.5,0.34985632183908044,1529.2241379310344,1529.2241379310344,2,1,2,5,2,Loyal Customers
14528,2011-11-02 17:09:00,2011-11-02 17:09:00,1,364.21999999999997,278,37,37,364.21999999999997,0.8226351351351351,3592.981081081081,3592.981081081081,3,1,2,6,2,Loyal Customers
12538,2011-11-10 17:16:00,2011-11-10 17:16:00,1,363.95,191,29,29,363.95,1.0495689655172413,4580.75,4580.75,4,1,2,7,2,Loyal Customers
17330,2011-11-17 08:56:00,2011-10-03 11:26:00,2,363.9,120,23,68,181.95,0.8952205882352942,1953.2867647058824,1953.2867647058824,4,3,2,9,2,Loyal Customers
15901,2011-11-23 12:43:00,2011-07-08 12:18:00,3,363.88,384,17,155,121.29333333333334,0.5891129032258065,856.8787096774195,856.8787096774195,4,4,2,10,2,Loyal Customers
14171,2011-09-02 16:43:00,2011-09-02 16:43:00,1,363.79,167,98,98,363.79,0.31058673469387754,1354.932142857143,1354.932142857143,2,1,2,5,2,Loyal Customers
16509,2011-02-16 09:25:00,2011-02-16 09:25:00,1,363.7,64,297,297,363.7,0.10248316498316498,446.9713804713805,446.9713804713805,1,2,2,5,1,At Risk
16485,2011-09-23 15:50:00,2011-09-23 15:50:00,1,363.65,235,77,77,363.65,0.39529220779220775,1723.7954545454545,1723.7954545454545,2,2,2,6,2,Loyal Customers
12915,2011-07-14 11:34:00,2010-12-02 12:33:00,2,363.65,93,149,373,181.825,0.16320375335120643,355.8505361930295,355.8505361930295,2,2,2,6,2,Loyal Customers
18056,2011-02-24 14:27:00,2011-02-24 14:27:00,1,363.65,211,288,288,363.65,0.1056857638888889,460.87586805555554,460.87586805555554,1,2,2,5,1,At Risk
14932,2010-12-09 11:48:00,2010-12-09 11:48:00,1,363.53,80,366,366,363.53,0.08316256830601093,362.5367486338797,362.5367486338797,1,1,2,4,1,At Risk
14427,2011-10-20 14:23:00,2011-10-07 09:10:00,2,363.34000000000003,228,50,64,181.67000000000002,0.951171875,2072.1734375,2072.1734375,3,3,2,8,2,Loyal Customers
16378,2011-04-06 15:07:00,2011-02-02 12:42:00,3,362.95,267,247,311,120.98333333333333,0.29360932475884244,425.9702572347267,425.9702572347267,1,4,2,7,1,At Risk
16052,2011-10-16 15:13:00,2011-10-16 15:13:00,1,362.06,282,54,54,362.06,0.5636574074074073,2447.2574074074073,2447.2574074074073,3,2,2,7,2,Loyal Customers
13844,2011-11-28 13:21:00,2011-11-28 13:21:00,1,361.62,196,11,11,361.62,2.767045454545454,11999.20909090909,11999.20909090909,5,1,2,8,2,Loyal Customers
16305,2011-07-24 12:18:00,2011-07-24 12:18:00,1,361.21999999999997,256,139,139,361.21999999999997,0.2189748201438849,948.5273381294963,948.5273381294963,2,2,2,6,2,Loyal Customers
13291,2011-07-07 10:36:00,2011-07-07 10:36:00,1,361.11,233,156,156,361.11,0.19511217948717952,844.9048076923076,844.9048076923076,2,1,2,5,1,At Risk
15872,2011-11-25 11:55:00,2011-11-25 11:54:00,2,360.93,212,15,15,180.465,4.058333333333334,8782.630000000001,8782.630000000001,4,3,2,9,2,Loyal Customers
16595,2011-10-09 13:15:00,2011-10-09 13:15:00,1,360.16,335,61,61,360.16,0.4989754098360656,2155.0557377049186,2155.0557377049186,3,2,2,7,2,Loyal Customers
13780,2011-12-02 13:49:00,2011-06-22 11:43:00,2,360.01,318,7,171,180.005,0.35599415204678364,768.4423976608186,768.4423976608186,5,2,2,9,2,Loyal Customers
13298,2011-12-08 13:11:00,2011-12-08 13:11:00,1,360.0,96,1,1,360.0,30.4375,131400.0,131400.0,5,1,2,8,2,Loyal Customers
15120,2011-07-29 09:48:00,2011-07-29 09:48:00,1,358.82,296,134,134,358.82,0.22714552238805968,977.3828358208956,977.3828358208956,2,1,2,5,2,Loyal Customers
17948,2011-07-15 12:58:00,2011-07-15 12:58:00,1,358.56000000000006,144,147,147,358.56000000000006,0.20705782312925172,890.3020408163267,890.3020408163267,2,2,2,6,2,Loyal Customers
16823,2011-04-26 15:00:00,2011-04-26 15:00:00,1,358.38,136,227,227,358.38,0.13408590308370044,576.2497797356828,576.2497797356828,1,2,2,5,1,At Risk
13228,2011-09-19 14:28:00,2011-09-19 14:28:00,1,358.0,200,81,81,358.0,0.3757716049382716,1613.20987654321,1613.20987654321,2,1,2,5,2,Loyal Customers
13976,2011-05-17 09:13:00,2011-05-17 09:13:00,1,357.98,154,207,207,357.98,0.14704106280193235,631.2207729468599,631.2207729468599,1,1,2,4,1,At Risk
16274,2010-12-01 15:35:00,2010-12-01 15:35:00,1,357.95,155,373,373,357.95,0.08160187667560322,350.27278820375335,350.27278820375335,1,2,2,5,1,At Risk
17025,2011-10-10 09:06:00,2010-12-01 15:45:00,3,357.77,235,61,373,119.25666666666666,0.24480563002680966,350.09664879356563,350.09664879356563,3,4,2,9,2,Loyal Customers
16971,2011-11-01 15:06:00,2011-11-01 15:06:00,1,357.21,72,38,38,357.21,0.8009868421052632,3431.096052631579,3431.096052631579,3,2,2,7,2,Loyal Customers
18040,2011-11-20 14:20:00,2011-04-08 08:27:00,2,357.20000000000005,148,19,246,178.60000000000002,0.24745934959349591,529.9918699186992,529.9918699186992,4,3,2,9,2,Loyal Customers
13453,2011-06-27 09:34:00,2011-02-23 09:44:00,2,356.97999999999996,134,166,290,178.48999999999998,0.20991379310344827,449.30241379310337,449.30241379310337,2,2,2,6,1,At Risk
14500,2011-09-12 16:45:00,2011-06-03 10:08:00,3,356.85,117,88,190,118.95,0.4805921052631579,685.5276315789474,685.5276315789474,2,3,2,7,2,Loyal Customers
15713,2011-07-19 13:34:00,2010-12-08 15:16:00,2,356.7,150,143,366,178.35,0.16632513661202186,355.7254098360656,355.7254098360656,2,3,2,7,2,Loyal Customers
15247,2011-08-09 12:52:00,2011-08-09 12:52:00,1,356.0,160,122,122,356.0,0.2494877049180328,1065.0819672131147,1065.0819672131147,2,1,2,5,2,Loyal Customers
14537,2011-10-13 10:54:00,2011-10-13 10:54:00,1,355.56,120,58,58,355.56,0.5247844827586207,2237.5758620689653,2237.5758620689653,3,1,2,6,2,Loyal Customers
15840,2011-10-12 09:08:00,2011-06-20 11:42:00,2,355.56,396,59,173,177.78,0.351878612716763,750.1699421965318,750.1699421965318,3,3,2,8,2,Loyal Customers
12617,2011-11-10 14:39:00,2011-11-10 14:39:00,1,355.53,213,29,29,355.53,1.0495689655172413,4474.774137931035,4474.774137931035,4,1,2,7,2,Loyal Customers
17742,2011-08-18 15:28:00,2011-01-11 10:04:00,2,355.11,89,113,333,177.555,0.1828078078078078,389.23468468468474,389.23468468468474,2,3,2,7,2,Loyal Customers
13642,2011-05-08 12:34:00,2011-05-08 12:34:00,1,354.8,173,216,216,354.8,0.14091435185185183,599.5462962962963,599.5462962962963,1,1,2,4,1,At Risk
17222,2011-10-05 13:58:00,2011-10-05 13:58:00,1,354.15,128,65,65,354.15,0.4682692307692307,1988.6884615384613,1988.6884615384613,3,2,2,7,2,Loyal Customers
12888,2011-05-09 16:02:00,2011-03-29 14:31:00,2,354.12,76,214,255,177.06,0.23872549019607842,506.8776470588235,506.8776470588235,1,2,2,5,1,At Risk
15870,2011-11-07 10:58:00,2011-11-07 10:58:00,1,354.09000000000003,335,33,33,354.09000000000003,0.9223484848484848,3916.4500000000003,3916.4500000000003,3,2,2,7,2,Loyal Customers
12845,2011-03-17 13:34:00,2011-02-22 14:10:00,4,354.09,204,267,290,88.5225,0.41982758620689653,445.66499999999996,445.66499999999996,1,4,2,7,1,At Risk
12715,2011-08-25 15:22:00,2011-08-25 15:22:00,1,353.86,197,106,106,353.86,0.28714622641509435,1218.4801886792454,1218.4801886792454,2,1,2,5,2,Loyal Customers
17252,2011-08-15 09:45:00,2011-06-06 16:41:00,2,353.86,193,117,186,176.93,0.3272849462365591,694.4026881720431,694.4026881720431,2,3,2,7,2,Loyal Customers
13173,2011-12-05 15:51:00,2010-12-07 14:30:00,2,353.65,277,4,367,176.825,0.16587193460490463,351.7227520435967,351.7227520435967,5,2,2,9,2,Loyal Customers
13210,2011-09-07 08:18:00,2011-09-07 08:18:00,1,353.48,316,94,94,353.48,0.3238031914893617,1372.5553191489364,1372.5553191489364,2,1,2,5,2,Loyal Customers
13343,2011-06-15 12:24:00,2011-06-15 12:24:00,1,353.43,135,178,178,353.43,0.17099719101123598,724.7300561797753,724.7300561797753,2,1,2,5,1,At Risk
14804,2011-12-01 11:20:00,2011-12-01 11:20:00,1,353.27,121,9,9,353.27,3.3819444444444446,14327.06111111111,14327.06111111111,5,1,2,8,2,Loyal Customers
17976,2010-12-02 13:49:00,2010-12-02 13:49:00,1,353.19,106,372,372,353.19,0.08182123655913978,346.54395161290324,346.54395161290324,1,2,2,5,1,At Risk
15678,2011-10-18 09:25:00,2011-10-18 09:25:00,1,352.7,184,53,53,352.7,0.5742924528301887,2428.9716981132074,2428.9716981132074,3,1,2,6,2,Loyal Customers
18112,2011-11-27 14:43:00,2011-06-26 13:56:00,2,352.69,255,12,166,176.345,0.3667168674698795,775.4930722891567,775.4930722891567,5,3,2,10,2,Loyal Customers
15334,2011-07-06 11:22:00,2011-06-19 13:51:00,3,351.67,274,157,173,117.22333333333334,0.5278179190751445,741.9627167630058,741.9627167630058,2,3,2,7,2,Loyal Customers
12566,2011-09-14 14:30:00,2011-09-14 14:30:00,1,351.65,265,86,86,351.65,0.3539244186046511,1492.4680232558137,1492.4680232558137,2,1,2,5,2,Loyal Customers
15789,2010-12-16 14:35:00,2010-12-16 14:35:00,1,351.3,438,358,358,351.3,0.08502094972067038,358.1689944134078,358.1689944134078,1,2,2,5,1,At Risk
13923,2011-10-17 12:33:00,2011-10-17 12:33:00,1,351.13,185,54,54,351.13,0.5636574074074073,2373.3787037037036,2373.3787037037036,3,1,2,6,2,Loyal Customers
15900,2011-11-16 12:19:00,2011-11-16 12:19:00,1,351.11,221,24,24,351.11,1.2682291666666665,5339.797916666667,5339.797916666667,4,2,2,8,2,Loyal Customers
13332,2011-11-25 13:30:00,2011-11-25 13:30:00,1,350.9,179,14,14,350.9,2.174107142857143,9148.464285714284,9148.464285714284,4,1,2,7,2,Loyal Customers
13740,2011-04-13 10:32:00,2011-04-13 10:32:00,1,350.75,425,241,241,350.75,0.1262966804979253,531.2188796680498,531.2188796680498,1,1,2,4,1,At Risk
17835,2011-12-07 11:48:00,2011-11-16 16:30:00,3,350.64,348,3,23,116.88,3.970108695652174,5564.504347826087,5564.504347826087,5,4,2,11,2,Loyal Customers
17795,2011-06-13 12:36:00,2011-03-20 12:02:00,2,350.39,341,180,265,175.195,0.22971698113207548,482.61264150943396,482.61264150943396,1,3,2,6,1,At Risk
13108,2010-12-02 10:35:00,2010-12-02 10:35:00,1,350.06,298,373,373,350.06,0.08160187667560322,342.5520107238606,342.5520107238606,1,1,2,4,1,At Risk
12532,2011-11-09 13:47:00,2011-11-09 13:47:00,1,349.83000000000004,153,30,30,349.83000000000004,1.0145833333333334,4256.265,4256.265,4,1,2,7,2,Loyal Customers
13670,2011-09-25 15:25:00,2011-09-25 15:25:00,1,349.7,282,75,75,349.7,0.4058333333333333,1701.8733333333332,1701.8733333333332,2,1,2,5,2,Loyal Customers
13887,2011-05-19 17:22:00,2011-05-19 17:22:00,1,349.55,147,204,204,349.55,0.14920343137254902,625.4203431372549,625.4203431372549,1,1,2,4,1,At Risk
18250,2011-02-02 13:16:00,2011-02-02 13:16:00,1,349.27,199,310,310,349.27,0.09818548387096775,411.2372580645161,411.2372580645161,1,2,2,5,1,At Risk
15405,2011-06-03 14:44:00,2011-06-03 14:44:00,1,349.1,193,189,189,349.1,0.16104497354497355,674.1878306878308,674.1878306878308,1,1,2,4,1,At Risk
13927,2011-09-26 12:00:00,2011-09-26 12:00:00,1,348.99,214,75,75,348.99,0.4058333333333333,1698.4180000000001,1698.4180000000001,2,1,2,5,2,Loyal Customers
13790,2011-12-05 15:48:00,2011-12-05 15:48:00,1,348.8,748,4,4,348.8,7.609375,31828.0,31828.0,5,1,2,8,2,Loyal Customers
18127,2011-11-20 14:05:00,2011-07-29 10:06:00,3,348.73,188,19,134,116.24333333333334,0.681436567164179,949.898880597015,949.898880597015,4,4,2,10,2,Loyal Customers
12527,2011-09-19 11:55:00,2011-01-18 12:05:00,3,348.71000000000004,234,82,326,116.23666666666668,0.2800996932515337,390.4268404907976,390.4268404907976,2,3,2,7,2,Loyal Customers
15579,2011-10-02 12:45:00,2011-01-30 12:09:00,2,348.6,120,69,314,174.3,0.19386942675159236,405.21974522293,405.21974522293,3,3,2,8,2,Loyal Customers
16159,2011-03-03 12:27:00,2011-03-03 12:27:00,1,348.2,236,282,282,348.2,0.10793439716312056,450.6843971631206,450.6843971631206,1,2,2,5,1,At Risk
13052,2011-05-11 14:12:00,2011-05-11 14:12:00,1,348.15000000000003,222,212,212,348.15000000000003,0.14357311320754718,599.4091981132076,599.4091981132076,1,1,2,4,1,At Risk
14379,2011-10-26 16:43:00,2011-02-17 15:03:00,2,348.1,292,44,295,174.05,0.20635593220338982,430.70000000000005,430.70000000000005,3,3,2,8,2,Loyal Customers
13497,2011-03-02 09:04:00,2010-12-06 11:37:00,2,348.05,163,283,369,174.025,0.16497289972899729,344.2771002710027,344.2771002710027,1,2,2,5,1,At Risk
17668,2011-12-08 13:25:00,2011-11-01 14:45:00,2,347.75,93,1,38,173.875,1.6019736842105263,3340.2302631578946,3340.2302631578946,5,3,2,10,2,Loyal Customers
13062,2011-06-01 15:12:00,2011-06-01 15:12:00,1,346.98,343,191,191,346.98,0.15935863874345552,663.0769633507854,663.0769633507854,1,1,2,4,1,At Risk
13649,2011-03-28 11:51:00,2010-12-08 14:46:00,2,346.6,139,257,366,173.3,0.16632513661202186,345.65300546448094,345.65300546448094,1,2,2,5,1,At Risk
16423,2011-11-15 09:21:00,2011-11-15 09:21:00,1,346.12,230,25,25,346.12,1.2175,5053.352,5053.352,4,2,2,8,2,Loyal Customers
13091,2011-11-11 15:54:00,2011-11-11 15:54:00,1,345.82,466,28,28,345.82,1.0870535714285714,4508.010714285714,4508.010714285714,4,1,2,7,2,Loyal Customers
15781,2011-11-14 14:57:00,2011-02-07 09:15:00,3,345.46,180,25,306,115.15333333333332,0.29840686274509803,412.06830065359475,412.06830065359475,4,4,2,10,2,Loyal Customers
17123,2011-07-01 10:47:00,2011-07-01 10:47:00,1,345.29999999999995,246,162,162,345.29999999999995,0.1878858024691358,777.9907407407406,777.9907407407406,2,2,2,6,1,At Risk
13774,2011-09-19 12:06:00,2011-09-19 12:06:00,1,345.0,192,82,82,345.0,0.3711890243902439,1535.6707317073171,1535.6707317073171,2,1,2,5,2,Loyal Customers
14633,2011-03-18 17:07:00,2011-03-18 17:07:00,1,344.90000000000003,96,266,266,344.90000000000003,0.11442669172932331,473.265037593985,473.265037593985,1,1,2,4,1,At Risk
16978,2011-09-23 12:50:00,2011-09-23 12:50:00,1,344.33,166,78,78,344.33,0.39022435897435903,1611.2878205128204,1611.2878205128204,2,2,2,6,2,Loyal Customers
17569,2011-01-11 14:15:00,2011-01-11 14:15:00,1,344.14,159,332,332,344.14,0.09167921686746988,378.3466867469879,378.3466867469879,1,2,2,5,1,At Risk
13068,2011-11-29 15:00:00,2011-01-24 08:20:00,2,344.0,200,10,320,172.0,0.190234375,392.375,392.375,5,2,2,9,2,Loyal Customers
15047,2011-03-15 10:49:00,2011-03-15 10:49:00,1,343.62,222,270,270,343.62,0.11273148148148149,464.52333333333337,464.52333333333337,1,1,2,4,1,At Risk
15520,2011-12-08 10:58:00,2011-12-08 10:58:00,1,343.5,314,2,2,343.5,15.21875,62688.75,62688.75,5,1,2,8,2,Loyal Customers
18081,2011-11-03 16:30:00,2011-07-29 11:56:00,3,343.45,195,36,134,114.48333333333333,0.681436567164179,935.5167910447761,935.5167910447761,3,4,2,9,2,Loyal Customers
15880,2010-12-05 13:00:00,2010-12-05 13:00:00,1,343.28000000000003,211,369,369,343.28000000000003,0.08248644986449864,339.5588075880759,339.5588075880759,1,2,2,5,1,At Risk
12875,2011-07-19 15:30:00,2010-12-12 12:03:00,2,343.2300000000001,2019,143,363,171.61500000000004,0.16769972451790632,345.12107438016534,345.12107438016534,2,2,2,6,2,Loyal Customers
17201,2011-10-17 11:55:00,2011-10-17 11:55:00,1,342.63,268,54,54,342.63,0.5636574074074073,2315.9249999999997,2315.9249999999997,3,2,2,7,2,Loyal Customers
16851,2011-12-05 13:32:00,2011-10-19 09:48:00,3,342.45,271,4,52,114.14999999999999,1.7560096153846154,2403.735576923077,2403.735576923077,5,4,2,11,2,Loyal Customers
16826,2011-10-19 14:05:00,2011-10-19 14:05:00,1,341.7,158,51,51,341.7,0.5968137254901961,2445.5,2445.5,3,2,2,7,2,Loyal Customers
13347,2011-09-30 13:28:00,2011-09-30 13:28:00,1,341.36,205,70,70,341.36,0.4348214285714286,1779.9485714285715,1779.9485714285715,3,1,2,6,2,Loyal Customers
17917,2011-10-25 13:20:00,2010-12-12 12:08:00,3,341.28,187,45,363,113.75999999999999,0.2515495867768595,343.1603305785124,343.1603305785124,3,4,2,9,2,Loyal Customers
14491,2011-06-17 15:22:00,2010-12-02 12:10:00,2,340.93,139,175,373,170.465,0.16320375335120643,333.61782841823054,333.61782841823054,2,3,2,7,1,At Risk
12519,2011-10-07 09:26:00,2011-10-07 09:26:00,1,340.84,183,64,64,340.84,0.4755859375,1943.8531249999999,1943.8531249999999,3,1,2,6,2,Loyal Customers
15115,2011-11-21 14:59:00,2011-11-21 14:59:00,1,340.11,157,18,18,340.11,1.6909722222222223,6896.675,6896.675,4,1,2,7,2,Loyal Customers
13737,2011-05-23 16:32:00,2011-05-23 16:32:00,1,339.59999999999997,125,200,200,339.59999999999997,0.1521875,619.77,619.77,1,1,2,4,1,At Risk
17045,2011-08-18 17:09:00,2011-04-06 12:08:00,3,339.44,106,113,248,113.14666666666666,0.36819556451612906,499.57903225806456,499.57903225806456,2,4,2,8,2,Loyal Customers
16545,2011-06-28 10:37:00,2011-06-28 10:37:00,1,339.3,78,165,165,339.3,0.18446969696969695,750.5727272727273,750.5727272727273,2,2,2,6,1,At Risk
17697,2011-04-17 15:40:00,2011-04-17 15:40:00,1,338.95,93,236,236,338.95,0.12897245762711865,524.2235169491526,524.2235169491526,1,2,2,5,1,At Risk
17839,2011-10-28 17:27:00,2011-10-28 17:27:00,1,338.8,285,42,42,338.8,0.7247023809523809,2944.3333333333335,2944.3333333333335,3,2,2,7,2,Loyal Customers
16183,2011-10-03 14:59:00,2011-10-03 14:59:00,1,338.71000000000004,113,67,67,338.71000000000004,0.45429104477611937,1845.211194029851,1845.211194029851,3,2,2,7,2,Loyal Customers
15652,2011-09-09 14:22:00,2011-09-09 14:22:00,1,337.74,208,91,91,337.74,0.334478021978022,1354.6714285714286,1354.6714285714286,2,1,2,5,2,Loyal Customers
15942,2011-07-29 09:01:00,2011-07-29 09:01:00,1,337.44,232,134,134,337.44,0.22714552238805968,919.1462686567164,919.1462686567164,2,2,2,6,2,Loyal Customers
13930,2011-10-13 09:45:00,2011-07-26 11:00:00,2,337.34,274,58,137,168.67,0.44434306569343063,898.7525547445255,898.7525547445255,3,2,2,7,2,Loyal Customers
17973,2011-10-19 10:34:00,2011-10-19 10:34:00,1,337.04,176,52,52,337.04,0.5853365384615384,2365.7615384615387,2365.7615384615387,3,2,2,7,2,Loyal Customers
16105,2011-04-05 10:13:00,2011-04-05 10:13:00,1,336.96,330,249,249,336.96,0.12223895582329318,493.9373493975903,493.9373493975903,1,2,2,5,1,At Risk
17914,2011-12-06 11:58:00,2011-12-06 11:58:00,1,336.43,473,4,4,336.43,7.609375,30699.2375,30699.2375,5,2,2,9,2,Loyal Customers
15619,2011-11-29 08:14:00,2011-11-29 08:14:00,1,336.40000000000003,136,11,11,336.40000000000003,2.767045454545454,11162.363636363638,11162.363636363638,5,1,2,8,2,Loyal Customers
17384,2011-11-20 15:48:00,2011-05-04 16:07:00,2,336.4,88,19,219,168.2,0.2779680365296804,560.6666666666666,560.6666666666666,4,3,2,9,2,Loyal Customers
14954,2011-11-27 14:30:00,2011-11-27 14:30:00,1,336.17,127,12,12,336.17,2.536458333333333,10225.170833333334,10225.170833333334,5,1,2,8,2,Loyal Customers
18078,2011-05-06 14:32:00,2011-03-25 15:08:00,2,336.13,145,217,259,168.065,0.23503861003861,473.6967181467181,473.6967181467181,1,3,2,6,1,At Risk
15921,2011-06-20 11:03:00,2011-06-20 11:03:00,1,336.03000000000003,166,173,173,336.03000000000003,0.1759393063583815,708.9650289017342,708.9650289017342,2,2,2,6,1,At Risk
18276,2011-10-27 10:54:00,2011-10-27 10:54:00,1,335.86,186,44,44,335.86,0.6917613636363635,2786.111363636364,2786.111363636364,3,2,2,7,2,Loyal Customers
14196,2011-08-25 10:25:00,2011-08-25 10:25:00,1,335.52,142,107,107,335.52,0.2844626168224299,1144.5308411214953,1144.5308411214953,2,1,2,5,2,Loyal Customers
16063,2011-03-24 14:56:00,2011-03-24 14:55:00,1,335.32,262,260,260,335.32,0.11706730769230768,470.7376923076923,470.7376923076923,1,2,2,5,1,At Risk
17221,2011-12-02 13:35:00,2011-11-03 17:39:00,2,335.13,288,7,36,167.565,1.6909722222222223,3397.8458333333333,3397.8458333333333,5,3,2,10,2,Loyal Customers
12489,2011-01-07 13:13:00,2011-01-07 13:13:00,1,334.93,105,336,336,334.93,0.09058779761904762,363.8376488095238,363.8376488095238,1,1,2,4,1,At Risk
14988,2011-05-12 12:05:00,2011-05-12 12:05:00,1,334.54,141,212,212,334.54,0.14357311320754718,575.9768867924529,575.9768867924529,1,1,2,4,1,At Risk
15466,2011-09-15 14:08:00,2011-09-15 14:08:00,1,334.53,246,85,85,334.53,0.35808823529411765,1436.5111764705882,1436.5111764705882,2,1,2,5,2,Loyal Customers
12350,2011-02-02 16:01:00,2011-02-02 16:01:00,1,334.4,197,310,310,334.4,0.09818548387096775,393.7290322580645,393.7290322580645,1,1,2,4,1,At Risk
15918,2011-06-02 11:42:00,2011-03-13 15:55:00,2,334.23,153,191,271,167.115,0.2246309963099631,450.16217712177126,450.16217712177126,1,3,2,6,1,At Risk
14264,2011-07-08 10:20:00,2011-04-08 12:20:00,2,333.97,70,155,246,166.985,0.24745934959349591,495.524593495935,495.524593495935,2,3,2,7,2,Loyal Customers
13216,2011-03-17 12:18:00,2011-03-17 12:18:00,1,333.74,297,268,268,333.74,0.11357276119402984,454.53395522388064,454.53395522388064,1,1,2,4,1,At Risk
13727,2011-11-11 09:46:00,2011-11-06 12:16:00,2,333.48,162,29,34,166.74,1.7904411764705883,3580.0058823529416,3580.0058823529416,4,2,2,8,2,Loyal Customers
16625,2011-03-10 12:50:00,2011-03-10 12:50:00,1,333.08,164,275,275,333.08,0.11068181818181819,442.08799999999997,442.08799999999997,1,2,2,5,1,At Risk
14902,2011-11-14 10:34:00,2011-11-14 10:34:00,1,332.66,218,26,26,332.66,1.1706730769230769,4670.034615384616,4670.034615384616,4,1,2,7,2,Loyal Customers
13904,2011-11-02 13:41:00,2011-02-18 11:18:00,2,332.64,332,37,295,166.32,0.20635593220338982,411.57152542372876,411.57152542372876,3,2,2,7,2,Loyal Customers
16850,2011-01-10 11:09:00,2011-01-10 11:09:00,1,332.41,249,334,334,332.41,0.09113023952095808,363.2624251497006,363.2624251497006,1,2,2,5,1,At Risk
16803,2011-10-05 14:28:00,2011-10-05 14:28:00,1,332.3,245,65,65,332.3,0.4682692307692307,1865.9923076923078,1865.9923076923078,3,2,2,7,2,Loyal Customers
16177,2011-10-20 12:57:00,2011-10-20 12:57:00,1,331.95,95,50,50,331.95,0.60875,2423.235,2423.235,3,2,2,7,2,Loyal Customers
16030,2011-02-03 11:28:00,2011-02-03 11:28:00,1,331.24,283,310,310,331.24,0.09818548387096775,390.0083870967742,390.0083870967742,1,2,2,5,1,At Risk
15210,2011-04-28 16:11:00,2011-04-28 16:11:00,1,331.18,228,225,225,331.18,0.13527777777777777,537.2475555555556,537.2475555555556,1,1,2,4,1,At Risk
12891,2011-06-07 12:31:00,2011-02-20 11:28:00,3,331.0,950,186,293,110.33333333333333,0.3116467576791809,412.33788395904435,412.33788395904435,1,3,2,6,1,At Risk
16478,2011-11-14 15:51:00,2011-10-05 12:02:00,3,331.0,224,25,66,110.33333333333333,1.383522727272727,1830.530303030303,1830.530303030303,4,4,2,10,2,Loyal Customers
17862,2011-01-20 12:23:00,2011-01-20 12:23:00,1,330.9,100,324,324,330.9,0.0939429012345679,372.7731481481481,372.7731481481481,1,2,2,5,1,At Risk
15714,2011-11-28 11:26:00,2011-09-23 11:25:00,2,330.88,187,12,78,165.44,0.7804487179487181,1548.3487179487179,1548.3487179487179,5,3,2,10,2,Loyal Customers
13706,2011-02-10 09:21:00,2011-02-10 09:21:00,1,330.79,189,303,303,330.79,0.10045379537953796,398.47640264026404,398.47640264026404,1,1,2,4,1,At Risk
14517,2011-11-06 14:20:00,2011-07-21 11:42:00,2,330.45,91,33,142,165.225,0.42869718309859156,849.3961267605633,849.3961267605633,3,3,2,8,2,Loyal Customers
15130,2011-06-23 10:15:00,2011-06-23 10:15:00,1,330.11,197,170,170,330.11,0.17904411764705883,708.7655882352942,708.7655882352942,2,1,2,5,1,At Risk
16593,2011-10-20 12:41:00,2011-01-16 12:11:00,3,330.03,116,51,328,110.00999999999999,0.2783917682926829,367.258993902439,367.258993902439,3,4,2,9,2,Loyal Customers
12953,2011-11-30 09:24:00,2011-11-30 09:24:00,1,329.85,84,10,10,329.85,3.04375,12039.525000000001,12039.525000000001,5,1,2,8,2,Loyal Customers
14716,2011-10-27 17:29:00,2011-07-14 12:42:00,2,329.68,604,43,149,164.84,0.4085570469798658,807.6053691275167,807.6053691275167,3,3,2,8,2,Loyal Customers
17866,2011-07-20 11:07:00,2011-07-20 11:07:00,1,329.65,174,143,143,329.65,0.21284965034965034,841.4143356643356,841.4143356643356,2,2,2,6,2,Loyal Customers
17615,2011-08-01 14:06:00,2011-05-01 15:33:00,3,329.6,140,130,222,109.86666666666667,0.4113175675675676,541.90990990991,541.90990990991,2,4,2,8,2,Loyal Customers
13239,2011-03-23 10:25:00,2011-03-23 10:25:00,1,329.56,327,262,262,329.56,0.11617366412213741,459.11984732824425,459.11984732824425,1,1,2,4,1,At Risk
17154,2011-09-25 13:42:00,2011-09-25 13:42:00,1,329.34,490,75,75,329.34,0.4058333333333333,1602.7879999999998,1602.7879999999998,2,2,2,6,2,Loyal Customers
15153,2011-11-08 17:09:00,2011-11-08 17:09:00,1,329.25,198,31,31,329.25,0.9818548387096774,3876.6532258064517,3876.6532258064517,4,1,2,7,2,Loyal Customers
14012,2011-03-07 12:26:00,2011-03-07 12:26:00,1,328.8,160,278,278,328.8,0.10948741007194245,431.6978417266187,431.6978417266187,1,1,2,4,1,At Risk
16855,2011-11-16 12:03:00,2011-10-27 16:31:00,2,328.4,164,24,43,164.2,1.4156976744186045,2787.581395348837,2787.581395348837,4,3,2,9,2,Loyal Customers
15213,2011-01-25 12:21:00,2011-01-14 11:05:00,2,328.35,272,319,330,164.175,0.18446969696969695,363.17500000000007,363.17500000000007,1,3,2,6,1,At Risk
14747,2011-04-04 14:09:00,2011-04-04 14:09:00,1,328.2,84,249,249,328.2,0.12223895582329318,481.09638554216866,481.09638554216866,1,1,2,4,1,At Risk
14206,2011-04-14 16:38:00,2011-04-14 16:38:00,1,328.15999999999997,276,239,239,328.15999999999997,0.12735355648535565,501.16485355648535,501.16485355648535,1,1,2,4,1,At Risk
16318,2011-11-04 13:05:00,2011-11-04 13:05:00,1,328.15,199,35,35,328.15,0.8696428571428572,3422.1357142857137,3422.1357142857137,3,2,2,7,2,Loyal Customers
15314,2011-05-24 14:39:00,2011-05-24 14:39:00,1,327.97,313,199,199,327.97,0.15295226130653267,601.553015075377,601.553015075377,1,1,2,4,1,At Risk
14024,2011-08-10 11:30:00,2011-08-07 13:31:00,2,327.7,150,122,124,163.85,0.4909274193548387,964.6008064516129,964.6008064516129,2,3,2,7,2,Loyal Customers
16366,2011-11-21 08:19:00,2011-11-21 08:19:00,1,327.3,256,19,19,327.3,1.6019736842105263,6287.605263157895,6287.605263157895,4,2,2,8,2,Loyal Customers
14870,2011-03-23 10:51:00,2011-03-23 10:51:00,1,327.25,119,262,262,327.25,0.11617366412213741,455.9017175572519,455.9017175572519,1,1,2,4,1,At Risk
16322,2011-12-08 15:41:00,2011-11-03 14:33:00,2,326.75,231,1,36,163.375,1.6909722222222223,3312.8819444444443,3312.8819444444443,5,3,2,10,2,Loyal Customers
17715,2011-05-23 12:32:00,2011-05-23 12:32:00,1,326.4,384,201,201,326.4,0.15143034825870647,592.7164179104477,592.7164179104477,1,2,2,5,1,At Risk
14987,2011-11-24 09:59:00,2010-12-09 12:13:00,2,326.4,128,16,366,163.2,0.16632513661202186,325.50819672131144,325.50819672131144,4,3,2,9,2,Loyal Customers
16071,2011-10-26 11:14:00,2011-10-26 11:14:00,1,326.24,180,45,45,326.24,0.6763888888888889,2646.168888888889,2646.168888888889,3,2,2,7,2,Loyal Customers
15363,2010-12-02 12:28:00,2010-12-02 12:28:00,1,326.0,144,373,373,326.0,0.08160187667560322,319.0080428954424,319.0080428954424,1,1,2,4,1,At Risk
12844,2011-11-10 13:31:00,2011-08-01 13:11:00,2,325.96000000000004,125,29,130,162.98000000000002,0.4682692307692307,915.1953846153847,915.1953846153847,4,2,2,8,2,Loyal Customers
16830,2011-11-01 11:35:00,2011-11-01 11:35:00,1,325.91,264,39,39,325.91,0.7804487179487181,3050.1833333333334,3050.1833333333334,3,2,2,7,2,Loyal Customers
14850,2011-02-01 11:21:00,2011-02-01 11:21:00,1,325.75,293,312,312,325.75,0.09755608974358976,381.0857371794872,381.0857371794872,1,1,2,4,1,At Risk
15944,2011-03-08 10:33:00,2011-03-08 10:33:00,1,325.1,50,277,277,325.1,0.1098826714801444,428.38086642599285,428.38086642599285,1,2,2,5,1,At Risk
12790,2011-05-31 14:14:00,2011-05-31 14:14:00,1,324.92,166,192,192,324.92,0.15852864583333331,617.6864583333333,617.6864583333333,1,1,2,4,1,At Risk
13801,2011-10-04 10:15:00,2011-10-04 10:15:00,1,324.8,168,67,67,324.8,0.45429104477611937,1769.4328358208954,1769.4328358208954,3,1,2,6,2,Loyal Customers
15597,2011-11-04 13:26:00,2011-11-04 13:26:00,1,324.57,279,35,35,324.57,0.8696428571428572,3384.8014285714285,3384.8014285714285,3,1,2,6,2,Loyal Customers
18261,2011-10-27 15:36:00,2011-09-05 09:34:00,2,324.24,146,43,96,162.12,0.6341145833333333,1232.7875000000001,1232.7875000000001,3,3,2,8,2,Loyal Customers
16685,2011-10-09 13:58:00,2011-10-09 13:44:00,2,324.24,396,61,61,162.12,0.9979508196721312,1940.1245901639345,1940.1245901639345,3,3,2,8,2,Loyal Customers
14555,2011-10-13 16:24:00,2011-02-10 17:19:00,2,324.14,130,57,302,162.07,0.20157284768211922,391.75860927152314,391.75860927152314,3,3,2,8,2,Loyal Customers
15675,2011-09-19 13:48:00,2011-03-04 14:21:00,3,323.69,527,81,280,107.89666666666666,0.32611607142857146,421.95303571428576,421.95303571428576,2,3,2,7,2,Loyal Customers
17793,2011-11-14 14:24:00,2011-11-14 14:24:00,1,323.04,232,25,25,323.04,1.2175,4716.384,4716.384,4,2,2,8,2,Loyal Customers
16739,2011-06-16 09:17:00,2011-06-16 09:17:00,1,323.0,172,177,177,323.0,0.1719632768361582,666.0734463276837,666.0734463276837,2,2,2,6,1,At Risk
13955,2011-07-08 17:19:00,2011-02-07 12:24:00,2,322.96,154,154,306,161.48,0.19893790849673204,385.2300653594771,385.2300653594771,2,3,2,7,2,Loyal Customers
16627,2011-09-21 14:38:00,2011-09-21 14:38:00,1,322.8,162,79,79,322.8,0.3852848101265823,1491.4177215189873,1491.4177215189873,2,2,2,6,2,Loyal Customers
16342,2011-09-25 14:36:00,2011-06-13 10:10:00,4,322.41,157,75,180,80.6025,0.6763888888888889,653.7758333333334,653.7758333333334,2,4,2,8,2,Loyal Customers
14424,2011-11-22 11:48:00,2011-11-22 11:48:00,1,322.08,48,18,18,322.08,1.6909722222222223,6531.066666666667,6531.066666666667,4,1,2,7,2,Loyal Customers
15224,2010-12-16 15:02:00,2010-12-12 12:34:00,2,322.08,152,358,363,161.04,0.16769972451790632,323.8545454545455,323.8545454545455,1,3,2,6,1,At Risk
14484,2011-10-20 14:11:00,2011-10-20 14:11:00,1,321.92,210,50,50,321.92,0.60875,2350.016,2350.016,3,1,2,6,2,Loyal Customers
14823,2011-06-12 13:12:00,2011-05-29 12:48:00,3,321.43,88,180,195,107.14333333333333,0.46826923076923077,601.6510256410256,601.6510256410256,1,3,2,6,1,At Risk
15236,2011-02-14 10:52:00,2011-02-14 10:52:00,1,321.05,269,299,299,321.05,0.10179765886287624,391.91722408026754,391.91722408026754,1,1,2,4,1,At Risk
18117,2011-11-14 12:47:00,2011-11-14 12:47:00,1,320.72,618,26,26,320.72,1.1706730769230769,4502.415384615385,4502.415384615385,4,2,2,8,2,Loyal Customers
16096,2011-03-20 13:38:00,2011-03-20 13:38:00,1,320.62,155,264,264,320.62,0.1152935606060606,443.2814393939394,443.2814393939394,1,2,2,5,1,At Risk
14622,2011-06-08 12:42:00,2011-06-08 12:42:00,1,320.58000000000004,146,185,185,320.58000000000004,0.164527027027027,632.4956756756758,632.4956756756758,1,1,2,4,1,At Risk
13986,2011-11-22 15:00:00,2011-11-22 15:00:00,1,320.46,430,17,17,320.46,1.7904411764705883,6880.464705882353,6880.464705882353,4,1,2,7,2,Loyal Customers
16674,2011-10-16 11:31:00,2011-09-02 13:59:00,2,319.61,188,55,98,159.805,0.6211734693877551,1190.3841836734696,1190.3841836734696,3,3,2,8,2,Loyal Customers
15107,2011-02-01 14:46:00,2010-12-02 13:45:00,6,319.5,169,311,372,53.25,0.4909274193548387,313.48790322580646,313.48790322580646,1,5,2,8,1,At Risk
16967,2011-06-03 14:24:00,2011-06-03 14:24:00,1,319.02,333,189,189,319.02,0.16104497354497355,616.0968253968254,616.0968253968254,1,2,2,5,1,At Risk
17157,2011-12-02 09:10:00,2011-06-16 15:08:00,2,319.0,172,8,176,159.5,0.34588068181818177,661.5625,661.5625,5,3,2,10,2,Loyal Customers
17229,2011-09-04 13:56:00,2011-07-20 12:38:00,2,318.76,185,96,143,159.38,0.4256993006993007,813.6181818181818,813.6181818181818,2,3,2,7,2,Loyal Customers
17248,2011-08-11 13:34:00,2011-08-11 13:34:00,1,318.65,213,120,120,318.65,0.25364583333333335,969.2270833333332,969.2270833333332,2,2,2,6,2,Loyal Customers
14703,2011-11-25 09:23:00,2011-11-25 09:23:00,1,318.17,183,15,15,318.17,2.029166666666667,7742.136666666667,7742.136666666667,4,1,2,7,2,Loyal Customers
12648,2011-07-08 11:55:00,2011-07-08 11:55:00,1,318.05,160,155,155,318.05,0.1963709677419355,748.9564516129033,748.9564516129033,2,1,2,5,1,At Risk
18066,2011-09-25 15:30:00,2011-09-25 15:30:00,1,318.0,108,75,75,318.0,0.4058333333333333,1547.6,1547.6,2,2,2,6,2,Loyal Customers
17172,2011-09-22 09:36:00,2011-09-22 09:36:00,1,317.76,480,79,79,317.76,0.3852848101265823,1468.13164556962,1468.13164556962,2,2,2,6,2,Loyal Customers
17267,2011-08-04 17:22:00,2011-08-04 17:19:00,2,317.62,159,127,127,158.81,0.47933070866141736,912.8448818897638,912.8448818897638,2,3,2,7,2,Loyal Customers
15101,2011-12-01 10:18:00,2010-12-15 12:54:00,2,317.53,241,9,359,158.765,0.16956824512534818,322.8369080779944,322.8369080779944,5,3,2,10,2,Loyal Customers
16386,2011-11-11 12:28:00,2011-03-31 12:19:00,2,317.2,224,29,254,158.6,0.23966535433070868,455.81889763779526,455.81889763779526,4,3,2,9,2,Loyal Customers
15257,2011-03-01 12:58:00,2011-03-01 12:58:00,1,317.15,46,283,283,317.15,0.1075530035335689,409.0450530035335,409.0450530035335,1,1,2,4,1,At Risk
15385,2011-10-30 15:11:00,2011-10-30 15:11:00,1,316.88,161,40,40,316.88,0.7609375,2891.5299999999997,2891.5299999999997,3,1,2,6,2,Loyal Customers
15243,2011-09-26 14:12:00,2011-09-26 14:12:00,1,316.68,185,74,74,316.68,0.41131756756756754,1562.0027027027027,1562.0027027027027,2,1,2,5,2,Loyal Customers
16761,2011-09-04 11:15:00,2011-09-04 11:15:00,1,316.62,341,97,97,316.62,0.31378865979381443,1191.4051546391752,1191.4051546391752,2,2,2,6,2,Loyal Customers
15204,2010-12-17 13:49:00,2010-12-17 13:49:00,1,316.58,258,357,357,316.58,0.08525910364145657,323.67422969187675,323.67422969187675,1,1,2,4,1,At Risk
17458,2011-11-24 13:01:00,2011-11-24 13:01:00,1,316.5,170,15,15,316.5,2.029166666666667,7701.5,7701.5,4,2,2,8,2,Loyal Customers
13494,2011-02-01 11:58:00,2011-02-01 11:58:00,1,316.26000000000005,162,312,312,316.26000000000005,0.09755608974358976,369.9836538461539,369.9836538461539,1,1,2,4,1,At Risk
14479,2011-03-31 09:07:00,2010-12-09 12:59:00,2,316.25,117,254,365,158.125,0.16678082191780824,316.25,316.25,1,3,2,6,1,At Risk
16473,2011-06-28 09:10:00,2011-01-07 10:55:00,3,316.11,196,165,337,105.37,0.27095697329376855,342.37433234421366,342.37433234421366,2,4,2,8,1,At Risk
12614,2011-03-07 10:22:00,2011-03-07 10:22:00,1,315.6,76,278,278,315.6,0.10948741007194245,414.3669064748202,414.3669064748202,1,1,2,4,1,At Risk
15766,2011-10-06 17:03:00,2011-10-06 17:03:00,1,315.06,170,64,64,315.06,0.4755859375,1796.8265625,1796.8265625,3,2,2,7,2,Loyal Customers
16091,2011-07-08 08:45:00,2011-05-25 09:18:00,2,315.06,154,155,199,157.53,0.30590452261306533,577.8738693467336,577.8738693467336,2,3,2,7,2,Loyal Customers
17237,2011-11-28 15:02:00,2011-11-17 12:55:00,2,314.69,105,11,22,157.345,2.767045454545454,5220.993181818182,5220.993181818182,5,3,2,10,2,Loyal Customers
16193,2011-04-17 11:45:00,2011-04-17 11:45:00,1,314.45,219,237,237,314.45,0.1284282700421941,484.2795358649789,484.2795358649789,1,2,2,5,1,At Risk
12650,2011-12-06 16:34:00,2011-12-06 16:34:00,1,314.44,254,3,3,314.44,10.145833333333332,38256.86666666667,38256.86666666667,5,1,2,8,2,Loyal Customers
16227,2011-04-28 13:33:00,2011-04-28 13:33:00,1,314.22,90,225,225,314.22,0.13527777777777777,509.73466666666667,509.73466666666667,1,2,2,5,1,At Risk
15970,2011-02-09 12:08:00,2011-02-09 12:08:00,1,314.1,116,304,304,314.1,0.1001233552631579,377.12664473684214,377.12664473684214,1,2,2,5,1,At Risk
13484,2011-04-12 16:30:00,2011-04-12 16:30:00,1,313.8,44,241,241,313.8,0.1262966804979253,475.2572614107884,475.2572614107884,1,1,2,4,1,At Risk
16582,2011-08-18 17:02:00,2011-08-18 17:02:00,1,313.62,164,113,113,313.62,0.26935840707964603,1013.0203539823009,1013.0203539823009,2,2,2,6,2,Loyal Customers
14729,2010-12-01 12:43:00,2010-12-01 12:43:00,1,313.49,197,374,374,313.49,0.0813836898395722,305.9461229946524,305.9461229946524,1,1,2,4,1,At Risk
13845,2011-10-06 08:25:00,2011-10-06 08:25:00,1,312.98,182,65,65,312.98,0.4682692307692307,1757.503076923077,1757.503076923077,3,1,2,6,2,Loyal Customers
15318,2011-12-06 11:30:00,2011-12-06 11:30:00,1,312.62,642,4,4,312.62,7.609375,28526.575,28526.575,5,1,2,8,2,Loyal Customers
12834,2011-03-02 09:49:00,2011-03-02 09:49:00,1,312.38,110,283,283,312.38,0.1075530035335689,402.8929328621908,402.8929328621908,1,1,2,4,1,At Risk
17362,2011-04-14 14:43:00,2011-02-03 10:26:00,2,312.23,191,239,310,156.115,0.1963709677419355,367.6256451612904,367.6256451612904,1,3,2,6,1,At Risk
17070,2011-08-17 17:01:00,2011-08-17 17:01:00,1,312.14,133,114,114,312.14,0.2669956140350877,999.3956140350876,999.3956140350876,2,2,2,6,2,Loyal Customers
12785,2010-12-10 13:48:00,2010-12-10 13:48:00,1,311.95,131,364,364,311.95,0.0836195054945055,312.8070054945055,312.8070054945055,1,1,2,4,1,At Risk
16450,2011-07-13 11:47:00,2011-07-13 11:47:00,1,311.92,200,150,150,311.92,0.20291666666666666,759.0053333333334,759.0053333333334,2,2,2,6,1,At Risk
14142,2010-12-01 16:33:00,2010-12-01 16:33:00,1,311.81,313,373,373,311.81,0.08160187667560322,305.1223860589812,305.1223860589812,1,1,2,4,1,At Risk
15326,2011-01-10 11:38:00,2011-01-10 11:38:00,1,311.71,386,334,334,311.71,0.09113023952095808,340.64116766467066,340.64116766467066,1,1,2,4,1,At Risk
14951,2011-09-21 15:15:00,2011-09-21 15:15:00,1,311.69,311,79,79,311.69,0.3852848101265823,1440.0867088607595,1440.0867088607595,2,1,2,5,2,Loyal Customers
14327,2011-06-29 13:58:00,2011-06-29 13:58:00,1,311.65,139,163,163,311.65,0.1867331288343558,697.8665644171779,697.8665644171779,2,1,2,5,1,At Risk
12852,2011-02-18 08:47:00,2011-02-18 08:47:00,1,311.55,149,295,295,311.55,0.10317796610169491,385.4771186440678,385.4771186440678,1,1,2,4,1,At Risk
13990,2011-05-10 15:19:00,2011-05-10 15:19:00,1,311.3,190,213,213,311.3,0.14289906103286384,533.4483568075117,533.4483568075117,1,1,2,4,1,At Risk
17854,2011-06-07 16:21:00,2011-04-26 16:53:00,2,311.26,84,185,227,155.63,0.2681718061674009,500.484140969163,500.484140969163,1,3,2,6,1,At Risk
16781,2010-12-02 14:26:00,2010-12-02 14:26:00,1,311.25,113,372,372,311.25,0.08182123655913978,305.3931451612903,305.3931451612903,1,2,2,5,1,At Risk
13897,2011-10-20 14:30:00,2011-10-20 14:30:00,1,311.16,200,50,50,311.16,0.60875,2271.4680000000003,2271.4680000000003,3,1,2,6,2,Loyal Customers
17912,2011-02-02 14:25:00,2010-12-10 11:11:00,5,311.01,185,310,365,62.202,0.4169520547945206,311.01,311.01,1,4,2,7,1,At Risk
17266,2011-12-07 14:12:00,2011-07-15 11:57:00,3,310.64,161,2,148,103.54666666666667,0.6169763513513513,766.1054054054053,766.1054054054053,5,4,2,11,2,Loyal Customers
15185,2011-09-30 14:06:00,2011-09-30 14:06:00,1,310.62,666,70,70,310.62,0.4348214285714286,1619.6614285714286,1619.6614285714286,3,1,2,6,2,Loyal Customers
15308,2011-03-10 13:08:00,2011-03-10 13:08:00,1,310.47,175,274,274,310.47,0.11108576642335766,413.582299270073,413.582299270073,1,1,2,4,1,At Risk
14311,2011-04-11 10:14:00,2011-04-11 10:14:00,1,310.26,146,243,243,310.26,0.12525720164609053,466.02839506172836,466.02839506172836,1,1,2,4,1,At Risk
14924,2011-04-08 09:25:00,2011-04-08 09:25:00,1,310.05,64,246,246,310.05,0.12372967479674796,460.0335365853659,460.0335365853659,1,1,2,4,1,At Risk
15661,2011-01-26 13:56:00,2011-01-05 12:32:00,2,309.8,236,317,339,154.9,0.17957227138643067,333.5604719764012,333.5604719764012,1,3,2,6,1,At Risk
15699,2011-11-22 08:26:00,2011-11-22 08:26:00,1,309.65,113,18,18,309.65,1.6909722222222223,6279.013888888888,6279.013888888888,4,1,2,7,2,Loyal Customers
16810,2011-05-31 15:32:00,2011-05-31 15:32:00,1,309.54,114,192,192,309.54,0.15852864583333331,588.4484375000001,588.4484375000001,1,2,2,5,1,At Risk
14339,2011-04-11 11:06:00,2011-04-11 11:06:00,1,309.52,168,243,243,309.52,0.12525720164609053,464.9168724279835,464.9168724279835,1,1,2,4,1,At Risk
14847,2011-07-14 10:52:00,2011-07-14 10:52:00,1,309.4,120,149,149,309.4,0.2042785234899329,757.9261744966442,757.9261744966442,2,1,2,5,1,At Risk
17604,2011-05-06 13:43:00,2011-01-31 15:09:00,2,309.36,169,217,312,154.68,0.19511217948717952,361.9115384615385,361.9115384615385,1,3,2,6,1,At Risk
12884,2011-09-12 13:10:00,2011-09-12 13:10:00,1,309.05,43,88,88,309.05,0.34588068181818177,1281.8551136363637,1281.8551136363637,2,1,2,5,2,Loyal Customers
13787,2011-09-25 12:06:00,2010-12-10 14:45:00,2,309.04,337,76,364,154.52,0.167239010989011,309.889010989011,309.889010989011,2,2,2,6,2,Loyal Customers
15010,2011-11-04 12:42:00,2011-11-04 12:42:00,1,308.94,184,36,36,308.94,0.8454861111111112,3132.3083333333334,3132.3083333333334,3,1,2,6,2,Loyal Customers
16956,2011-11-22 08:56:00,2011-11-22 08:56:00,1,308.74,114,18,18,308.74,1.6909722222222223,6260.561111111111,6260.561111111111,4,2,2,8,2,Loyal Customers
13699,2011-07-07 16:51:00,2011-07-07 16:51:00,1,308.58000000000004,66,155,155,308.58000000000004,0.1963709677419355,726.6561290322581,726.6561290322581,2,1,2,5,1,At Risk
17510,2011-11-15 10:00:00,2011-11-15 10:00:00,1,308.48,214,25,25,308.48,1.2175,4503.808000000001,4503.808000000001,4,2,2,8,2,Loyal Customers
13369,2010-12-09 11:30:00,2010-12-09 11:30:00,1,308.28000000000003,149,366,366,308.28000000000003,0.08316256830601093,307.4377049180328,307.4377049180328,1,1,2,4,1,At Risk
13466,2011-06-08 16:39:00,2011-06-08 16:39:00,1,307.9,259,184,184,307.9,0.16542119565217392,610.7798913043478,610.7798913043478,1,1,2,4,1,At Risk
15973,2010-12-08 11:42:00,2010-12-08 11:42:00,1,307.82000000000005,106,367,367,307.82000000000005,0.08293596730245231,306.14250681198916,306.14250681198916,1,2,2,5,1,At Risk
16123,2011-10-19 09:18:00,2011-10-19 09:18:00,1,307.78,170,52,52,307.78,0.5853365384615384,2160.378846153846,2160.378846153846,3,2,2,7,2,Loyal Customers
13529,2011-09-22 09:15:00,2011-05-19 11:50:00,2,307.76,74,79,205,153.88,0.2969512195121951,547.9629268292682,547.9629268292682,2,2,2,6,2,Loyal Customers
13395,2011-06-07 15:04:00,2011-06-07 15:04:00,1,307.72,336,185,185,307.72,0.164527027027027,607.1232432432432,607.1232432432432,1,1,2,4,1,At Risk
13060,2011-03-31 11:37:00,2011-03-31 11:37:00,1,307.53,123,254,254,307.53,0.11983267716535434,441.923031496063,441.923031496063,1,1,2,4,1,At Risk
14915,2011-09-09 13:34:00,2011-03-07 09:39:00,2,307.48,112,91,278,153.74,0.2189748201438849,403.70575539568347,403.70575539568347,2,3,2,7,2,Loyal Customers
17120,2011-04-20 15:21:00,2011-04-20 15:21:00,1,307.46,120,233,233,307.46,0.13063304721030045,481.64334763948494,481.64334763948494,1,2,2,5,1,At Risk
13932,2011-02-18 12:02:00,2011-02-18 12:02:00,1,307.4,72,295,295,307.4,0.10317796610169491,380.34237288135586,380.34237288135586,1,1,2,4,1,At Risk
13142,2011-11-20 16:07:00,2011-11-20 16:07:00,1,307.09,258,19,19,307.09,1.6019736842105263,5899.360526315789,5899.360526315789,4,1,2,7,2,Loyal Customers
17334,2011-02-10 14:59:00,2011-02-04 09:03:00,2,307.02,315,302,309,153.51,0.1970064724919094,362.66116504854364,362.66116504854364,1,3,2,6,1,At Risk
15087,2011-03-03 10:34:00,2011-03-03 10:34:00,1,306.94,470,282,282,306.94,0.10793439716312056,397.28049645390075,397.28049645390075,1,1,2,4,1,At Risk
17551,2010-12-15 14:12:00,2010-12-15 14:12:00,1,306.84,150,359,359,306.84,0.08478412256267409,311.9682451253482,311.9682451253482,1,2,2,5,1,At Risk
13762,2011-05-05 09:15:00,2011-05-05 09:15:00,1,306.72,272,219,219,306.72,0.1389840182648402,511.2,511.2,1,1,2,4,1,At Risk
16668,2011-11-24 17:43:00,2011-02-28 12:46:00,6,306.71999999999997,318,15,285,51.12,0.6407894736842106,392.8168421052631,392.8168421052631,4,5,2,11,2,Loyal Customers
13718,2011-04-07 13:24:00,2011-02-17 11:58:00,2,306.55,173,246,296,153.275,0.20565878378378377,378.0092905405405,378.0092905405405,1,2,2,5,1,At Risk
18059,2011-11-16 16:49:00,2011-10-03 09:30:00,3,306.46,258,23,68,102.15333333333332,1.3428308823529413,1644.9691176470587,1644.9691176470587,4,4,2,10,2,Loyal Customers
15659,2011-10-27 09:23:00,2011-10-27 09:23:00,1,306.45,111,44,44,306.45,0.6917613636363635,2542.1420454545455,2542.1420454545455,3,1,2,6,2,Loyal Customers
17176,2011-05-22 12:41:00,2011-05-22 12:41:00,1,306.13,170,202,202,306.13,0.15068069306930693,553.155693069307,553.155693069307,1,2,2,5,1,At Risk
13863,2011-04-06 10:20:00,2011-04-06 10:20:00,1,305.78,224,248,248,305.78,0.12273185483870967,450.03911290322577,450.03911290322577,1,1,2,4,1,At Risk
15219,2011-06-16 16:57:00,2011-06-16 16:57:00,1,305.75,45,176,176,305.75,0.17294034090909088,634.0838068181819,634.0838068181819,2,1,2,5,1,At Risk
16796,2011-09-11 14:01:00,2011-09-11 14:01:00,1,305.62,186,89,89,305.62,0.34199438202247195,1253.385393258427,1253.385393258427,2,2,2,6,2,Loyal Customers
16181,2011-09-27 13:38:00,2011-09-27 13:38:00,1,305.54,152,73,73,305.54,0.4169520547945205,1527.7,1527.7,2,2,2,6,2,Loyal Customers
18220,2011-04-27 09:03:00,2011-04-27 09:03:00,1,305.28000000000003,288,227,227,305.28000000000003,0.13408590308370044,490.8687224669604,490.8687224669604,1,2,2,5,1,At Risk
13045,2011-09-01 15:04:00,2011-09-01 15:04:00,1,305.28000000000003,221,99,99,305.28000000000003,0.307449494949495,1125.527272727273,1125.527272727273,2,1,2,5,2,Loyal Customers
12623,2011-03-08 13:50:00,2011-03-08 13:50:00,1,305.1,191,276,276,305.1,0.11028079710144928,403.483695652174,403.483695652174,1,1,2,4,1,At Risk
13667,2011-07-13 15:42:00,2011-07-13 15:42:00,1,305.02,154,149,149,305.02,0.2042785234899329,747.1966442953019,747.1966442953019,2,1,2,5,1,At Risk
17941,2011-08-01 08:30:00,2011-08-01 08:30:00,1,304.56,252,131,131,304.56,0.23234732824427481,848.5832061068702,848.5832061068702,2,2,2,6,2,Loyal Customers
15163,2011-11-21 13:10:00,2011-05-31 15:22:00,2,304.47,186,18,192,152.235,0.31705729166666663,578.81015625,578.81015625,4,3,2,9,2,Loyal Customers
18185,2011-04-04 13:42:00,2011-04-04 13:42:00,1,304.25,183,249,249,304.25,0.12223895582329318,445.98895582329317,445.98895582329317,1,2,2,5,1,At Risk
16217,2011-04-18 13:31:00,2011-03-02 15:28:00,2,304.25,91,235,282,152.125,0.21586879432624112,393.7987588652482,393.7987588652482,1,3,2,6,1,At Risk
17732,2010-12-02 09:29:00,2010-12-02 09:29:00,1,303.97,93,373,373,303.97,0.08160187667560322,297.4505361930295,297.4505361930295,1,2,2,5,1,At Risk
16400,2011-09-06 12:27:00,2011-09-06 12:27:00,1,303.93,172,95,95,303.93,0.32039473684210523,1167.731052631579,1167.731052631579,2,2,2,6,2,Loyal Customers
13083,2011-12-05 15:01:00,2011-09-25 10:46:00,2,303.75,187,4,76,151.875,0.8009868421052632,1458.7993421052631,1458.7993421052631,5,2,2,9,2,Loyal Customers
17433,2011-09-12 14:24:00,2011-09-12 14:24:00,1,303.15999999999997,185,88,88,303.15999999999997,0.34588068181818177,1257.425,1257.425,2,2,2,6,2,Loyal Customers
15060,2011-12-01 13:47:00,2011-11-30 14:03:00,4,303.09,263,8,9,75.7725,13.527777777777779,12291.983333333332,12291.983333333332,5,4,2,11,2,Loyal Customers
16425,2011-02-10 14:30:00,2011-02-10 14:30:00,1,302.7,199,302,302,302.7,0.10078642384105961,365.8460264900662,365.8460264900662,1,2,2,5,1,At Risk
14248,2011-01-25 14:45:00,2011-01-25 14:45:00,1,302.58,102,318,318,302.58,0.09571540880503145,347.3009433962264,347.3009433962264,1,1,2,4,1,At Risk
18165,2011-06-15 13:23:00,2011-06-15 13:23:00,1,302.46000000000004,254,177,177,302.46000000000004,0.1719632768361582,623.7169491525424,623.7169491525424,2,2,2,6,1,At Risk
16104,2011-10-09 10:23:00,2011-10-09 10:23:00,1,302.36,123,62,62,302.36,0.4909274193548387,1780.0225806451615,1780.0225806451615,3,2,2,7,2,Loyal Customers
16292,2011-08-10 12:24:00,2011-08-10 12:24:00,1,302.25,191,122,122,302.25,0.2494877049180328,904.2725409836065,904.2725409836065,2,2,2,6,2,Loyal Customers
17506,2011-09-25 11:39:00,2011-09-25 11:39:00,1,302.2,139,76,76,302.2,0.4004934210526316,1451.3552631578948,1451.3552631578948,2,2,2,6,2,Loyal Customers
15054,2011-11-27 15:02:00,2011-10-30 14:33:00,2,302.1,198,12,40,151.05,1.521875,2756.6625000000004,2756.6625000000004,5,3,2,10,2,Loyal Customers
17094,2011-01-21 13:09:00,2011-01-21 13:09:00,1,302.0,152,322,322,302.0,0.09452639751552795,342.32919254658384,342.32919254658384,1,2,2,5,1,At Risk
16297,2011-03-16 08:29:00,2011-03-16 08:29:00,1,301.9,206,269,269,301.9,0.11315055762081784,409.6412639405204,409.6412639405204,1,2,2,5,1,At Risk
16715,2011-09-22 18:15:00,2011-09-22 18:15:00,1,301.71999999999997,642,78,78,301.71999999999997,0.39022435897435903,1411.8948717948717,1411.8948717948717,2,2,2,6,2,Loyal Customers
15667,2011-10-31 10:56:00,2011-10-31 10:56:00,1,301.32,240,40,40,301.32,0.7609375,2749.545,2749.545,3,1,2,6,2,Loyal Customers
15148,2011-11-29 08:21:00,2011-11-29 08:21:00,1,301.29,187,11,11,301.29,2.767045454545454,9997.35,9997.35,5,1,2,8,2,Loyal Customers
15623,2011-07-21 17:26:00,2011-07-21 17:26:00,1,301.03,125,141,141,301.03,0.21586879432624112,779.2620567375886,779.2620567375886,2,1,2,5,2,Loyal Customers
13479,2011-05-23 10:45:00,2011-04-19 11:27:00,2,300.95,134,201,235,150.475,0.2590425531914894,467.43297872340423,467.43297872340423,1,2,2,5,1,At Risk
17978,2010-12-09 14:05:00,2010-12-09 14:05:00,1,300.91999999999996,499,365,365,300.91999999999996,0.08339041095890412,300.91999999999996,300.91999999999996,1,2,2,5,1,At Risk
16430,2011-10-13 14:47:00,2011-10-13 14:47:00,1,300.85,103,57,57,300.85,0.5339912280701754,1926.495614035088,1926.495614035088,3,2,2,7,2,Loyal Customers
16479,2011-11-29 13:40:00,2011-11-29 13:04:00,2,300.83,102,10,10,150.415,6.0875,10980.295,10980.295,5,3,2,10,2,Loyal Customers
14762,2011-03-21 08:20:00,2011-03-21 08:20:00,1,300.52,341,264,264,300.52,0.1152935606060606,415.4916666666666,415.4916666666666,1,1,2,4,1,At Risk
13304,2010-12-23 14:35:00,2010-12-23 14:35:00,1,300.42,238,351,351,300.42,0.08671652421652422,312.4025641025641,312.4025641025641,1,1,2,4,1,At Risk
15254,2011-08-04 15:04:00,2011-08-04 15:04:00,1,300.36,275,127,127,300.36,0.23966535433070868,863.2393700787402,863.2393700787402,2,1,2,5,2,Loyal Customers
13745,2011-06-30 16:43:00,2011-06-30 16:43:00,1,300.04,496,162,162,300.04,0.1878858024691358,676.0160493827161,676.0160493827161,2,1,2,5,1,At Risk
18053,2011-09-30 09:05:00,2011-09-30 09:05:00,1,300.02,302,71,71,300.02,0.42869718309859156,1542.356338028169,1542.356338028169,3,2,2,7,2,Loyal Customers
16402,2011-03-20 12:25:00,2010-12-05 13:42:00,2,299.6,149,265,369,149.8,0.16497289972899729,296.3523035230353,296.3523035230353,1,3,2,6,1,At Risk
18215,2011-09-11 16:05:00,2011-09-11 16:05:00,1,299.34000000000003,118,89,89,299.34000000000003,0.34199438202247195,1227.6303370786518,1227.6303370786518,2,2,2,6,2,Loyal Customers
17124,2011-06-07 14:02:00,2011-06-07 14:02:00,1,298.89,130,185,185,298.89,0.164527027027027,589.7018918918918,589.7018918918918,1,2,2,5,1,At Risk
15609,2011-06-08 13:00:00,2011-06-08 13:00:00,1,298.48,148,184,184,298.48,0.16542119565217392,592.0934782608696,592.0934782608696,1,1,2,4,1,At Risk
17255,2011-10-30 12:18:00,2011-02-13 15:18:00,2,298.41,232,41,299,149.205,0.20359531772575248,364.27976588628763,364.27976588628763,3,3,2,8,2,Loyal Customers
17824,2011-10-19 14:14:00,2011-10-19 14:14:00,1,298.4,408,51,51,298.4,0.5968137254901961,2135.607843137255,2135.607843137255,3,2,2,7,2,Loyal Customers
17678,2011-03-21 11:52:00,2011-03-21 11:52:00,1,298.11,207,264,264,298.11,0.1152935606060606,412.15965909090914,412.15965909090914,1,2,2,5,1,At Risk
12881,2011-03-09 11:44:00,2011-03-09 11:44:00,1,298.0,21,276,276,298.0,0.11028079710144928,394.09420289855075,394.09420289855075,1,1,2,4,1,At Risk
15857,2011-11-21 12:18:00,2011-11-21 12:18:00,1,297.0,308,19,19,297.0,1.6019736842105263,5705.526315789473,5705.526315789473,4,2,2,8,2,Loyal Customers
13708,2011-03-13 13:46:00,2011-03-13 13:46:00,1,296.88,306,271,271,296.88,0.11231549815498156,399.85682656826566,399.85682656826566,1,1,2,4,1,At Risk
14985,2011-05-25 14:29:00,2010-12-16 19:51:00,2,296.75,260,198,358,148.375,0.17004189944134077,302.55237430167597,302.55237430167597,1,3,2,6,1,At Risk
17531,2011-06-02 19:17:00,2011-06-02 19:17:00,1,296.7,136,190,190,296.7,0.16019736842105262,569.9763157894737,569.9763157894737,1,2,2,5,1,At Risk
13441,2011-09-09 09:38:00,2011-09-09 09:38:00,1,296.64,204,92,92,296.64,0.33084239130434784,1176.886956521739,1176.886956521739,2,1,2,5,2,Loyal Customers
15154,2011-09-25 16:05:00,2011-09-25 16:05:00,1,296.42,104,75,75,296.42,0.4058333333333333,1442.5773333333334,1442.5773333333334,2,1,2,5,2,Loyal Customers
13751,2011-02-24 15:56:00,2011-02-24 15:56:00,1,296.25,152,288,288,296.25,0.1056857638888889,375.4557291666667,375.4557291666667,1,1,2,4,1,At Risk
13504,2011-10-06 13:20:00,2011-10-06 13:20:00,1,295.93,178,64,64,295.93,0.4755859375,1687.72578125,1687.72578125,3,1,2,6,2,Loyal Customers
16998,2011-07-13 09:44:00,2011-02-08 15:42:00,4,295.0,76,150,304,73.75,0.4004934210526316,354.19407894736844,354.19407894736844,2,4,2,8,2,Loyal Customers
13573,2011-10-20 14:33:00,2011-03-31 14:47:00,2,294.4,303,50,253,147.2,0.24061264822134387,424.7272727272727,424.7272727272727,3,2,2,7,2,Loyal Customers
15732,2011-05-11 14:24:00,2010-12-02 15:00:00,2,294.12,215,212,372,147.06,0.16364247311827956,288.5854838709678,288.5854838709678,1,3,2,6,1,At Risk
17163,2011-11-18 08:57:00,2011-09-22 15:54:00,2,293.1,66,22,78,146.55,0.7804487179487181,1371.5576923076926,1371.5576923076926,4,3,2,9,2,Loyal Customers
12829,2011-01-07 11:13:00,2010-12-14 14:54:00,2,293.0,376,337,360,146.5,0.16909722222222223,297.06944444444446,297.06944444444446,1,2,2,5,1,At Risk
15545,2011-10-16 13:24:00,2010-12-03 17:28:00,2,292.71999999999997,163,54,371,146.35999999999999,0.16408355795148247,287.9859838274932,287.9859838274932,3,3,2,8,2,Loyal Customers
16721,2011-03-22 16:08:00,2011-03-22 16:08:00,1,292.47,172,262,262,292.47,0.11617366412213741,407.4486641221374,407.4486641221374,1,2,2,5,1,At Risk
13259,2011-10-09 10:48:00,2011-10-09 10:48:00,1,292.32,132,62,62,292.32,0.4909274193548387,1720.9161290322581,1720.9161290322581,3,1,2,6,2,Loyal Customers
13502,2011-11-23 10:39:00,2011-01-20 09:03:00,3,292.0,264,17,324,97.33333333333333,0.2818287037037037,328.95061728395063,328.95061728395063,4,3,2,9,2,Loyal Customers
13449,2011-11-16 08:28:00,2011-11-16 08:28:00,1,291.88,222,24,24,291.88,1.2682291666666665,4439.008333333333,4439.008333333333,4,1,2,7,2,Loyal Customers
13544,2011-10-31 11:57:00,2011-04-13 12:09:00,2,291.41,127,40,241,145.705,0.2525933609958506,441.3470954356847,441.3470954356847,3,2,2,7,2,Loyal Customers
14656,2011-06-23 13:51:00,2011-03-01 13:19:00,2,291.05,120,169,283,145.525,0.2151060070671378,375.38250883392226,375.38250883392226,2,3,2,7,1,At Risk
14947,2011-09-28 15:48:00,2011-08-01 09:31:00,2,290.82,179,72,131,145.41,0.46469465648854963,810.3000000000001,810.3000000000001,2,3,2,7,2,Loyal Customers
16648,2011-10-28 08:58:00,2011-10-28 08:58:00,1,290.65999999999997,281,43,43,290.65999999999997,0.7078488372093023,2467.2302325581395,2467.2302325581395,3,2,2,7,2,Loyal Customers
15279,2010-12-20 10:48:00,2010-12-20 10:48:00,1,290.51,189,355,355,290.51,0.0857394366197183,298.6933802816901,298.6933802816901,1,1,2,4,1,At Risk
17691,2010-12-16 17:20:00,2010-12-06 11:10:00,2,290.40000000000003,134,358,369,145.20000000000002,0.16497289972899729,287.25203252032526,287.25203252032526,1,3,2,6,1,At Risk
16526,2011-06-21 12:02:00,2011-06-21 12:02:00,1,290.36,106,172,172,290.36,0.17696220930232556,616.1709302325581,616.1709302325581,2,2,2,6,1,At Risk
17081,2011-11-14 12:56:00,2011-10-24 13:08:00,2,290.16,78,25,46,145.08,1.3233695652173914,2302.3565217391306,2302.3565217391306,4,3,2,9,2,Loyal Customers
14784,2011-11-13 13:30:00,2011-01-20 09:25:00,2,289.99,237,26,324,144.995,0.1878858024691358,326.68626543209876,326.68626543209876,4,3,2,9,2,Loyal Customers
17464,2011-07-04 13:19:00,2011-07-04 13:19:00,1,289.96000000000004,220,158,158,289.96000000000004,0.19264240506329114,669.8443037974685,669.8443037974685,2,2,2,6,1,At Risk
14953,2011-11-14 14:59:00,2011-11-14 14:59:00,1,289.82,225,25,25,289.82,1.2175,4231.372,4231.372,4,1,2,7,2,Loyal Customers
16897,2011-02-13 15:02:00,2011-01-30 11:52:00,2,289.78,73,299,314,144.89,0.19386942675159236,336.846178343949,336.846178343949,1,3,2,6,1,At Risk
14162,2011-06-19 11:36:00,2011-02-20 12:32:00,2,289.36,142,174,293,144.68,0.20776450511945393,360.4655290102389,360.4655290102389,2,3,2,7,1,At Risk
16125,2010-12-07 15:48:00,2010-12-07 15:48:00,1,289.35,124,367,367,289.35,0.08293596730245231,287.77316076294284,287.77316076294284,1,2,2,5,1,At Risk
14549,2011-02-01 13:47:00,2011-02-01 13:47:00,1,289.24,136,311,311,289.24,0.09786977491961416,339.46173633440515,339.46173633440515,1,1,2,4,1,At Risk
17501,2011-05-03 09:47:00,2011-05-03 09:46:00,2,288.6,160,221,221,144.3,0.2754524886877828,476.6470588235295,476.6470588235295,1,3,2,6,1,At Risk
16808,2011-09-01 19:34:00,2011-03-10 19:05:00,2,288.42,196,99,274,144.21,0.22217153284671531,384.20912408759125,384.20912408759125,2,3,2,7,2,Loyal Customers
15396,2011-08-19 10:56:00,2011-08-19 10:56:00,1,288.18,122,113,113,288.18,0.26935840707964603,930.8469026548672,930.8469026548672,2,1,2,5,2,Loyal Customers
17977,2011-11-10 13:28:00,2011-11-10 13:28:00,1,288.14,342,29,29,288.14,1.0495689655172413,3626.5896551724136,3626.5896551724136,4,2,2,8,2,Loyal Customers
17080,2011-11-17 12:59:00,2011-03-15 12:05:00,2,287.62,166,22,270,143.81,0.22546296296296298,388.8196296296296,388.8196296296296,4,3,2,9,2,Loyal Customers
17760,2011-11-18 10:56:00,2010-12-01 15:08:00,2,287.59,239,22,373,143.795,0.16320375335120643,281.42184986595174,281.42184986595174,4,3,2,9,2,Loyal Customers
16432,2011-10-06 13:59:00,2011-10-06 13:59:00,1,287.4,276,64,64,287.4,0.4755859375,1639.0781249999998,1639.0781249999998,3,2,2,7,2,Loyal Customers
13760,2011-10-16 16:13:00,2011-03-28 12:52:00,2,286.79,197,54,256,143.395,0.23779296875,408.8998046875,408.8998046875,3,2,2,7,2,Loyal Customers
16555,2011-11-04 14:31:00,2011-08-22 12:32:00,2,285.89,175,35,110,142.945,0.553409090909091,948.6349999999999,948.6349999999999,3,3,2,8,2,Loyal Customers
14660,2011-09-14 11:34:00,2011-08-31 10:40:00,2,285.74,228,87,101,142.87,0.6027227722772277,1032.6247524752475,1032.6247524752475,2,3,2,7,2,Loyal Customers
17636,2011-11-20 14:40:00,2011-11-20 14:40:00,1,285.56,182,19,19,285.56,1.6019736842105263,5485.757894736842,5485.757894736842,4,2,2,8,2,Loyal Customers
16429,2011-08-25 13:54:00,2011-08-25 13:54:00,1,284.55,9,106,106,284.55,0.28714622641509435,979.8183962264151,979.8183962264151,2,2,2,6,2,Loyal Customers
18190,2011-05-31 14:48:00,2011-01-13 10:35:00,2,284.46000000000004,140,192,331,142.23000000000002,0.18391238670694862,313.6794561933535,313.6794561933535,1,3,2,6,1,At Risk
13121,2011-03-15 16:47:00,2011-03-15 16:47:00,1,283.73,252,269,269,283.73,0.11315055762081784,384.9868029739777,384.9868029739777,1,1,2,4,1,At Risk
13439,2011-03-29 14:20:00,2011-03-29 14:20:00,1,283.71,242,255,255,283.71,0.11936274509803921,406.0947058823529,406.0947058823529,1,1,2,4,1,At Risk
12703,2011-09-29 17:52:00,2011-09-29 17:52:00,1,283.55,164,71,71,283.55,0.42869718309859156,1457.6866197183099,1457.6866197183099,3,1,2,6,2,Loyal Customers
17783,2011-09-28 16:07:00,2011-04-06 10:07:00,2,283.47,354,72,248,141.735,0.24546370967741934,417.2038306451613,417.2038306451613,2,3,2,7,2,Loyal Customers
17251,2010-12-12 11:06:00,2010-12-12 11:06:00,1,283.28000000000003,110,363,363,283.28000000000003,0.08384986225895316,284.8407713498623,284.8407713498623,1,2,2,5,1,At Risk
18270,2011-11-01 13:57:00,2011-03-18 12:41:00,2,283.15,101,38,267,141.575,0.22799625468164794,387.0777153558052,387.0777153558052,3,3,2,8,2,Loyal Customers
17694,2011-07-21 12:00:00,2011-07-21 12:00:00,1,283.12,184,142,142,283.12,0.21434859154929578,727.7380281690141,727.7380281690141,2,2,2,6,2,Loyal Customers
14350,2011-03-10 14:14:00,2011-03-10 14:14:00,1,282.93,183,274,274,282.93,0.11108576642335766,376.89580291970805,376.89580291970805,1,1,2,4,1,At Risk
13754,2011-07-11 11:51:00,2011-01-26 14:58:00,2,282.59999999999997,214,152,317,141.29999999999998,0.1920347003154574,325.39116719242895,325.39116719242895,2,2,2,6,2,Loyal Customers
13177,2011-10-06 09:56:00,2011-10-06 09:56:00,1,282.45,91,65,65,282.45,0.4682692307692307,1586.0653846153846,1586.0653846153846,3,1,2,6,2,Loyal Customers
17247,2011-11-24 15:21:00,2011-11-24 15:21:00,1,282.19,106,15,15,282.19,2.029166666666667,6866.623333333334,6866.623333333334,4,2,2,8,2,Loyal Customers
16557,2011-11-15 14:04:00,2011-07-25 13:28:00,2,281.85,111,24,137,140.925,0.44434306569343063,750.9142335766425,750.9142335766425,4,3,2,9,2,Loyal Customers
17403,2011-11-03 15:18:00,2011-11-03 15:18:00,1,281.62,117,36,36,281.62,0.8454861111111112,2855.313888888889,2855.313888888889,3,2,2,7,2,Loyal Customers
16848,2011-10-18 08:42:00,2011-10-18 08:42:00,1,281.42,182,53,53,281.42,0.5742924528301887,1938.0811320754717,1938.0811320754717,3,2,2,7,2,Loyal Customers
14242,2011-04-19 11:46:00,2011-01-18 08:53:00,2,280.55,123,235,326,140.275,0.1867331288343558,314.1127300613497,314.1127300613497,1,3,2,6,1,At Risk
13606,2011-11-10 17:46:00,2011-02-01 11:42:00,3,280.53999999999996,279,29,312,93.51333333333332,0.2926682692307693,328.1958333333333,328.1958333333333,4,3,2,9,2,Loyal Customers
16149,2011-12-05 11:29:00,2011-07-20 14:54:00,2,280.52,308,5,142,140.26,0.42869718309859156,721.0549295774647,721.0549295774647,5,3,2,10,2,Loyal Customers
14975,2011-10-13 14:08:00,2011-10-13 14:08:00,1,279.94,380,57,57,279.94,0.5339912280701754,1792.5982456140352,1792.5982456140352,3,1,2,6,2,Loyal Customers
15556,2011-11-15 16:08:00,2011-11-15 16:08:00,1,279.77,236,24,24,279.77,1.2682291666666665,4254.835416666666,4254.835416666666,4,1,2,7,2,Loyal Customers
14480,2011-11-28 16:35:00,2011-11-28 16:35:00,1,279.05,143,11,11,279.05,2.767045454545454,9259.386363636364,9259.386363636364,5,1,2,8,2,Loyal Customers
17786,2011-09-15 12:51:00,2011-01-26 14:35:00,2,278.74,200,85,317,139.37,0.1920347003154574,320.9466876971609,320.9466876971609,2,3,2,7,2,Loyal Customers
14764,2011-10-24 11:54:00,2011-10-24 11:54:00,1,278.3,190,47,47,278.3,0.6476063829787234,2161.2659574468084,2161.2659574468084,3,1,2,6,2,Loyal Customers
14908,2011-09-26 12:56:00,2011-09-26 12:56:00,1,277.8,132,74,74,277.8,0.41131756756756754,1370.2297297297298,1370.2297297297298,2,1,2,5,2,Loyal Customers
17968,2010-12-01 12:23:00,2010-12-01 12:23:00,1,277.35,160,374,374,277.35,0.0813836898395722,270.67580213903744,270.67580213903744,1,2,2,5,1,At Risk
13803,2011-03-29 12:57:00,2011-03-29 12:57:00,1,277.07,121,255,255,277.07,0.11936274509803921,396.5903921568628,396.5903921568628,1,1,2,4,1,At Risk
15355,2011-11-10 13:44:00,2011-10-17 15:22:00,2,277.05,45,29,53,138.525,1.1485849056603774,1907.9858490566037,1907.9858490566037,4,3,2,9,2,Loyal Customers
16883,2011-06-05 12:51:00,2010-12-03 10:33:00,2,276.73,104,187,372,138.365,0.16364247311827956,271.5227150537635,271.5227150537635,1,3,2,6,1,At Risk
13272,2011-11-08 14:00:00,2011-09-11 12:06:00,2,276.56,96,31,90,138.28,0.6763888888888889,1121.6044444444444,1121.6044444444444,4,2,2,8,2,Loyal Customers
14508,2011-11-17 19:48:00,2011-09-11 11:29:00,2,276.42,131,22,90,138.21,0.6763888888888889,1121.0366666666666,1121.0366666666666,4,3,2,9,2,Loyal Customers
12750,2011-08-03 09:13:00,2011-08-03 09:13:00,1,275.88,137,129,129,275.88,0.23594961240310078,780.5906976744186,780.5906976744186,2,1,2,5,2,Loyal Customers
14512,2011-06-05 12:39:00,2011-04-21 19:05:00,2,275.28,122,188,232,137.64,0.26239224137931033,433.0913793103448,433.0913793103448,1,3,2,6,1,At Risk
16313,2011-12-06 13:02:00,2011-10-21 09:04:00,2,274.15000000000003,165,3,50,137.07500000000002,1.2175,2001.2950000000003,2001.2950000000003,5,3,2,10,2,Loyal Customers
16727,2010-12-10 13:48:00,2010-12-10 13:48:00,1,272.82,177,364,364,272.82,0.0836195054945055,273.5695054945055,273.5695054945055,1,2,2,5,1,At Risk
17254,2011-12-05 12:46:00,2011-11-24 14:09:00,2,272.44,252,5,15,136.22,4.058333333333334,6629.373333333334,6629.373333333334,5,3,2,10,2,Loyal Customers
17498,2011-09-25 12:25:00,2011-09-25 12:25:00,1,272.22,394,76,76,272.22,0.4004934210526316,1307.3723684210527,1307.3723684210527,2,2,2,6,2,Loyal Customers
14819,2011-10-06 13:41:00,2011-05-31 13:50:00,2,272.07,109,64,192,136.035,0.31705729166666663,517.21640625,517.21640625,3,3,2,8,2,Loyal Customers
13917,2011-10-21 09:56:00,2011-06-01 12:46:00,2,272.04,228,50,192,136.02,0.31705729166666663,517.1593750000001,517.1593750000001,3,2,2,7,2,Loyal Customers
14816,2011-05-26 13:16:00,2011-05-26 13:16:00,1,271.85,5,197,197,271.85,0.154505076142132,503.6814720812184,503.6814720812184,1,1,2,4,1,At Risk
13058,2011-11-15 12:43:00,2011-07-11 12:01:00,3,271.40000000000003,52,25,152,90.46666666666668,0.6007401315789473,651.717105263158,651.717105263158,4,3,2,9,2,Loyal Customers
13837,2011-05-12 12:10:00,2011-01-26 12:15:00,2,271.24,183,212,318,135.62,0.1914308176100629,311.32893081761006,311.32893081761006,1,2,2,5,1,At Risk
17767,2011-11-24 14:42:00,2011-11-24 14:42:00,1,271.2,128,15,15,271.2,2.029166666666667,6599.2,6599.2,4,2,2,8,2,Loyal Customers
17496,2010-12-16 08:39:00,2010-12-16 08:39:00,1,271.05,79,359,359,271.05,0.08478412256267409,275.58008356545963,275.58008356545963,1,2,2,5,1,At Risk
18108,2011-03-30 13:56:00,2011-03-30 13:56:00,1,271.0,84,254,254,271.0,0.11983267716535434,389.42913385826773,389.42913385826773,1,2,2,5,1,At Risk
17011,2011-11-09 13:30:00,2011-11-09 13:30:00,1,270.9,186,30,30,270.9,1.0145833333333334,3295.9499999999994,3295.9499999999994,4,2,2,8,2,Loyal Customers
15774,2011-10-02 12:04:00,2011-10-02 12:04:00,1,270.8,87,69,69,270.8,0.4411231884057971,1432.4927536231885,1432.4927536231885,3,2,2,7,2,Loyal Customers
13533,2011-06-10 11:54:00,2011-03-17 12:47:00,3,270.79,204,183,268,90.26333333333334,0.3407182835820895,368.79981343283583,368.79981343283583,1,3,2,6,1,At Risk
14520,2011-12-08 09:46:00,2011-02-22 09:15:00,2,270.6,146,2,291,135.3,0.20919243986254293,339.41237113402065,339.41237113402065,5,3,2,10,2,Loyal Customers
13242,2011-08-19 12:53:00,2011-05-10 12:26:00,3,270.40000000000003,130,112,214,90.13333333333334,0.42669392523364486,461.19626168224306,461.19626168224306,2,3,2,7,2,Loyal Customers
12558,2011-12-02 10:41:00,2011-12-02 10:41:00,1,269.96,196,8,8,269.96,3.8046875,12316.925,12316.925,5,1,2,8,2,Loyal Customers
14727,2011-03-10 14:45:00,2011-03-10 14:45:00,1,268.58,62,274,274,268.58,0.11108576642335766,357.77992700729925,357.77992700729925,1,1,2,4,1,At Risk
15408,2011-03-20 15:02:00,2011-03-20 15:02:00,1,267.18,106,264,264,267.18,0.1152935606060606,369.3965909090909,369.3965909090909,1,1,2,4,1,At Risk
17550,2011-05-26 14:09:00,2011-04-10 15:19:00,3,267.16,86,197,243,89.05333333333334,0.3757716049382716,401.2897119341564,401.2897119341564,1,4,2,7,1,At Risk
15320,2011-10-26 13:27:00,2011-10-26 13:27:00,1,267.13,326,44,44,267.13,0.6917613636363635,2215.9647727272727,2215.9647727272727,3,1,2,6,2,Loyal Customers
17708,2011-06-05 10:12:00,2011-01-19 10:09:00,2,267.08,91,188,325,133.54,0.18730769230769231,299.9513846153846,299.9513846153846,1,3,2,6,1,At Risk
15517,2011-04-20 14:02:00,2011-04-20 14:02:00,1,267.03,293,233,233,267.03,0.13063304721030045,418.3087982832618,418.3087982832618,1,1,2,4,1,At Risk
16451,2011-09-13 09:17:00,2011-09-13 09:17:00,1,266.97,120,88,88,266.97,0.34588068181818177,1107.3187500000001,1107.3187500000001,2,2,2,6,2,Loyal Customers
14863,2011-11-10 15:04:00,2011-11-10 15:04:00,1,266.76,132,29,29,266.76,1.0495689655172413,3357.4965517241376,3357.4965517241376,4,1,2,7,2,Loyal Customers
15119,2011-04-08 09:08:00,2011-04-08 09:08:00,1,266.4,88,246,246,266.4,0.12372967479674796,395.26829268292676,395.26829268292676,1,1,2,4,1,At Risk
12962,2011-12-02 15:55:00,2011-08-18 13:38:00,2,266.39,129,7,113,133.195,0.5387168141592921,860.4632743362831,860.4632743362831,5,2,2,9,2,Loyal Customers
15019,2011-03-18 12:35:00,2011-03-18 12:35:00,1,266.0,159,267,267,266.0,0.11399812734082397,363.63295880149815,363.63295880149815,1,1,2,4,1,At Risk
14068,2011-01-23 16:02:00,2011-01-23 16:02:00,1,265.85,73,320,320,265.85,0.0951171875,303.23515625000005,303.23515625000005,1,1,2,4,1,At Risk
17430,2011-11-07 09:24:00,2010-12-09 13:05:00,2,265.76,190,33,365,132.88,0.16678082191780824,265.76,265.76,3,3,2,8,2,Loyal Customers
14423,2011-05-05 15:12:00,2011-05-05 15:12:00,1,265.2,120,218,218,265.2,0.13962155963302753,444.0275229357798,444.0275229357798,1,1,2,4,1,At Risk
13973,2011-02-25 15:21:00,2011-02-25 15:21:00,1,264.7,109,287,287,264.7,0.10605400696864112,336.63937282229966,336.63937282229966,1,1,2,4,1,At Risk
15912,2011-06-14 14:29:00,2011-04-20 17:10:00,2,264.62,185,178,233,132.31,0.2612660944206009,414.5334763948498,414.5334763948498,2,3,2,7,1,At Risk
14452,2011-11-29 12:06:00,2011-09-07 11:32:00,2,264.44,119,11,94,132.22,0.6476063829787234,1026.8148936170214,1026.8148936170214,5,3,2,10,2,Loyal Customers
15894,2011-03-31 13:50:00,2010-12-05 14:06:00,2,263.55,168,253,369,131.775,0.16497289972899729,260.6930894308943,260.6930894308943,1,3,2,6,1,At Risk
12492,2011-10-07 15:15:00,2011-08-26 14:51:00,2,263.21000000000004,192,63,105,131.60500000000002,0.5797619047619047,914.9680952380953,914.9680952380953,3,2,2,7,2,Loyal Customers
16936,2011-11-14 11:04:00,2011-11-14 11:04:00,1,262.68,173,26,26,262.68,1.1706730769230769,3687.623076923077,3687.623076923077,4,2,2,8,2,Loyal Customers
17194,2011-03-11 12:05:00,2010-12-14 12:06:00,2,262.62,119,274,361,131.31,0.16862880886426593,265.52991689750695,265.52991689750695,1,3,2,6,1,At Risk
16413,2011-10-14 12:08:00,2011-10-14 12:08:00,1,262.2,148,57,57,262.2,0.5339912280701754,1679.0,1679.0,3,2,2,7,2,Loyal Customers
17385,2011-11-25 11:02:00,2011-11-25 11:02:00,1,261.11,201,15,15,261.11,2.029166666666667,6353.676666666667,6353.676666666667,4,2,2,8,2,Loyal Customers
13189,2011-11-21 10:39:00,2011-08-16 13:12:00,2,260.68,842,19,115,130.34,0.5293478260869565,827.3756521739131,827.3756521739131,4,2,2,8,2,Loyal Customers
14053,2011-08-07 14:27:00,2011-07-03 12:21:00,2,260.25,215,124,160,130.125,0.38046875,593.6953125,593.6953125,2,3,2,7,2,Loyal Customers
15014,2011-10-27 20:07:00,2011-06-16 19:40:00,2,260.17,151,43,176,130.085,0.34588068181818177,539.5571022727273,539.5571022727273,3,3,2,8,2,Loyal Customers
15143,2011-04-28 12:03:00,2011-04-28 12:03:00,1,259.45,150,226,226,259.45,0.13467920353982302,419.02323008849555,419.02323008849555,1,1,2,4,1,At Risk
17125,2011-10-20 14:41:00,2011-10-20 14:41:00,1,259.35,291,50,50,259.35,0.60875,1893.2550000000003,1893.2550000000003,3,2,2,7,2,Loyal Customers
13127,2011-09-23 10:26:00,2011-09-23 10:26:00,1,259.17,127,78,78,259.17,0.39022435897435903,1212.7826923076923,1212.7826923076923,2,1,2,5,2,Loyal Customers
16447,2011-07-27 12:45:00,2011-07-27 12:45:00,1,259.01,223,136,136,259.01,0.22380514705882354,695.1371323529411,695.1371323529411,2,2,2,6,2,Loyal Customers
15577,2011-07-11 17:03:00,2011-02-07 13:32:00,3,258.88,89,151,305,86.29333333333334,0.29938524590163934,309.80721311475406,309.80721311475406,2,3,2,7,2,Loyal Customers
13277,2011-11-24 09:21:00,2011-07-29 10:06:00,4,258.4,176,16,134,64.6,0.9085820895522387,703.8507462686566,703.8507462686566,4,4,2,10,2,Loyal Customers
13227,2011-05-22 11:47:00,2011-05-22 11:47:00,1,257.7,99,202,202,257.7,0.15068069306930693,465.6460396039604,465.6460396039604,1,1,2,4,1,At Risk
14375,2011-06-07 13:44:00,2011-06-07 13:44:00,1,257.68,194,185,185,257.68,0.164527027027027,508.39567567567565,508.39567567567565,1,1,2,4,1,At Risk
18009,2011-04-18 13:36:00,2011-04-18 13:36:00,1,257.34,126,235,235,257.34,0.1295212765957447,399.6982978723404,399.6982978723404,1,2,2,5,1,At Risk
13626,2011-04-01 10:05:00,2011-04-01 10:05:00,1,257.23,209,253,253,257.23,0.12030632411067194,371.10256916996053,371.10256916996053,1,1,2,4,1,At Risk
16048,2010-12-01 15:28:00,2010-12-01 15:27:00,2,256.44,144,373,373,128.22,0.16320375335120643,250.93994638069708,250.93994638069708,1,3,2,6,1,At Risk
12430,2011-10-27 15:09:00,2011-10-27 15:09:00,1,256.4,117,43,43,256.4,0.7078488372093023,2176.4186046511622,2176.4186046511622,3,1,2,6,2,Loyal Customers
13806,2011-10-07 11:43:00,2011-10-07 11:43:00,1,256.38,56,64,64,256.38,0.4755859375,1462.1671875,1462.1671875,3,1,2,6,2,Loyal Customers
17896,2011-11-16 13:59:00,2011-11-16 13:59:00,1,256.32,288,23,23,256.32,1.3233695652173914,4067.6869565217394,4067.6869565217394,4,2,2,8,2,Loyal Customers
14761,2011-10-12 12:10:00,2011-01-09 12:03:00,2,255.9,118,59,335,127.95,0.18171641791044776,278.81641791044774,278.81641791044774,3,3,2,8,2,Loyal Customers
15277,2011-10-24 10:08:00,2011-10-24 10:08:00,1,255.89999999999998,205,47,47,255.89999999999998,0.6476063829787234,1987.3085106382975,1987.3085106382975,3,1,2,6,2,Loyal Customers
14881,2011-11-20 11:06:00,2011-11-20 11:06:00,1,255.4,316,20,20,255.4,1.521875,4661.05,4661.05,4,1,2,7,2,Loyal Customers
16226,2011-05-20 14:41:00,2011-04-18 12:58:00,3,255.12,192,203,235,85.04,0.388563829787234,396.2502127659575,396.2502127659575,1,4,2,7,1,At Risk
15261,2011-07-27 15:20:00,2011-07-27 15:20:00,1,254.82,270,135,135,254.82,0.22546296296296298,688.9577777777778,688.9577777777778,2,1,2,5,2,Loyal Customers
12604,2011-09-21 14:08:00,2011-03-23 12:06:00,2,254.18,201,79,262,127.09,0.23234732824427481,354.1057251908397,354.1057251908397,2,2,2,6,2,Loyal Customers
14765,2011-11-10 19:53:00,2011-06-16 19:49:00,3,254.11,135,29,176,84.70333333333333,0.5188210227272727,526.9894886363637,526.9894886363637,4,3,2,9,2,Loyal Customers
15689,2011-08-12 09:37:00,2010-12-13 09:57:00,2,254.1,84,120,362,127.05,0.16816298342541436,256.20580110497235,256.20580110497235,2,3,2,7,2,Loyal Customers
12797,2010-12-09 10:55:00,2010-12-09 10:55:00,1,254.03,118,366,366,254.03,0.08316256830601093,253.33592896174864,253.33592896174864,1,1,2,4,1,At Risk
15759,2011-05-05 15:13:00,2010-12-16 15:29:00,3,253.04,60,218,358,84.34666666666666,0.25506284916201116,257.98770949720665,257.98770949720665,1,3,2,6,1,At Risk
17860,2010-12-06 12:41:00,2010-12-06 12:41:00,1,252.8,104,369,369,252.8,0.08248644986449864,250.05962059620597,250.05962059620597,1,2,2,5,1,At Risk
15035,2011-09-11 11:08:00,2011-09-11 11:08:00,1,252.73000000000002,245,90,90,252.73000000000002,0.33819444444444446,1024.9605555555556,1024.9605555555556,2,1,2,5,2,Loyal Customers
13404,2011-12-08 15:37:00,2011-05-11 11:57:00,2,252.49,111,1,213,126.245,0.2857981220657277,432.6706572769953,432.6706572769953,5,2,2,9,2,Loyal Customers
15346,2011-01-11 11:18:00,2011-01-11 11:18:00,1,252.42000000000002,144,333,333,252.42000000000002,0.0914039039039039,276.67657657657657,276.67657657657657,1,1,2,4,1,At Risk
13645,2011-08-11 16:11:00,2011-08-11 16:11:00,1,252.1,158,120,120,252.1,0.25364583333333335,766.8041666666667,766.8041666666667,2,1,2,5,2,Loyal Customers
13711,2011-05-05 10:31:00,2011-05-05 10:29:00,2,252.06,140,219,219,126.03,0.2779680365296804,420.09999999999997,420.09999999999997,1,2,2,5,1,At Risk
16330,2011-11-22 12:24:00,2011-08-19 17:08:00,3,251.91,147,18,112,83.97,0.8152901785714286,820.9566964285714,820.9566964285714,4,4,2,10,2,Loyal Customers
16836,2011-10-31 10:05:00,2011-08-15 12:38:00,2,251.87,165,40,117,125.935,0.5202991452991452,785.7482905982906,785.7482905982906,3,3,2,8,2,Loyal Customers
17155,2011-11-22 12:38:00,2011-06-15 10:22:00,2,251.70000000000002,242,18,178,125.85000000000001,0.34199438202247195,516.126404494382,516.126404494382,4,3,2,9,2,Loyal Customers
16976,2011-03-17 16:33:00,2011-03-17 16:33:00,1,251.51999999999998,88,267,267,251.51999999999998,0.11399812734082397,343.83820224719096,343.83820224719096,1,2,2,5,1,At Risk
16024,2011-11-27 13:26:00,2011-11-27 13:26:00,1,251.24,398,12,12,251.24,2.536458333333333,7641.883333333334,7641.883333333334,5,2,2,9,2,Loyal Customers
14501,2011-06-09 12:02:00,2011-01-24 10:43:00,2,251.21,161,184,320,125.605,0.190234375,286.53640625,286.53640625,1,3,2,6,1,At Risk
13512,2011-03-24 10:03:00,2011-03-24 10:03:00,1,251.21,143,261,261,251.21,0.11661877394636015,351.30900383141767,351.30900383141767,1,1,2,4,1,At Risk
13207,2011-11-24 14:52:00,2011-07-12 11:35:00,2,250.26000000000002,130,15,151,125.13000000000001,0.40314569536423844,604.9331125827815,604.9331125827815,4,2,2,8,2,Loyal Customers
16596,2011-11-24 10:02:00,2010-12-08 16:18:00,2,250.15,97,16,366,125.075,0.16632513661202186,249.4665300546448,249.4665300546448,4,3,1,8,2,Loyal Customers
17303,2010-12-13 13:32:00,2010-12-13 13:32:00,1,250.04,144,361,361,250.04,0.08431440443213296,252.81052631578945,252.81052631578945,1,2,1,4,1,At Risk
15510,2011-01-13 12:10:00,2011-01-13 12:10:00,1,250.0,2,331,331,250.0,0.09195619335347431,275.6797583081571,275.6797583081571,1,1,1,3,1,At Risk
17456,2010-12-09 15:23:00,2010-12-09 15:23:00,1,249.86,222,365,365,249.86,0.08339041095890412,249.86,249.86,1,2,1,4,1,At Risk
18005,2011-12-06 11:51:00,2011-10-23 14:40:00,2,249.72,93,4,47,124.86,1.2952127659574468,1939.3148936170214,1939.3148936170214,5,3,1,9,2,Loyal Customers
16124,2011-01-26 14:45:00,2011-01-26 14:45:00,1,249.0,48,317,317,249.0,0.0960173501577287,286.70347003154575,286.70347003154575,1,2,1,4,1,At Risk
13061,2011-09-28 16:04:00,2011-09-28 16:04:00,1,248.61,107,72,72,248.61,0.4227430555555556,1260.3145833333335,1260.3145833333335,2,1,1,4,2,Loyal Customers
17111,2011-10-23 15:59:00,2011-10-23 15:59:00,1,248.61,302,47,47,248.61,0.6476063829787234,1930.694680851064,1930.694680851064,3,2,1,6,2,Loyal Customers
18212,2011-01-17 16:14:00,2011-01-17 16:14:00,1,248.42,101,326,326,248.42,0.0933665644171779,278.1389570552147,278.1389570552147,1,2,1,4,1,At Risk
16510,2010-12-02 13:39:00,2010-12-02 13:39:00,1,248.1,92,372,372,248.1,0.08182123655913978,243.43145161290323,243.43145161290323,1,2,1,4,1,At Risk
15097,2011-12-05 14:03:00,2011-12-05 14:03:00,1,248.08,170,4,4,248.08,7.609375,22637.300000000003,22637.300000000003,5,1,1,7,2,Loyal Customers
13592,2011-11-04 09:49:00,2011-03-20 14:01:00,4,247.95999999999998,84,36,264,61.989999999999995,0.4611742424242424,342.82348484848484,342.82348484848484,3,4,1,8,2,Loyal Customers
18072,2011-06-07 10:44:00,2011-06-07 10:44:00,1,247.44,288,186,186,247.44,0.16364247311827956,485.5677419354839,485.5677419354839,1,2,1,4,1,At Risk
13349,2011-11-29 08:07:00,2011-11-29 08:07:00,1,247.32,225,11,11,247.32,2.767045454545454,8206.527272727273,8206.527272727273,5,1,1,7,2,Loyal Customers
14658,2011-12-04 15:35:00,2011-08-14 15:42:00,2,247.15,47,5,117,123.575,0.5202991452991452,771.0235042735043,771.0235042735043,5,3,1,9,2,Loyal Customers
17051,2011-05-29 14:13:00,2011-05-29 14:13:00,1,247.14000000000001,184,194,194,247.14000000000001,0.15689432989690721,464.9798969072165,464.9798969072165,1,2,1,4,1,At Risk
15783,2011-11-29 09:50:00,2011-11-29 09:50:00,1,246.3,212,11,11,246.3,2.767045454545454,8172.681818181818,8172.681818181818,5,2,1,8,2,Loyal Customers
17278,2011-04-12 13:10:00,2011-04-12 13:10:00,1,246.04,179,241,241,246.04,0.1262966804979253,372.6331950207468,372.6331950207468,1,2,1,4,1,At Risk
16778,2011-09-26 13:48:00,2011-03-10 15:21:00,2,245.94,194,74,274,122.97,0.22217153284671531,327.62080291970807,327.62080291970807,2,3,1,6,2,Loyal Customers
17771,2011-10-14 11:43:00,2011-01-20 14:13:00,2,245.81,287,57,323,122.905,0.18846749226006193,277.77291021671823,277.77291021671823,3,3,1,7,2,Loyal Customers
12660,2011-11-28 13:26:00,2011-11-28 13:26:00,1,245.1,127,11,11,245.1,2.767045454545454,8132.863636363636,8132.863636363636,5,1,1,7,2,Loyal Customers
15118,2011-07-28 14:54:00,2011-07-28 14:54:00,1,244.8,1440,134,134,244.8,0.22714552238805968,666.8059701492538,666.8059701492538,2,1,1,4,2,Loyal Customers
16601,2011-10-30 11:09:00,2011-10-30 11:09:00,1,244.79999999999998,134,41,41,244.79999999999998,0.7423780487804879,2179.317073170732,2179.317073170732,3,2,1,6,2,Loyal Customers
16528,2011-12-06 12:45:00,2011-12-06 12:45:00,1,244.41,171,4,4,244.41,7.609375,22302.4125,22302.4125,5,2,1,8,2,Loyal Customers
17892,2011-10-14 16:49:00,2011-07-07 12:56:00,3,244.1,109,56,155,81.36666666666666,0.5891129032258065,574.816129032258,574.816129032258,3,4,1,8,2,Loyal Customers
17925,2010-12-02 10:10:00,2010-12-02 10:10:00,1,244.08,72,373,373,244.08,0.08160187667560322,238.84504021447725,238.84504021447725,1,2,1,4,1,At Risk
13103,2011-10-31 09:38:00,2011-10-31 09:38:00,1,243.94,82,40,40,243.94,0.7609375,2225.9525000000003,2225.9525000000003,3,1,1,5,2,Loyal Customers
16793,2011-10-13 15:08:00,2011-10-13 15:08:00,1,243.84,146,57,57,243.84,0.5339912280701754,1561.4315789473685,1561.4315789473685,3,2,1,6,2,Loyal Customers
18193,2011-06-27 13:58:00,2011-06-27 13:58:00,1,243.76,124,165,165,243.76,0.18446969696969695,539.2266666666667,539.2266666666667,2,2,1,5,1,At Risk
13886,2011-09-29 13:17:00,2011-09-29 13:17:00,1,243.56,126,71,71,243.56,0.42869718309859156,1252.1042253521125,1252.1042253521125,3,1,1,5,2,Loyal Customers
15634,2011-11-22 16:28:00,2011-11-22 16:28:00,1,243.55,99,17,17,243.55,1.7904411764705883,5229.161764705882,5229.161764705882,4,1,1,6,2,Loyal Customers
17339,2011-09-06 13:29:00,2010-12-09 14:44:00,2,243.36,152,94,365,121.68,0.16678082191780824,243.36,243.36,2,3,1,6,2,Loyal Customers
17908,2010-12-01 11:45:00,2010-12-01 11:45:00,1,243.28,173,374,374,243.28,0.0813836898395722,237.42566844919784,237.42566844919784,1,2,1,4,1,At Risk
14647,2011-05-22 13:40:00,2011-05-22 13:40:00,1,243.22,95,201,201,243.22,0.15143034825870647,441.6681592039801,441.6681592039801,1,1,1,3,1,At Risk
16215,2011-09-20 10:18:00,2011-09-20 10:18:00,1,242.35,104,81,81,242.35,0.3757716049382716,1092.070987654321,1092.070987654321,2,2,1,5,2,Loyal Customers
15776,2011-07-29 13:46:00,2011-07-29 13:46:00,1,241.62,138,133,133,241.62,0.22885338345864661,663.0924812030075,663.0924812030075,2,2,1,5,2,Loyal Customers
14523,2011-08-23 13:13:00,2011-08-23 13:13:00,1,241.09,251,108,108,241.09,0.28182870370370366,814.7949074074074,814.7949074074074,2,1,1,4,2,Loyal Customers
16427,2011-03-21 17:10:00,2011-02-28 15:18:00,2,241.06,156,263,284,120.53,0.21434859154929578,309.81302816901405,309.81302816901405,1,3,1,5,1,At Risk
15598,2011-10-17 16:04:00,2011-10-17 16:04:00,1,240.68,160,53,53,240.68,0.5742924528301887,1657.5132075471697,1657.5132075471697,3,1,1,5,2,Loyal Customers
15286,2011-10-21 11:08:00,2011-10-21 11:08:00,1,240.55,55,50,50,240.55,0.60875,1756.015,1756.015,3,1,1,5,2,Loyal Customers
13565,2011-11-20 14:33:00,2011-01-09 14:28:00,2,240.22,172,19,334,120.11,0.18226047904191617,262.51586826347307,262.51586826347307,4,2,1,7,2,Loyal Customers
17256,2011-08-24 13:30:00,2011-01-31 14:53:00,2,240.0,141,107,312,120.0,0.19511217948717952,280.7692307692308,280.7692307692308,2,3,1,6,2,Loyal Customers
17181,2011-10-13 14:48:00,2010-12-01 12:38:00,2,239.92000000000002,241,57,374,119.96000000000001,0.1627673796791444,234.14652406417113,234.14652406417113,3,3,1,7,2,Loyal Customers
15690,2011-12-05 15:59:00,2011-08-31 11:40:00,2,239.76,408,4,101,119.88,0.6027227722772277,866.459405940594,866.459405940594,5,3,1,9,2,Loyal Customers
13570,2011-04-10 13:36:00,2011-04-10 13:36:00,1,239.49,161,243,243,239.49,0.12525720164609053,359.7277777777778,359.7277777777778,1,1,1,3,1,At Risk
17684,2011-10-27 11:10:00,2011-10-27 11:10:00,1,239.41,145,44,44,239.41,0.6917613636363635,1986.0147727272727,1986.0147727272727,3,2,1,6,2,Loyal Customers
16756,2011-05-09 09:33:00,2011-05-09 09:33:00,1,239.4,106,215,215,239.4,0.14156976744186048,406.42325581395346,406.42325581395346,1,2,1,4,1,At Risk
15850,2011-11-20 14:14:00,2011-06-24 14:16:00,2,238.85,302,19,168,119.425,0.36235119047619047,518.9300595238095,518.9300595238095,4,3,1,8,2,Loyal Customers
12561,2011-02-10 11:39:00,2011-02-10 11:39:00,1,238.85,177,303,303,238.85,0.10045379537953796,287.72359735973595,287.72359735973595,1,1,1,3,1,At Risk
12718,2011-09-29 16:38:00,2011-09-29 16:38:00,1,238.25,203,71,71,238.25,0.42869718309859156,1224.806338028169,1224.806338028169,3,1,1,5,2,Loyal Customers
17877,2011-06-22 13:00:00,2011-06-22 13:00:00,1,237.61,98,170,170,237.61,0.17904411764705883,510.1626470588236,510.1626470588236,2,2,1,5,1,At Risk
14586,2011-03-08 10:04:00,2011-03-08 10:04:00,1,237.36,444,277,277,237.36,0.1098826714801444,312.76678700361015,312.76678700361015,1,1,1,3,1,At Risk
15457,2011-03-22 15:31:00,2011-03-22 15:31:00,1,237.07,132,262,262,237.07,0.11617366412213741,330.2692748091603,330.2692748091603,1,1,1,3,1,At Risk
18110,2011-11-20 12:34:00,2011-11-20 12:34:00,1,236.3,86,20,20,236.3,1.521875,4312.475,4312.475,4,2,1,7,2,Loyal Customers
12732,2011-06-13 11:33:00,2011-06-13 11:33:00,1,236.26000000000002,111,180,180,236.26000000000002,0.16909722222222223,479.08277777777784,479.08277777777784,1,1,1,3,1,At Risk
16026,2011-10-27 13:53:00,2011-10-27 13:53:00,1,236.09,243,43,43,236.09,0.7078488372093023,2004.0197674418605,2004.0197674418605,3,2,1,6,2,Loyal Customers
13187,2011-01-06 18:57:00,2011-01-06 18:57:00,1,236.02,95,337,337,236.02,0.09031899109792285,255.6299703264095,255.6299703264095,1,1,1,3,1,At Risk
15462,2011-09-06 13:11:00,2011-06-05 15:36:00,3,234.6,172,94,187,78.2,0.4883021390374332,457.909090909091,457.909090909091,2,3,1,6,2,Loyal Customers
14473,2011-09-26 15:10:00,2011-03-02 13:56:00,2,234.34000000000003,88,74,282,117.17000000000002,0.21586879432624112,303.31241134751775,303.31241134751775,2,3,1,6,2,Loyal Customers
17060,2011-03-18 13:27:00,2011-03-18 13:27:00,1,234.24,216,266,266,234.24,0.11442669172932331,321.4195488721805,321.4195488721805,1,2,1,4,1,At Risk
16961,2011-08-15 13:46:00,2011-08-15 13:46:00,1,234.17,125,116,116,234.17,0.26239224137931033,736.8280172413793,736.8280172413793,2,2,1,5,2,Loyal Customers
12736,2011-01-11 07:57:00,2011-01-11 07:57:00,1,234.0,173,333,333,234.0,0.0914039039039039,256.4864864864865,256.4864864864865,1,1,1,3,1,At Risk
15483,2011-07-01 13:07:00,2011-03-18 12:26:00,4,233.81,295,161,267,58.4525,0.4559925093632959,319.6279026217228,319.6279026217228,2,4,1,7,2,Loyal Customers
13348,2011-10-06 17:28:00,2011-10-06 17:28:00,1,233.76,136,64,64,233.76,0.4755859375,1333.1625,1333.1625,3,1,1,5,2,Loyal Customers
16583,2010-12-01 12:03:00,2010-12-01 12:03:00,1,233.45,111,374,374,233.45,0.0813836898395722,227.8322192513369,227.8322192513369,1,2,1,4,1,At Risk
14995,2011-11-01 11:39:00,2011-03-04 13:14:00,2,233.23000000000002,103,39,280,116.61500000000001,0.2174107142857143,304.0319642857143,304.0319642857143,3,3,1,7,2,Loyal Customers
16302,2011-08-05 09:44:00,2011-08-05 09:44:00,1,233.22,158,127,127,233.22,0.23966535433070868,670.2779527559055,670.2779527559055,2,2,1,5,2,Loyal Customers
13678,2011-07-11 10:14:00,2011-07-11 10:14:00,1,232.6,924,152,152,232.6,0.2002467105263158,558.546052631579,558.546052631579,2,1,1,4,1,At Risk
18213,2011-04-17 10:21:00,2011-04-17 10:21:00,1,232.48000000000002,232,237,237,232.48000000000002,0.1284282700421941,358.0388185654009,358.0388185654009,1,2,1,4,1,At Risk
16117,2011-06-03 11:42:00,2011-06-03 11:42:00,1,232.21,130,190,190,232.21,0.16019736842105262,446.0876315789474,446.0876315789474,1,2,1,4,1,At Risk
15393,2011-11-23 16:48:00,2011-03-03 16:58:00,2,231.86,150,16,281,115.93,0.2166370106761566,301.17046263345196,301.17046263345196,4,3,1,8,2,Loyal Customers
16641,2011-08-26 12:49:00,2011-08-26 12:49:00,1,231.10000000000002,256,106,106,231.10000000000002,0.28714622641509435,795.7688679245284,795.7688679245284,2,2,1,5,2,Loyal Customers
18030,2011-12-05 16:37:00,2011-10-28 13:55:00,2,230.64999999999998,67,4,42,115.32499999999999,1.4494047619047619,2004.458333333333,2004.458333333333,5,3,1,9,2,Loyal Customers
15866,2011-08-30 14:09:00,2011-08-30 14:09:00,1,230.53,126,101,101,230.53,0.30136138613861385,833.1034653465347,833.1034653465347,2,2,1,5,2,Loyal Customers
16445,2011-11-06 12:32:00,2011-11-06 12:32:00,1,230.51,111,34,34,230.51,0.8952205882352942,2474.5926470588233,2474.5926470588233,3,2,1,6,2,Loyal Customers
13786,2010-12-07 13:53:00,2010-12-07 13:53:00,1,230.39999999999998,136,367,367,230.39999999999998,0.08293596730245231,229.1444141689373,229.1444141689373,1,1,1,3,1,At Risk
16926,2010-12-03 13:42:00,2010-12-03 13:42:00,1,230.25,35,371,371,230.25,0.08204177897574123,226.52628032345012,226.52628032345012,1,2,1,4,1,At Risk
13960,2011-11-18 15:27:00,2011-09-29 12:39:00,2,230.22,142,21,72,115.11,0.8454861111111112,1167.0875,1167.0875,4,3,1,8,2,Loyal Customers
12812,2011-10-26 09:54:00,2011-10-26 09:54:00,1,229.64000000000001,164,45,45,229.64000000000001,0.6763888888888889,1862.6355555555556,1862.6355555555556,3,1,1,5,2,Loyal Customers
13474,2011-04-17 13:53:00,2011-04-17 13:53:00,1,229.59,132,236,236,229.59,0.12897245762711865,355.08622881355933,355.08622881355933,1,1,1,3,1,At Risk
13008,2011-01-20 14:24:00,2011-01-20 14:24:00,1,229.46999999999997,175,323,323,229.46999999999997,0.09423374613003097,259.3082043343653,259.3082043343653,1,1,1,3,1,At Risk
15528,2011-03-30 16:14:00,2011-03-30 16:14:00,1,229.33,123,254,254,229.33,0.11983267716535434,329.54901574803154,329.54901574803154,1,1,1,3,1,At Risk
14793,2011-11-18 14:50:00,2011-11-18 14:50:00,1,228.99,91,21,21,228.99,1.4494047619047619,3980.064285714286,3980.064285714286,4,1,1,6,2,Loyal Customers
17347,2011-09-14 13:12:00,2011-09-14 13:12:00,1,228.96,216,86,86,228.96,0.3539244186046511,971.7488372093025,971.7488372093025,2,2,1,5,2,Loyal Customers
13146,2011-11-13 15:29:00,2011-11-13 15:29:00,1,228.91,154,26,26,228.91,1.1706730769230769,3213.5442307692306,3213.5442307692306,4,1,1,6,2,Loyal Customers
13712,2011-04-07 12:33:00,2011-04-07 12:33:00,1,228.84,352,247,247,228.84,0.12322874493927125,338.1643724696356,338.1643724696356,1,1,1,3,1,At Risk
13070,2011-05-31 13:45:00,2011-05-31 13:45:00,1,228.8,110,192,192,228.8,0.15852864583333331,434.9583333333333,434.9583333333333,1,1,1,3,1,At Risk
17969,2011-06-26 13:00:00,2010-12-13 15:34:00,2,228.2,152,166,361,114.1,0.16862880886426593,230.72853185595568,230.72853185595568,2,3,1,6,1,At Risk
16527,2011-09-19 16:21:00,2011-09-19 16:21:00,1,228.06,106,81,81,228.06,0.3757716049382716,1027.6777777777777,1027.6777777777777,2,2,1,5,2,Loyal Customers
14569,2011-12-08 14:58:00,2011-12-08 14:58:00,1,227.39,79,1,1,227.39,30.4375,82997.34999999999,82997.34999999999,5,1,1,7,2,Loyal Customers
17212,2011-03-31 19:42:00,2011-03-31 19:42:00,1,226.85,147,253,253,226.85,0.12030632411067194,327.27371541501975,327.27371541501975,1,2,1,4,1,At Risk
17572,2011-09-29 17:53:00,2010-12-01 12:51:00,4,226.75000000000003,95,71,373,56.68750000000001,0.32640750670241286,221.88672922252016,221.88672922252016,3,4,1,8,2,Loyal Customers
16315,2011-01-13 11:57:00,2011-01-13 11:57:00,1,226.37,75,331,331,226.37,0.09195619335347431,249.6225075528701,249.6225075528701,1,2,1,4,1,At Risk
16777,2011-09-20 13:41:00,2011-03-27 14:34:00,2,226.35,64,80,257,113.175,0.23686770428015563,321.4698443579766,321.4698443579766,2,3,1,6,2,Loyal Customers
16619,2011-03-21 08:18:00,2011-03-21 08:18:00,1,226.21,133,264,264,226.21,0.1152935606060606,312.75246212121215,312.75246212121215,1,2,1,4,1,At Risk
17789,2011-03-03 13:14:00,2011-03-03 13:14:00,1,225.9,74,281,281,225.9,0.1083185053380783,293.4288256227758,293.4288256227758,1,2,1,4,1,At Risk
12672,2011-01-14 09:20:00,2011-01-14 09:20:00,1,225.89999999999998,78,330,330,225.89999999999998,0.09223484848484848,249.85909090909087,249.85909090909087,1,1,1,3,1,At Risk
14624,2011-10-13 13:44:00,2011-10-11 14:39:00,2,225.85,162,57,59,112.925,1.0317796610169492,1397.207627118644,1397.207627118644,3,3,1,7,2,Loyal Customers
14357,2011-10-27 16:23:00,2011-10-27 16:23:00,1,225.77,148,43,43,225.77,0.7078488372093023,1916.4197674418606,1916.4197674418606,3,1,1,5,2,Loyal Customers
12402,2011-01-20 13:49:00,2011-01-20 13:49:00,1,225.6,94,323,323,225.6,0.09423374613003097,254.93498452012383,254.93498452012383,1,1,1,3,1,At Risk
16690,2011-09-28 15:02:00,2011-05-22 10:53:00,2,225.57999999999998,138,72,202,112.78999999999999,0.30136138613861385,407.60742574257426,407.60742574257426,2,3,1,6,2,Loyal Customers
14052,2011-11-20 12:30:00,2011-11-20 12:30:00,1,225.36,89,20,20,225.36,1.521875,4112.820000000001,4112.820000000001,4,1,1,6,2,Loyal Customers
16587,2011-04-21 15:51:00,2011-04-21 15:51:00,1,225.15,71,232,232,225.15,0.13119612068965517,354.22306034482756,354.22306034482756,1,2,1,4,1,At Risk
17171,2011-02-23 16:37:00,2011-02-23 16:37:00,1,224.91,185,289,289,224.91,0.10532006920415225,284.0558823529412,284.0558823529412,1,2,1,4,1,At Risk
15175,2011-09-29 11:31:00,2011-09-29 11:31:00,1,224.14,454,72,72,224.14,0.4227430555555556,1136.2652777777776,1136.2652777777776,2,1,1,4,2,Loyal Customers
16471,2011-03-10 09:41:00,2011-03-10 09:41:00,1,223.95000000000002,141,275,275,223.95000000000002,0.11068181818181819,297.2427272727273,297.2427272727273,1,2,1,4,1,At Risk
16753,2011-10-12 13:14:00,2011-10-12 13:14:00,1,223.92000000000002,189,58,58,223.92000000000002,0.5247844827586207,1409.151724137931,1409.151724137931,3,2,1,6,2,Loyal Customers
14929,2011-11-07 17:21:00,2011-11-07 17:21:00,1,223.88,136,32,32,223.88,0.951171875,2553.63125,2553.63125,4,1,1,6,2,Loyal Customers
13926,2011-11-16 13:16:00,2011-11-16 13:16:00,1,223.85000000000002,104,23,23,223.85000000000002,1.3233695652173914,3552.402173913044,3552.402173913044,4,1,1,6,2,Loyal Customers
18101,2011-11-28 13:37:00,2011-07-19 13:05:00,2,223.65,88,11,143,111.825,0.4256993006993007,570.8548951048951,570.8548951048951,5,3,1,9,2,Loyal Customers
15637,2011-10-18 08:28:00,2011-10-18 08:28:00,1,223.36,128,53,53,223.36,0.5742924528301887,1538.2339622641512,1538.2339622641512,3,1,1,5,2,Loyal Customers
17534,2011-10-17 12:47:00,2011-10-17 12:47:00,1,223.36,103,54,54,223.36,0.5636574074074073,1509.7481481481484,1509.7481481481484,3,2,1,6,2,Loyal Customers
13382,2011-03-04 10:03:00,2011-03-04 10:03:00,1,222.99,131,281,281,222.99,0.1083185053380783,289.64893238434166,289.64893238434166,1,1,1,3,1,At Risk
15897,2011-05-29 13:50:00,2011-05-29 13:32:00,2,222.05,261,194,194,111.025,0.31378865979381443,417.77448453608247,417.77448453608247,1,3,1,5,1,At Risk
14598,2011-10-26 13:19:00,2011-10-26 13:19:00,1,221.97,189,44,44,221.97,0.6917613636363635,1841.3420454545455,1841.3420454545455,3,1,1,5,2,Loyal Customers
14960,2011-12-01 12:54:00,2011-06-21 13:38:00,2,221.27,221,8,171,110.635,0.35599415204678364,472.3014619883041,472.3014619883041,5,3,1,9,2,Loyal Customers
16392,2011-03-15 12:11:00,2011-03-15 12:11:00,1,221.19,203,270,270,221.19,0.11273148148148149,299.0161111111111,299.0161111111111,1,2,1,4,1,At Risk
13419,2011-10-07 12:49:00,2011-10-07 12:49:00,1,221.06,275,64,64,221.06,0.4755859375,1260.7328125,1260.7328125,3,1,1,5,2,Loyal Customers
15790,2011-11-29 14:53:00,2011-11-29 14:53:00,1,220.85,114,10,10,220.85,3.04375,8061.025,8061.025,5,2,1,8,2,Loyal Customers
16482,2011-11-24 12:33:00,2011-11-24 12:33:00,1,220.62,346,16,16,220.62,1.90234375,5032.89375,5032.89375,4,2,1,7,2,Loyal Customers
13079,2011-12-05 16:53:00,2011-07-22 14:41:00,5,220.10000000000002,62,4,140,44.02,1.0870535714285714,573.8321428571429,573.8321428571429,5,4,1,10,2,Loyal Customers
18114,2011-02-22 13:20:00,2011-02-22 13:20:00,1,220.1,55,290,290,220.1,0.10495689655172413,277.02241379310345,277.02241379310345,1,2,1,4,1,At Risk
13600,2011-01-31 15:27:00,2011-01-31 15:27:00,1,219.52,324,312,312,219.52,0.09755608974358976,256.81025641025644,256.81025641025644,1,1,1,3,1,At Risk
15096,2011-10-28 10:27:00,2011-10-28 10:27:00,1,219.39000000000001,120,43,43,219.39000000000001,0.7078488372093023,1862.2639534883722,1862.2639534883722,3,1,1,5,2,Loyal Customers
16895,2011-10-06 12:15:00,2011-10-06 12:15:00,1,219.14,102,65,65,219.14,0.4682692307692307,1230.5553846153846,1230.5553846153846,3,2,1,6,2,Loyal Customers
12702,2011-11-20 10:36:00,2011-11-20 10:36:00,1,219.0,53,20,20,219.0,1.521875,3996.75,3996.75,4,1,1,6,2,Loyal Customers
13669,2011-10-20 09:32:00,2011-07-13 11:44:00,2,218.55,237,51,150,109.275,0.4058333333333333,531.805,531.805,3,2,1,6,2,Loyal Customers
17619,2011-01-31 14:18:00,2011-01-31 14:18:00,1,218.52,127,312,312,218.52,0.09755608974358976,255.64038461538462,255.64038461538462,1,2,1,4,1,At Risk
13428,2011-11-29 14:20:00,2011-11-29 14:20:00,1,218.47,156,10,10,218.47,3.04375,7974.155000000001,7974.155000000001,5,1,1,7,2,Loyal Customers
12574,2011-01-28 09:20:00,2011-01-28 09:20:00,1,218.45,61,316,316,218.45,0.09632120253164557,252.3235759493671,252.3235759493671,1,1,1,3,1,At Risk
15724,2011-05-22 14:40:00,2011-02-28 10:40:00,2,218.25,73,201,285,109.125,0.2135964912280702,279.5131578947368,279.5131578947368,1,3,1,5,1,At Risk
14570,2011-03-04 10:58:00,2011-03-04 10:39:00,2,218.06,95,281,281,109.03,0.2166370106761566,283.24519572953733,283.24519572953733,1,3,1,5,1,At Risk
16634,2011-05-01 12:09:00,2010-12-02 17:41:00,2,217.9,82,223,372,108.95,0.16364247311827956,213.7997311827957,213.7997311827957,1,3,1,5,1,At Risk
13271,2011-11-02 14:31:00,2011-11-02 14:31:00,1,217.38,253,37,37,217.38,0.8226351351351351,2144.424324324324,2144.424324324324,3,1,1,5,2,Loyal Customers
15554,2011-03-07 09:00:00,2011-03-07 09:00:00,1,217.2,74,278,278,217.2,0.10948741007194245,285.1726618705036,285.1726618705036,1,1,1,3,1,At Risk
16080,2011-09-19 10:42:00,2011-03-10 14:44:00,2,217.16,128,82,274,108.58,0.22217153284671531,289.2824817518248,289.2824817518248,2,3,1,6,2,Loyal Customers
13739,2011-11-21 13:35:00,2011-11-21 13:35:00,1,216.9,54,18,18,216.9,1.6909722222222223,4398.25,4398.25,4,1,1,6,2,Loyal Customers
13503,2011-09-29 13:23:00,2011-09-29 13:23:00,1,216.85,248,71,71,216.85,0.42869718309859156,1114.7922535211267,1114.7922535211267,3,1,1,5,2,Loyal Customers
15460,2010-12-20 16:08:00,2010-12-20 16:08:00,1,216.76,109,354,354,216.76,0.0859816384180791,223.49548022598867,223.49548022598867,1,1,1,3,1,At Risk
12897,2011-05-19 12:13:00,2011-02-11 11:40:00,2,216.5,110,205,302,108.25,0.20157284768211922,261.6639072847682,261.6639072847682,1,2,1,4,1,At Risk
15604,2011-10-18 14:47:00,2011-10-18 14:47:00,1,216.39,159,52,52,216.39,0.5853365384615384,1518.891346153846,1518.891346153846,3,1,1,5,2,Loyal Customers
17436,2011-12-08 12:30:00,2011-04-27 11:33:00,2,216.29999999999998,90,2,227,108.14999999999999,0.2681718061674009,347.795154185022,347.795154185022,5,3,1,9,2,Loyal Customers
14104,2011-07-08 12:50:00,2011-06-27 12:49:00,2,216.20999999999998,72,155,166,108.10499999999999,0.3667168674698795,475.40150602409636,475.40150602409636,2,3,1,6,1,At Risk
13858,2011-10-13 16:17:00,2011-10-13 16:17:00,1,216.17,75,57,57,216.17,0.5339912280701754,1384.24649122807,1384.24649122807,3,1,1,5,2,Loyal Customers
16179,2011-10-10 09:41:00,2011-10-10 09:41:00,1,215.83,99,61,61,215.83,0.4989754098360656,1291.4418032786887,1291.4418032786887,3,2,1,6,2,Loyal Customers
15052,2011-01-24 15:52:00,2011-01-24 15:52:00,1,215.78,82,319,319,215.78,0.0954153605015674,246.89561128526645,246.89561128526645,1,1,1,3,1,At Risk
17580,2011-04-01 12:41:00,2010-12-16 15:27:00,3,215.72,88,253,358,71.90666666666667,0.25506284916201116,219.93798882681565,219.93798882681565,1,4,1,6,1,At Risk
14476,2011-03-27 15:39:00,2011-03-27 15:39:00,1,215.7,132,257,257,215.7,0.11843385214007782,306.34435797665367,306.34435797665367,1,1,1,3,1,At Risk
16189,2011-11-24 11:47:00,2011-09-15 15:21:00,2,215.48,134,16,85,107.74,0.7161764705882353,925.2964705882353,925.2964705882353,4,3,1,8,2,Loyal Customers
16190,2011-10-30 15:59:00,2011-10-30 15:59:00,1,215.08,88,40,40,215.08,0.7609375,1962.6050000000002,1962.6050000000002,3,2,1,6,2,Loyal Customers
16519,2011-11-14 15:41:00,2010-12-09 14:08:00,2,215.07999999999998,54,25,365,107.53999999999999,0.16678082191780824,215.07999999999998,215.07999999999998,4,3,1,8,2,Loyal Customers
12831,2011-03-22 13:02:00,2011-03-22 13:02:00,1,215.05,135,262,262,215.05,0.11617366412213741,299.5925572519084,299.5925572519084,1,1,1,3,1,At Risk
12588,2011-10-31 15:01:00,2011-10-31 15:01:00,1,214.89999999999998,53,39,39,214.89999999999998,0.7804487179487181,2011.2435897435894,2011.2435897435894,3,1,1,5,2,Loyal Customers
16338,2011-07-05 13:56:00,2011-07-05 13:56:00,1,214.79999999999998,94,157,157,214.79999999999998,0.19386942675159236,499.37579617834393,499.37579617834393,2,2,1,5,1,At Risk
16411,2011-11-20 13:23:00,2010-12-05 13:26:00,2,214.65,132,19,369,107.325,0.16497289972899729,212.3231707317073,212.3231707317073,4,3,1,8,2,Loyal Customers
16846,2011-10-20 13:55:00,2011-10-20 13:55:00,1,214.32,135,50,50,214.32,0.60875,1564.536,1564.536,3,2,1,6,2,Loyal Customers
16647,2011-06-23 11:47:00,2011-05-19 09:31:00,2,214.06,146,170,205,107.03,0.2969512195121951,381.1312195121951,381.1312195121951,2,3,1,6,1,At Risk
14601,2011-11-29 09:48:00,2011-11-29 09:48:00,1,213.96,168,11,11,213.96,2.767045454545454,7099.581818181819,7099.581818181819,5,1,1,7,2,Loyal Customers
13621,2011-08-15 08:26:00,2011-08-15 08:26:00,1,213.85,343,117,117,213.85,0.2601495726495726,667.1388888888889,667.1388888888889,2,1,1,4,2,Loyal Customers
17153,2011-11-15 13:42:00,2011-11-15 13:42:00,1,213.78,104,24,24,213.78,1.2682291666666665,3251.2374999999997,3251.2374999999997,4,2,1,7,2,Loyal Customers
14241,2011-06-09 11:46:00,2011-06-09 11:46:00,1,213.70000000000002,146,184,184,213.70000000000002,0.16542119565217392,423.9157608695652,423.9157608695652,1,1,1,3,1,At Risk
13411,2011-08-24 13:57:00,2011-08-24 13:57:00,1,213.55,72,107,107,213.55,0.2844626168224299,728.4649532710281,728.4649532710281,2,1,1,4,2,Loyal Customers
16591,2011-10-02 10:43:00,2011-10-02 10:43:00,1,213.5,41,69,69,213.5,0.4411231884057971,1129.3840579710145,1129.3840579710145,3,2,1,6,2,Loyal Customers
15540,2011-11-28 13:51:00,2011-11-28 13:51:00,1,213.3,200,11,11,213.3,2.767045454545454,7077.681818181818,7077.681818181818,5,1,1,7,2,Loyal Customers
14984,2011-11-20 14:28:00,2011-06-12 11:04:00,2,213.27,60,19,181,106.635,0.3363259668508287,430.0748618784531,430.0748618784531,4,3,1,8,2,Loyal Customers
17928,2011-10-25 13:52:00,2011-04-07 18:03:00,2,212.54,140,45,246,106.27,0.24745934959349591,315.35406504065037,315.35406504065037,3,3,1,7,2,Loyal Customers
16017,2011-10-23 12:56:00,2011-10-23 12:56:00,1,211.88,102,47,47,211.88,0.6476063829787234,1645.4510638297872,1645.4510638297872,3,2,1,6,2,Loyal Customers
16356,2011-05-26 11:51:00,2011-03-07 12:31:00,3,211.77,93,198,278,70.59,0.3284622302158273,278.043345323741,278.043345323741,1,4,1,6,1,At Risk
15703,2011-03-20 10:51:00,2011-03-20 10:51:00,1,211.5,66,265,265,211.5,0.11485849056603774,291.311320754717,291.311320754717,1,1,1,3,1,At Risk
12995,2011-09-15 15:44:00,2011-09-15 15:44:00,1,211.32,108,85,85,211.32,0.35808823529411765,907.4329411764706,907.4329411764706,2,1,1,4,2,Loyal Customers
16415,2011-10-26 13:35:00,2011-10-26 13:35:00,1,210.35,187,44,44,210.35,0.6917613636363635,1744.9488636363637,1744.9488636363637,3,2,1,6,2,Loyal Customers
13532,2011-11-06 12:25:00,2011-11-06 12:25:00,1,210.31,129,34,34,210.31,0.8952205882352942,2257.7397058823526,2257.7397058823526,3,1,1,5,2,Loyal Customers
13828,2011-11-17 16:02:00,2011-11-17 16:02:00,1,209.49,311,22,22,209.49,1.383522727272727,3475.6295454545457,3475.6295454545457,4,1,1,6,2,Loyal Customers
17855,2010-12-02 09:44:00,2010-12-02 09:44:00,1,208.97,197,373,373,208.97,0.08160187667560322,204.48806970509384,204.48806970509384,1,2,1,4,1,At Risk
15327,2011-10-18 11:55:00,2011-10-18 11:55:00,1,208.75,116,53,53,208.75,0.5742924528301887,1437.617924528302,1437.617924528302,3,1,1,5,2,Loyal Customers
17514,2011-08-03 15:45:00,2011-08-03 15:45:00,1,208.65,135,128,128,208.65,0.23779296875,594.978515625,594.978515625,2,2,1,5,2,Loyal Customers
16914,2011-11-03 15:27:00,2011-11-03 15:27:00,1,208.46,121,36,36,208.46,0.8454861111111112,2113.552777777778,2113.552777777778,3,2,1,6,2,Loyal Customers
16457,2011-05-05 13:19:00,2011-05-05 13:19:00,1,208.36,140,218,218,208.36,0.13962155963302753,348.859633027523,348.859633027523,1,2,1,4,1,At Risk
12547,2011-05-26 12:38:00,2011-03-04 12:46:00,2,207.79999999999998,134,198,281,103.89999999999999,0.2166370106761566,269.9181494661922,269.9181494661922,1,2,1,4,1,At Risk
18191,2011-03-23 12:08:00,2011-03-23 12:08:00,1,207.79999999999998,140,262,262,207.79999999999998,0.11617366412213741,289.49236641221376,289.49236641221376,1,2,1,4,1,At Risk
16866,2011-07-22 10:06:00,2011-07-01 12:34:00,3,207.73999999999998,60,141,162,69.24666666666666,0.5636574074074074,468.056172839506,468.056172839506,2,4,1,7,2,Loyal Customers
16323,2011-05-27 14:48:00,2011-05-27 14:48:00,1,207.50000000000003,50,196,196,207.50000000000003,0.15529336734693877,386.41581632653066,386.41581632653066,1,2,1,4,1,At Risk
17923,2011-03-02 15:15:00,2011-03-02 15:15:00,1,207.50000000000003,50,282,282,207.50000000000003,0.10793439716312056,268.57269503546104,268.57269503546104,1,2,1,4,1,At Risk
16752,2010-12-02 12:18:00,2010-12-02 12:18:00,1,207.5,54,373,373,207.5,0.08160187667560322,203.0495978552279,203.0495978552279,1,2,1,4,1,At Risk
13099,2011-09-01 17:40:00,2011-09-01 17:40:00,1,207.35999999999999,288,99,99,207.35999999999999,0.307449494949495,764.5090909090909,764.5090909090909,2,1,1,4,2,Loyal Customers
15925,2011-05-29 15:35:00,2011-05-29 15:35:00,1,207.15,93,194,194,207.15,0.15689432989690721,389.7409793814433,389.7409793814433,1,2,1,4,1,At Risk
15820,2011-01-24 12:00:00,2011-01-24 12:00:00,1,206.98,128,320,320,206.98,0.0951171875,236.08656249999999,236.08656249999999,1,2,1,4,1,At Risk
18126,2011-10-10 12:19:00,2011-10-10 12:19:00,1,206.82999999999998,144,61,61,206.82999999999998,0.4989754098360656,1237.589344262295,1237.589344262295,3,2,1,6,2,Loyal Customers
17166,2011-11-01 09:46:00,2011-05-20 08:18:00,2,206.34,78,39,204,103.17,0.29840686274509803,369.18676470588235,369.18676470588235,3,3,1,7,2,Loyal Customers
14964,2011-04-06 14:13:00,2011-04-06 14:13:00,1,206.21,143,247,247,206.21,0.12322874493927125,304.72327935222677,304.72327935222677,1,1,1,3,1,At Risk
13065,2010-12-01 16:52:00,2010-12-01 16:52:00,1,205.86,74,373,373,205.86,0.08160187667560322,201.4447721179625,201.4447721179625,1,1,1,3,1,At Risk
17670,2011-04-26 09:12:00,2011-04-26 09:12:00,1,205.7,110,228,228,205.7,0.13349780701754385,329.30043859649123,329.30043859649123,1,2,1,4,1,At Risk
17843,2011-02-09 15:33:00,2011-02-09 15:33:00,1,205.48,113,303,303,205.48,0.10045379537953796,247.52541254125413,247.52541254125413,1,2,1,4,1,At Risk
15307,2011-09-05 11:38:00,2011-09-05 11:38:00,1,205.3,37,96,96,205.3,0.31705729166666663,780.5677083333334,780.5677083333334,2,1,1,4,2,Loyal Customers
15758,2011-11-15 10:48:00,2011-11-15 10:48:00,1,205.25,47,25,25,205.25,1.2175,2996.65,2996.65,4,2,1,7,2,Loyal Customers
13513,2011-08-05 11:50:00,2011-08-05 11:50:00,1,205.1,109,127,127,205.1,0.23966535433070868,589.4606299212599,589.4606299212599,2,1,1,4,2,Loyal Customers
15319,2011-03-01 12:48:00,2011-03-01 12:48:00,1,204.5,175,284,284,204.5,0.10717429577464789,262.8257042253521,262.8257042253521,1,1,1,3,1,At Risk
17206,2011-10-17 13:25:00,2011-10-17 13:25:00,1,204.24,76,53,53,204.24,0.5742924528301887,1406.5584905660378,1406.5584905660378,3,2,1,6,2,Loyal Customers
18273,2011-12-07 13:16:00,2011-03-27 11:22:00,3,204.0,80,2,258,68.0,0.3539244186046512,288.6046511627907,288.6046511627907,5,4,1,10,2,Loyal Customers
13017,2011-12-02 15:53:00,2011-12-02 15:53:00,1,204.0,48,7,7,204.0,4.348214285714286,10637.142857142857,10637.142857142857,5,1,1,7,2,Loyal Customers
17187,2011-04-27 12:39:00,2011-04-27 12:39:00,1,203.95,144,227,227,203.95,0.13408590308370044,327.93722466960355,327.93722466960355,1,2,1,4,1,At Risk
17889,2011-05-11 16:26:00,2011-01-21 17:14:00,2,203.87,79,212,322,101.935,0.1890527950310559,231.09487577639752,231.09487577639752,1,3,1,5,1,At Risk
17394,2011-05-04 13:22:00,2011-05-04 13:22:00,1,203.86999999999998,241,219,219,203.86999999999998,0.1389840182648402,339.7833333333333,339.7833333333333,1,2,1,4,1,At Risk
17891,2011-06-30 20:08:00,2011-06-30 20:08:00,1,203.85999999999999,393,162,162,203.85999999999999,0.1878858024691358,459.31419753086413,459.31419753086413,2,2,1,5,1,At Risk
17376,2011-09-30 12:36:00,2011-02-01 14:12:00,2,203.2,86,71,311,101.6,0.1957395498392283,238.4823151125402,238.4823151125402,3,3,1,7,2,Loyal Customers
15723,2010-12-10 11:12:00,2010-12-10 11:12:00,1,203.1,87,365,365,203.1,0.08339041095890412,203.1,203.1,1,1,1,3,1,At Risk
14381,2011-10-18 17:10:00,2011-10-18 17:10:00,1,202.68,146,52,52,202.68,0.5853365384615384,1422.6576923076923,1422.6576923076923,3,1,1,5,2,Loyal Customers
18169,2011-10-10 12:18:00,2011-10-10 12:18:00,1,202.65,61,61,61,202.65,0.4989754098360656,1212.577868852459,1212.577868852459,3,2,1,6,2,Loyal Customers
14385,2011-11-30 15:36:00,2011-11-16 11:55:00,3,202.11,159,9,24,67.37,3.8046875,3073.7562500000004,3073.7562500000004,5,3,1,9,2,Loyal Customers
15347,2010-12-08 15:25:00,2010-12-08 15:25:00,1,201.60000000000002,130,366,366,201.60000000000002,0.08316256830601093,201.0491803278689,201.0491803278689,1,1,1,3,1,At Risk
13295,2010-12-15 11:21:00,2010-12-15 11:21:00,1,201.20000000000002,82,360,360,201.20000000000002,0.08454861111111112,203.99444444444444,203.99444444444444,1,1,1,3,1,At Risk
16965,2011-04-27 12:08:00,2011-04-27 12:08:00,1,201.19,291,227,227,201.19,0.13408590308370044,323.4993392070485,323.4993392070485,1,2,1,4,1,At Risk
13284,2011-01-13 09:23:00,2011-01-13 09:23:00,1,201.19,91,331,331,201.19,0.09195619335347431,221.85604229607253,221.85604229607253,1,1,1,3,1,At Risk
13859,2011-01-17 16:14:00,2011-01-17 16:14:00,1,201.16,129,326,326,201.16,0.0933665644171779,225.22515337423312,225.22515337423312,1,1,1,3,1,At Risk
17988,2011-11-28 11:00:00,2011-01-17 11:59:00,7,201.12,43,12,327,28.731428571428573,0.6515672782874617,224.49174311926606,224.49174311926606,5,5,1,11,2,Loyal Customers
17693,2011-07-25 15:48:00,2011-07-25 15:48:00,1,200.47,231,137,137,200.47,0.22217153284671531,534.0989051094891,534.0989051094891,2,2,1,5,2,Loyal Customers
13262,2011-03-21 15:06:00,2011-03-21 15:06:00,1,200.29,125,263,263,200.29,0.11573193916349811,277.96901140684406,277.96901140684406,1,1,1,3,1,At Risk
15437,2011-03-22 13:11:00,2011-03-22 13:11:00,1,200.16,79,262,262,200.16,0.11617366412213741,278.84885496183205,278.84885496183205,1,1,1,3,1,At Risk
13980,2011-10-10 13:34:00,2011-10-10 13:34:00,1,200.14,172,60,60,200.14,0.5072916666666667,1217.5183333333332,1217.5183333333332,3,1,1,5,2,Loyal Customers
14782,2011-01-24 11:12:00,2011-01-24 11:12:00,1,200.10000000000002,114,320,320,200.10000000000002,0.0951171875,228.23906250000005,228.23906250000005,1,1,1,3,1,At Risk
13723,2011-05-06 17:04:00,2011-05-06 17:04:00,1,199.85000000000002,43,217,217,199.85000000000002,0.14026497695852536,336.1532258064517,336.1532258064517,1,1,1,3,1,At Risk
15593,2011-09-30 11:46:00,2011-09-30 11:46:00,1,199.8,60,71,71,199.8,0.42869718309859156,1027.1408450704225,1027.1408450704225,3,1,1,5,2,Loyal Customers
13322,2011-11-22 14:21:00,2011-11-22 14:21:00,1,199.48000000000002,117,17,17,199.48000000000002,1.7904411764705883,4282.9529411764715,4282.9529411764715,4,1,1,6,2,Loyal Customers
17383,2011-12-05 17:36:00,2011-12-05 17:36:00,1,199.29,150,4,4,199.29,7.609375,18185.212499999998,18185.212499999998,5,2,1,8,2,Loyal Customers
16832,2011-06-08 15:36:00,2011-05-06 14:12:00,3,199.15,33,184,217,66.38333333333334,0.420794930875576,334.975806451613,334.975806451613,1,4,1,6,1,At Risk
17987,2011-06-07 14:22:00,2011-06-07 14:22:00,1,198.57,261,185,185,198.57,0.164527027027027,391.77324324324326,391.77324324324326,1,2,1,4,1,At Risk
16178,2011-07-24 16:05:00,2011-07-24 16:05:00,1,197.9,94,138,138,197.9,0.22056159420289856,523.4311594202899,523.4311594202899,2,2,1,5,2,Loyal Customers
12450,2011-07-06 14:41:00,2011-06-19 14:36:00,2,197.88,128,156,173,98.94,0.351878612716763,417.49248554913294,417.49248554913294,2,2,1,5,1,At Risk
12581,2011-10-31 08:56:00,2011-10-31 08:56:00,1,197.71,161,40,40,197.71,0.7609375,1804.1037500000002,1804.1037500000002,3,1,1,5,2,Loyal Customers
14185,2011-01-12 13:52:00,2011-01-12 13:52:00,1,197.65,6,331,331,197.65,0.09195619335347431,217.952416918429,217.952416918429,1,1,1,3,1,At Risk
14789,2011-11-11 08:59:00,2011-11-11 08:59:00,1,197.64,116,29,29,197.64,1.0495689655172413,2487.5379310344824,2487.5379310344824,4,1,1,6,2,Loyal Customers
17301,2011-11-18 13:43:00,2011-11-18 13:43:00,1,197.63,149,21,21,197.63,1.4494047619047619,3434.997619047619,3434.997619047619,4,2,1,7,2,Loyal Customers
16829,2011-07-06 10:48:00,2011-07-06 10:48:00,1,197.22,99,157,157,197.22,0.19386942675159236,458.5050955414013,458.5050955414013,2,2,1,5,1,At Risk
14830,2011-10-17 14:29:00,2011-10-17 14:29:00,1,197.13,169,53,53,197.13,0.5742924528301887,1357.593396226415,1357.593396226415,3,1,1,5,2,Loyal Customers
15234,2011-03-08 08:53:00,2011-03-08 08:53:00,1,197.0,196,277,277,197.0,0.1098826714801444,259.58483754512633,259.58483754512633,1,1,1,3,1,At Risk
12586,2011-11-22 16:24:00,2011-11-22 16:24:00,1,196.94000000000003,79,17,17,196.94000000000003,1.7904411764705883,4228.417647058824,4228.417647058824,4,1,1,6,2,Loyal Customers
13436,2011-12-08 10:33:00,2011-12-08 10:33:00,1,196.89,76,2,2,196.89,15.21875,35932.424999999996,35932.424999999996,5,1,1,7,2,Loyal Customers
15746,2011-07-28 15:21:00,2011-07-28 15:21:00,1,196.88,178,134,134,196.88,0.22714552238805968,536.2776119402985,536.2776119402985,2,1,1,4,2,Loyal Customers
13978,2011-11-25 11:36:00,2011-10-25 15:04:00,2,196.79000000000002,315,15,45,98.39500000000001,1.3527777777777779,1596.1855555555558,1596.1855555555558,4,3,1,8,2,Loyal Customers
17660,2011-07-21 13:37:00,2011-07-21 13:37:00,1,196.0,130,141,141,196.0,0.21586879432624112,507.3758865248227,507.3758865248227,2,2,1,5,1,At Risk
16112,2011-07-19 14:28:00,2011-01-05 11:47:00,4,195.73999999999998,574,143,339,48.934999999999995,0.35914454277286134,210.75250737463125,210.75250737463125,2,4,1,7,2,Loyal Customers
13792,2011-10-04 14:31:00,2011-02-25 14:03:00,2,195.55,92,66,287,97.775,0.21210801393728224,248.69599303135888,248.69599303135888,3,2,1,6,2,Loyal Customers
17010,2011-11-21 14:49:00,2011-11-21 14:49:00,1,195.36,118,18,18,195.36,1.6909722222222223,3961.466666666667,3961.466666666667,4,2,1,7,2,Loyal Customers
14666,2011-11-15 12:57:00,2011-11-15 12:57:00,1,195.25,161,24,24,195.25,1.2682291666666665,2969.4270833333335,2969.4270833333335,4,1,1,6,2,Loyal Customers
15612,2011-11-03 14:52:00,2011-10-09 12:49:00,2,195.15,52,36,62,97.575,0.9818548387096774,1148.866935483871,1148.866935483871,3,3,1,7,2,Loyal Customers
14100,2011-07-25 11:01:00,2011-07-25 11:01:00,1,194.9,64,138,138,194.9,0.22056159420289856,515.4963768115942,515.4963768115942,2,1,1,4,2,Loyal Customers
16887,2011-11-04 14:07:00,2011-11-04 14:07:00,1,194.88,157,35,35,194.88,0.8696428571428572,2032.32,2032.32,3,2,1,6,2,Loyal Customers
14087,2011-12-07 12:41:00,2011-12-07 12:41:00,1,194.42,251,3,3,194.42,10.145833333333332,23654.43333333333,23654.43333333333,5,1,1,7,2,Loyal Customers
17475,2011-09-21 14:55:00,2011-09-21 14:55:00,1,194.37,178,79,79,194.37,0.3852848101265823,898.0386075949367,898.0386075949367,2,2,1,5,2,Loyal Customers
15683,2011-08-14 12:56:00,2011-08-14 12:56:00,1,193.75,131,117,117,193.75,0.2601495726495726,604.4337606837607,604.4337606837607,2,1,1,4,2,Loyal Customers
17343,2010-12-19 15:07:00,2010-12-19 15:07:00,1,193.64,56,355,355,193.64,0.0857394366197183,199.09464788732393,199.09464788732393,1,2,1,4,1,At Risk
15198,2011-09-08 14:42:00,2011-08-07 15:16:00,2,193.64,120,92,124,96.82,0.4909274193548387,569.9887096774193,569.9887096774193,2,3,1,6,2,Loyal Customers
16847,2011-10-27 13:29:00,2011-10-27 13:29:00,1,193.44,78,43,43,193.44,0.7078488372093023,1641.9906976744187,1641.9906976744187,3,2,1,6,2,Loyal Customers
17608,2011-11-06 13:06:00,2011-11-06 13:00:00,2,193.42,232,33,33,96.71,1.8446969696969695,2139.342424242424,2139.342424242424,4,3,1,8,2,Loyal Customers
14806,2011-09-25 15:32:00,2011-09-25 15:32:00,1,193.39000000000001,330,75,75,193.39000000000001,0.4058333333333333,941.1646666666668,941.1646666666668,2,1,1,4,2,Loyal Customers
14801,2011-10-09 15:24:00,2011-10-09 15:24:00,1,193.14,175,61,61,193.14,0.4989754098360656,1155.6737704918032,1155.6737704918032,3,1,1,5,2,Loyal Customers
13568,2011-06-19 14:42:00,2011-06-19 14:42:00,1,192.85,70,173,173,192.85,0.1759393063583815,406.8800578034682,406.8800578034682,2,1,1,4,1,At Risk
12522,2011-10-31 15:30:00,2011-10-19 14:41:00,2,192.72,194,39,51,96.36,1.1936274509803921,1379.270588235294,1379.270588235294,3,2,1,6,2,Loyal Customers
12791,2010-12-01 11:27:00,2010-12-01 11:27:00,1,192.60000000000002,97,374,374,192.60000000000002,0.0813836898395722,187.96524064171126,187.96524064171126,1,1,1,3,1,At Risk
14768,2011-11-22 12:54:00,2011-08-04 13:25:00,2,192.60000000000002,52,17,127,96.30000000000001,0.47933070866141736,553.5354330708662,553.5354330708662,4,3,1,8,2,Loyal Customers
15909,2011-06-19 10:38:00,2011-06-19 10:38:00,1,191.94,98,174,174,191.94,0.17492816091954022,402.6327586206897,402.6327586206897,2,2,1,5,1,At Risk
17904,2011-11-18 12:57:00,2011-11-18 12:57:00,1,191.67,63,21,21,191.67,1.4494047619047619,3331.4071428571424,3331.4071428571424,4,2,1,7,2,Loyal Customers
14966,2011-11-25 12:20:00,2011-11-25 12:20:00,1,191.32,187,15,15,191.32,2.029166666666667,4655.453333333334,4655.453333333334,4,1,1,6,2,Loyal Customers
15692,2011-11-11 14:12:00,2011-11-11 14:12:00,1,191.04,138,28,28,191.04,1.0870535714285714,2490.3428571428567,2490.3428571428567,4,1,1,6,2,Loyal Customers
17233,2011-11-04 14:06:00,2011-11-04 14:06:00,1,190.88,131,35,35,190.88,0.8696428571428572,1990.6057142857142,1990.6057142857142,3,2,1,6,2,Loyal Customers
13033,2010-12-17 14:23:00,2010-12-17 14:23:00,1,190.55,83,357,357,190.55,0.08525910364145657,194.82002801120447,194.82002801120447,1,1,1,3,1,At Risk
15412,2011-06-21 15:24:00,2011-06-21 15:24:00,1,190.53,108,171,171,190.53,0.17799707602339182,406.68684210526317,406.68684210526317,2,1,1,4,1,At Risk
13972,2011-09-30 11:54:00,2011-05-22 11:34:00,2,190.25,187,71,202,95.125,0.30136138613861385,343.76856435643566,343.76856435643566,3,3,1,7,2,Loyal Customers
17885,2011-11-27 14:40:00,2011-11-27 14:40:00,1,190.19,167,12,12,190.19,2.536458333333333,5784.945833333334,5784.945833333334,5,2,1,8,2,Loyal Customers
12361,2011-02-25 13:51:00,2011-02-25 13:51:00,1,189.9,91,287,287,189.9,0.10605400696864112,241.51045296167248,241.51045296167248,1,1,1,3,1,At Risk
13826,2011-06-16 13:48:00,2011-06-16 13:48:00,1,189.5,82,176,176,189.5,0.17294034090909088,392.99715909090907,392.99715909090907,2,1,1,4,1,At Risk
13663,2011-06-13 15:44:00,2011-06-13 15:44:00,1,189.47,91,179,179,189.47,0.17004189944134077,386.34944134078216,386.34944134078216,1,1,1,3,1,At Risk
18045,2011-10-25 13:07:00,2011-10-25 13:07:00,1,189.4,142,45,45,189.4,0.6763888888888889,1536.2444444444445,1536.2444444444445,3,2,1,6,2,Loyal Customers
16448,2011-05-25 16:28:00,2011-05-25 16:28:00,1,188.89000000000001,78,198,198,188.89000000000001,0.1537247474747475,348.20631313131315,348.20631313131315,1,2,1,4,1,At Risk
14697,2011-05-05 15:39:00,2011-05-05 15:29:00,2,188.60999999999999,181,218,218,94.30499999999999,0.27924311926605505,315.7919724770642,315.7919724770642,1,3,1,5,1,At Risk
12893,2011-11-09 12:34:00,2011-11-09 12:34:00,1,188.14,96,31,31,188.14,0.9818548387096774,2215.196774193548,2215.196774193548,4,1,1,6,2,Loyal Customers
17781,2011-07-03 16:00:00,2011-03-31 19:54:00,2,188.02,34,159,253,94.01,0.24061264822134387,271.25415019762846,271.25415019762846,2,3,1,6,1,At Risk
14722,2011-07-15 14:58:00,2011-07-15 14:58:00,1,187.92000000000002,120,147,147,187.92000000000002,0.20705782312925172,466.6040816326531,466.6040816326531,2,1,1,4,1,At Risk
17279,2011-10-13 11:58:00,2011-10-13 11:58:00,1,187.82999999999998,48,58,58,187.82999999999998,0.5247844827586207,1182.0336206896552,1182.0336206896552,3,2,1,6,2,Loyal Customers
18013,2011-07-07 14:11:00,2011-07-07 14:08:00,2,187.29,285,155,155,93.645,0.392741935483871,441.03774193548384,441.03774193548384,2,3,1,6,1,At Risk
17440,2011-07-06 11:54:00,2011-04-06 12:05:00,3,186.42000000000002,246,157,248,62.14000000000001,0.36819556451612906,274.36814516129033,274.36814516129033,2,4,1,7,1,At Risk
13672,2011-02-11 13:53:00,2011-01-11 13:54:00,2,186.39000000000001,57,301,332,93.19500000000001,0.18335843373493976,204.9167168674699,204.9167168674699,1,2,1,4,1,At Risk
14551,2011-11-21 13:36:00,2011-05-19 18:21:00,2,186.23,106,18,204,93.115,0.29840686274509803,333.20563725490194,333.20563725490194,4,3,1,8,2,Loyal Customers
15567,2011-11-21 10:48:00,2011-11-21 10:48:00,1,186.01,223,19,19,186.01,1.6019736842105263,3573.35,3573.35,4,1,1,6,2,Loyal Customers
12641,2011-08-16 13:26:00,2011-08-16 13:26:00,1,185.9,72,115,115,185.9,0.26467391304347826,590.0304347826087,590.0304347826087,2,1,1,4,2,Loyal Customers
17574,2011-04-11 09:47:00,2011-04-11 09:47:00,1,185.65,77,243,243,185.65,0.12525720164609053,278.85699588477365,278.85699588477365,1,2,1,4,1,At Risk
14199,2011-05-05 13:44:00,2011-05-05 13:44:00,1,185.39999999999998,28,218,218,185.39999999999998,0.13962155963302753,310.4174311926605,310.4174311926605,1,1,1,3,1,At Risk
16097,2011-04-13 13:47:00,2011-04-13 13:47:00,1,185.04999999999998,87,240,240,185.04999999999998,0.12682291666666667,281.4302083333333,281.4302083333333,1,2,1,4,1,At Risk
13482,2011-04-21 17:03:00,2011-04-21 17:03:00,1,184.64,116,232,232,184.64,0.13119612068965517,290.48965517241373,290.48965517241373,1,1,1,3,1,At Risk
17680,2011-11-16 12:42:00,2011-11-16 12:42:00,1,184.4,96,24,24,184.4,1.2682291666666665,2804.4166666666665,2804.4166666666665,4,2,1,7,2,Loyal Customers
16433,2011-11-11 14:09:00,2011-11-11 14:09:00,1,184.26,106,28,28,184.26,1.0870535714285714,2401.960714285714,2401.960714285714,4,2,1,7,2,Loyal Customers
15124,2011-11-17 10:09:00,2011-06-01 09:06:00,2,184.19,233,23,192,92.095,0.31705729166666663,350.1528645833334,350.1528645833334,4,3,1,8,2,Loyal Customers
14326,2011-04-11 15:04:00,2011-04-11 15:04:00,1,183.85,103,242,242,183.85,0.12577479338842976,277.2944214876033,277.2944214876033,1,1,1,3,1,At Risk
16680,2011-10-27 17:35:00,2011-10-27 17:35:00,1,183.7,94,43,43,183.7,0.7078488372093023,1559.3139534883721,1559.3139534883721,3,2,1,6,2,Loyal Customers
14059,2011-03-18 10:06:00,2011-03-18 10:06:00,1,183.6,128,267,267,183.6,0.11399812734082397,250.98876404494382,250.98876404494382,1,1,1,3,1,At Risk
13460,2011-11-10 17:17:00,2011-10-21 09:50:00,2,183.44,286,29,50,91.72,1.2175,1339.112,1339.112,4,2,1,7,2,Loyal Customers
13059,2011-04-04 10:40:00,2011-04-04 10:40:00,1,183.4,35,250,250,183.4,0.12175000000000001,267.764,267.764,1,1,1,3,1,At Risk
17772,2011-11-29 11:05:00,2011-11-29 10:57:00,2,182.77,58,11,11,91.385,5.534090909090908,6064.640909090909,6064.640909090909,5,3,1,9,2,Loyal Customers
14082,2010-12-10 11:02:00,2010-12-10 11:02:00,1,182.25,110,365,365,182.25,0.08339041095890412,182.25,182.25,1,1,1,3,1,At Risk
18119,2010-12-07 11:59:00,2010-12-07 11:59:00,1,181.12,125,368,368,181.12,0.08271059782608696,179.64347826086959,179.64347826086959,1,2,1,4,1,At Risk
15886,2011-10-10 14:25:00,2011-10-10 14:25:00,1,181.09,147,60,60,181.09,0.5072916666666667,1101.6308333333334,1101.6308333333334,3,2,1,6,2,Loyal Customers
16594,2011-09-25 14:08:00,2011-09-25 14:08:00,1,181.09,64,75,75,181.09,0.4058333333333333,881.3046666666668,881.3046666666668,2,2,1,5,2,Loyal Customers
15945,2010-12-09 13:14:00,2010-12-09 13:14:00,1,181.0,52,365,365,181.0,0.08339041095890412,181.0,181.0,1,2,1,4,1,At Risk
15292,2011-05-22 15:00:00,2011-05-22 15:00:00,1,180.94,56,201,201,180.94,0.15143034825870647,328.5726368159204,328.5726368159204,1,1,1,3,1,At Risk
16835,2011-08-03 13:50:00,2010-12-01 17:15:00,2,180.85,61,128,373,90.425,0.16320375335120643,176.97117962466487,176.97117962466487,2,3,1,6,2,Loyal Customers
18280,2011-03-07 09:52:00,2011-03-07 09:52:00,1,180.60000000000002,45,278,278,180.60000000000002,0.10948741007194245,237.1187050359713,237.1187050359713,1,2,1,4,1,At Risk
13710,2011-11-08 08:16:00,2011-11-08 08:16:00,1,180.48,176,32,32,180.48,0.951171875,2058.6,2058.6,4,1,1,6,2,Loyal Customers
15041,2011-06-22 16:16:00,2011-06-22 16:16:00,1,180.35,104,170,170,180.35,0.17904411764705883,387.22205882352944,387.22205882352944,2,1,1,4,1,At Risk
13598,2011-10-23 14:28:00,2011-10-23 14:28:00,1,180.17000000000002,58,47,47,180.17000000000002,0.6476063829787234,1399.1925531914894,1399.1925531914894,3,1,1,5,2,Loyal Customers
12622,2011-04-21 16:39:00,2011-04-21 16:39:00,1,180.1,69,232,232,180.1,0.13119612068965517,283.3469827586207,283.3469827586207,1,1,1,3,1,At Risk
18147,2011-10-25 11:46:00,2011-08-23 12:22:00,2,179.33999999999997,203,46,109,89.66999999999999,0.5584862385321101,600.5422018348623,600.5422018348623,3,3,1,7,2,Loyal Customers
15895,2011-07-13 10:27:00,2011-07-13 10:27:00,1,179.17,94,150,150,179.17,0.20291666666666666,435.9803333333333,435.9803333333333,2,2,1,5,1,At Risk
15454,2010-12-12 14:21:00,2010-12-12 14:21:00,1,179.1,86,362,362,179.1,0.08408149171270718,180.5842541436464,180.5842541436464,1,1,1,3,1,At Risk
16990,2011-05-05 08:30:00,2011-05-05 08:30:00,1,179.0,100,219,219,179.0,0.1389840182648402,298.3333333333333,298.3333333333333,1,2,1,4,1,At Risk
14705,2011-05-25 12:39:00,2011-05-25 12:39:00,1,179.0,100,199,199,179.0,0.15295226130653267,328.31658291457285,328.31658291457285,1,1,1,3,1,At Risk
16620,2011-12-06 12:19:00,2011-03-24 10:37:00,2,178.96,88,4,261,89.48,0.2332375478927203,250.2697318007663,250.2697318007663,5,3,1,9,2,Loyal Customers
15139,2011-04-14 11:39:00,2011-01-07 12:44:00,2,178.96,208,240,337,89.48,0.1806379821958457,193.82908011869438,193.82908011869438,1,3,1,5,1,At Risk
15262,2011-01-20 12:16:00,2011-01-20 12:16:00,1,178.95000000000002,73,324,324,178.95000000000002,0.0939429012345679,201.59490740740742,201.59490740740742,1,1,1,3,1,At Risk
13778,2011-08-28 15:25:00,2011-08-28 15:25:00,1,178.7,70,103,103,178.7,0.2955097087378641,633.257281553398,633.257281553398,2,1,1,4,2,Loyal Customers
17879,2011-06-19 12:36:00,2011-06-19 12:36:00,1,178.51999999999998,45,174,174,178.51999999999998,0.17492816091954022,374.48160919540226,374.48160919540226,2,2,1,5,1,At Risk
17253,2011-11-21 12:59:00,2011-11-21 12:59:00,1,178.26,43,18,18,178.26,1.6909722222222223,3614.7166666666662,3614.7166666666662,4,2,1,7,2,Loyal Customers
17356,2011-02-01 11:07:00,2011-02-01 11:07:00,1,178.22,166,312,312,178.22,0.09755608974358976,208.4945512820513,208.4945512820513,1,2,1,4,1,At Risk
18282,2011-12-02 11:43:00,2011-08-05 13:35:00,2,178.05,103,8,126,89.025,0.48313492063492064,515.7797619047619,515.7797619047619,5,3,1,9,2,Loyal Customers
16403,2011-01-31 13:39:00,2011-01-31 13:39:00,1,177.5,114,312,312,177.5,0.09755608974358976,207.6522435897436,207.6522435897436,1,2,1,4,1,At Risk
13618,2011-06-19 11:09:00,2011-06-19 11:09:00,1,177.34,246,174,174,177.34,0.17492816091954022,372.00632183908044,372.00632183908044,2,1,1,4,1,At Risk
12618,2011-11-18 11:10:00,2011-11-18 11:10:00,1,177.31,96,22,22,177.31,1.383522727272727,2941.734090909091,2941.734090909091,4,1,1,6,2,Loyal Customers
13072,2011-03-18 08:12:00,2011-03-18 08:12:00,1,177.15,69,267,267,177.15,0.11399812734082397,242.17134831460675,242.17134831460675,1,1,1,3,1,At Risk
12923,2011-10-06 16:20:00,2011-10-06 16:20:00,1,176.97,69,64,64,176.97,0.4755859375,1009.28203125,1009.28203125,3,1,1,5,2,Loyal Customers
17947,2011-11-02 13:05:00,2011-11-02 13:05:00,1,176.68,168,37,37,176.68,0.8226351351351351,1742.9243243243245,1742.9243243243245,3,2,1,6,2,Loyal Customers
14287,2011-12-01 13:25:00,2011-05-25 11:41:00,3,176.63,261,8,199,58.876666666666665,0.458856783919598,323.96959798994976,323.96959798994976,5,3,1,9,2,Loyal Customers
12509,2011-02-28 14:45:00,2011-02-28 14:45:00,1,176.5,55,284,284,176.5,0.10717429577464789,226.83978873239437,226.83978873239437,1,1,1,3,1,At Risk
18274,2011-11-09 17:03:00,2011-11-09 17:03:00,1,175.92,88,30,30,175.92,1.0145833333333334,2140.3599999999997,2140.3599999999997,4,2,1,7,2,Loyal Customers
17582,2011-04-17 13:18:00,2011-04-17 13:18:00,1,175.27,123,236,236,175.27,0.12897245762711865,271.0743644067797,271.0743644067797,1,2,1,4,1,At Risk
16144,2011-04-07 10:09:00,2011-04-07 10:09:00,1,175.2,16,247,247,175.2,0.12322874493927125,258.8987854251012,258.8987854251012,1,2,1,4,1,At Risk
17331,2011-08-08 11:55:00,2011-08-08 11:55:00,1,175.2,16,124,124,175.2,0.24546370967741934,515.7096774193548,515.7096774193548,2,2,1,5,2,Loyal Customers
18010,2011-03-28 12:27:00,2011-03-28 12:27:00,1,174.8,60,257,257,174.8,0.11843385214007782,248.25680933852144,248.25680933852144,1,2,1,4,1,At Risk
14355,2010-12-09 12:16:00,2010-12-09 12:16:00,1,174.4,92,366,366,174.4,0.08316256830601093,173.92349726775956,173.92349726775956,1,1,1,3,1,At Risk
13560,2011-12-02 13:11:00,2011-12-02 13:11:00,1,174.37,64,7,7,174.37,4.348214285714286,9092.15,9092.15,5,1,1,7,2,Loyal Customers
14518,2011-10-06 14:43:00,2011-10-06 14:43:00,1,174.37,278,64,64,174.37,0.4755859375,994.45390625,994.45390625,3,1,1,5,2,Loyal Customers
15335,2011-10-17 12:50:00,2011-10-17 12:50:00,1,173.97,80,54,54,173.97,0.5636574074074073,1175.9083333333333,1175.9083333333333,3,1,1,5,2,Loyal Customers
18278,2011-09-27 11:58:00,2011-09-27 11:58:00,1,173.9,66,74,74,173.9,0.41131756756756754,857.75,857.75,2,2,1,5,2,Loyal Customers
16861,2011-10-11 09:05:00,2011-07-04 15:38:00,2,173.76,140,60,158,86.88,0.3852848101265823,401.40759493670885,401.40759493670885,3,3,1,7,2,Loyal Customers
14798,2011-10-18 10:58:00,2011-02-02 15:26:00,3,173.74,150,53,310,57.913333333333334,0.2945564516129032,204.56483870967745,204.56483870967745,3,3,1,7,2,Loyal Customers
16565,2010-12-10 15:21:00,2010-12-10 15:21:00,1,173.7,46,364,364,173.7,0.0836195054945055,174.17719780219778,174.17719780219778,1,2,1,4,1,At Risk
12441,2010-12-08 10:45:00,2010-12-08 10:45:00,1,173.55,121,367,367,173.55,0.08293596730245231,172.60422343324254,172.60422343324254,1,1,1,3,1,At Risk
15565,2011-10-20 14:33:00,2011-09-30 10:44:00,2,173.16,60,50,71,86.58,0.8573943661971831,890.1887323943662,890.1887323943662,3,3,1,7,2,Loyal Customers
15670,2011-02-16 10:50:00,2011-02-16 10:50:00,1,173.05,91,297,297,173.05,0.10248316498316498,212.67087542087543,212.67087542087543,1,1,1,3,1,At Risk
14693,2011-03-20 12:50:00,2011-03-20 12:50:00,1,172.9,34,265,265,172.9,0.11485849056603774,238.14528301886793,238.14528301886793,1,1,1,3,1,At Risk
18048,2011-05-20 14:58:00,2011-05-20 14:54:00,2,172.29000000000002,127,203,203,86.14500000000001,0.2998768472906404,309.782512315271,309.782512315271,1,3,1,5,1,At Risk
13690,2011-10-11 15:03:00,2011-10-11 15:03:00,1,172.25,67,59,59,172.25,0.5158898305084746,1065.614406779661,1065.614406779661,3,1,1,5,2,Loyal Customers
13922,2010-12-23 10:38:00,2010-12-23 10:38:00,1,172.25,93,352,352,172.25,0.08647017045454544,178.6115056818182,178.6115056818182,1,1,1,3,1,At Risk
12442,2011-12-06 14:22:00,2011-12-06 14:22:00,1,172.06,182,3,3,172.06,10.145833333333332,20933.966666666667,20933.966666666667,5,1,1,7,2,Loyal Customers
14536,2011-03-25 12:21:00,2011-03-25 12:21:00,1,171.8,40,260,260,171.8,0.11706730769230768,241.18076923076927,241.18076923076927,1,1,1,3,1,At Risk
16773,2011-10-13 14:37:00,2011-10-13 14:37:00,1,171.59,171,57,57,171.59,0.5339912280701754,1098.7780701754386,1098.7780701754386,3,2,1,6,2,Loyal Customers
17245,2011-05-19 10:43:00,2011-05-19 10:43:00,1,171.45,75,205,205,171.45,0.14847560975609755,305.26463414634145,305.26463414634145,1,2,1,4,1,At Risk
15432,2011-11-16 16:30:00,2011-11-16 16:30:00,1,171.19,65,23,23,171.19,1.3233695652173914,2716.7108695652173,2716.7108695652173,4,1,1,6,2,Loyal Customers
17542,2011-03-15 11:45:00,2011-03-15 11:45:00,1,170.75,134,270,270,170.75,0.11273148148148149,230.8287037037037,230.8287037037037,1,2,1,4,1,At Risk
14860,2011-11-20 14:17:00,2011-11-20 14:17:00,1,170.32,232,19,19,170.32,1.6019736842105263,3271.9368421052627,3271.9368421052627,4,1,1,6,2,Loyal Customers
18058,2011-11-30 08:38:00,2011-11-30 08:38:00,1,170.16,88,10,10,170.16,3.04375,6210.84,6210.84,5,2,1,8,2,Loyal Customers
15016,2011-06-20 12:06:00,2011-06-20 12:06:00,1,170.04,76,173,173,170.04,0.1759393063583815,358.7549132947977,358.7549132947977,2,1,1,4,1,At Risk
16921,2011-10-09 16:22:00,2011-10-09 16:22:00,1,169.79,171,61,61,169.79,0.4989754098360656,1015.9565573770492,1015.9565573770492,3,2,1,6,2,Loyal Customers
13962,2011-11-18 08:47:00,2011-04-08 11:21:00,2,169.55,87,22,246,84.775,0.24745934959349591,251.56808943089433,251.56808943089433,4,3,1,8,2,Loyal Customers
14218,2011-10-28 10:00:00,2011-10-28 10:00:00,1,169.48000000000002,160,43,43,169.48000000000002,0.7078488372093023,1438.6093023255814,1438.6093023255814,3,1,1,5,2,Loyal Customers
18004,2010-12-12 13:47:00,2010-12-12 13:47:00,1,169.47,78,362,362,169.47,0.08408149171270718,170.87444751381216,170.87444751381216,1,2,1,4,1,At Risk
12367,2011-12-05 16:48:00,2011-12-05 16:48:00,1,168.9,173,4,4,168.9,7.609375,15412.125,15412.125,5,1,1,7,2,Loyal Customers
14578,2011-12-06 17:18:00,2011-12-06 17:18:00,1,168.63,240,3,3,168.63,10.145833333333332,20516.649999999998,20516.649999999998,5,1,1,7,2,Loyal Customers
18269,2010-12-08 13:53:00,2010-12-08 13:53:00,1,168.6,76,366,366,168.6,0.08316256830601093,168.13934426229508,168.13934426229508,1,2,1,4,1,At Risk
17367,2011-04-15 14:21:00,2011-04-15 14:21:00,1,168.4,150,238,238,168.4,0.12788865546218486,258.26050420168065,258.26050420168065,1,2,1,4,1,At Risk
18099,2011-08-04 15:52:00,2011-08-04 15:52:00,1,168.31,149,127,127,168.31,0.23966535433070868,483.72559055118114,483.72559055118114,2,2,1,5,2,Loyal Customers
15888,2011-09-20 12:30:00,2011-09-20 12:30:00,1,168.31,76,81,81,168.31,0.3757716049382716,758.4339506172839,758.4339506172839,2,2,1,5,2,Loyal Customers
16282,2011-01-04 11:42:00,2011-01-04 11:42:00,1,168.3,114,340,340,168.3,0.08952205882352941,180.675,180.675,1,2,1,4,1,At Risk
17737,2011-11-30 15:16:00,2011-10-12 14:42:00,2,168.24,108,9,58,84.12,1.0495689655172413,1058.7517241379312,1058.7517241379312,5,3,1,9,2,Loyal Customers
15986,2011-11-09 15:17:00,2011-11-09 15:17:00,1,168.12,268,30,30,168.12,1.0145833333333334,2045.46,2045.46,4,2,1,7,2,Loyal Customers
12551,2010-12-17 11:23:00,2010-12-17 11:23:00,1,168.0,100,358,358,168.0,0.08502094972067038,171.2849162011173,171.2849162011173,1,1,1,3,1,At Risk
15374,2011-08-03 09:59:00,2011-08-03 09:59:00,1,168.0,126,129,129,168.0,0.23594961240310078,475.3488372093023,475.3488372093023,2,1,1,4,2,Loyal Customers
18088,2011-10-09 13:41:00,2011-10-09 13:41:00,1,167.67000000000002,109,61,61,167.67000000000002,0.4989754098360656,1003.2713114754099,1003.2713114754099,3,2,1,6,2,Loyal Customers
17561,2011-11-20 12:53:00,2011-11-20 12:53:00,1,167.62,146,19,19,167.62,1.6019736842105263,3220.068421052632,3220.068421052632,4,2,1,7,2,Loyal Customers
16952,2011-08-22 13:03:00,2011-08-22 12:58:00,2,167.61,92,109,109,83.805,0.5584862385321101,561.2628440366973,561.2628440366973,2,3,1,6,2,Loyal Customers
15920,2011-07-08 15:31:00,2011-07-08 15:16:00,4,167.5,99,154,154,41.875,0.7905844155844155,396.99675324675326,396.99675324675326,2,4,1,7,2,Loyal Customers
16405,2011-02-10 15:24:00,2011-02-02 17:08:00,2,167.25,187,302,310,83.625,0.1963709677419355,196.9233870967742,196.9233870967742,1,3,1,5,1,At Risk
18014,2011-11-11 15:28:00,2011-11-11 15:28:00,1,166.42,68,28,28,166.42,1.0870535714285714,2169.4035714285715,2169.4035714285715,4,2,1,7,2,Loyal Customers
14295,2011-10-30 15:50:00,2011-10-30 15:50:00,1,166.20000000000002,84,40,40,166.20000000000002,0.7609375,1516.5750000000003,1516.5750000000003,3,1,1,5,2,Loyal Customers
17650,2011-11-18 14:52:00,2011-11-18 14:52:00,1,166.08,150,21,21,166.08,1.4494047619047619,2886.628571428572,2886.628571428572,4,2,1,7,2,Loyal Customers
12817,2011-03-03 16:28:00,2011-03-03 16:28:00,1,166.04,53,281,281,166.04,0.1083185053380783,215.6747330960854,215.6747330960854,1,1,1,3,1,At Risk
14485,2011-11-01 12:25:00,2011-11-01 12:25:00,1,165.75,71,39,39,165.75,0.7804487179487181,1551.25,1551.25,3,1,1,5,2,Loyal Customers
14552,2011-07-11 12:49:00,2011-07-11 12:49:00,1,165.07,91,152,152,165.07,0.2002467105263158,396.385197368421,396.385197368421,2,1,1,4,1,At Risk
18042,2011-10-17 11:49:00,2011-10-17 11:49:00,1,165.04999999999998,33,54,54,165.04999999999998,0.5636574074074073,1115.6157407407406,1115.6157407407406,3,2,1,6,2,Loyal Customers
15316,2011-01-17 11:34:00,2011-01-17 11:34:00,1,165.0,100,327,327,165.0,0.09308103975535167,184.1743119266055,184.1743119266055,1,1,1,3,1,At Risk
13470,2011-09-01 14:57:00,2011-08-16 17:06:00,2,165.0,100,99,115,82.5,0.5293478260869565,523.695652173913,523.695652173913,2,2,1,5,2,Loyal Customers
15904,2011-12-01 14:50:00,2011-12-01 14:50:00,1,164.68,84,8,8,164.68,3.8046875,7513.525000000001,7513.525000000001,5,2,1,8,2,Loyal Customers
17535,2011-03-04 15:20:00,2011-03-04 15:20:00,1,164.4,136,280,280,164.4,0.10870535714285715,214.30714285714285,214.30714285714285,1,2,1,4,1,At Risk
13603,2011-11-13 15:57:00,2011-11-13 15:57:00,1,164.34,164,26,26,164.34,1.1706730769230769,2307.080769230769,2307.080769230769,4,1,1,6,2,Loyal Customers
12920,2011-11-22 15:05:00,2011-11-22 15:05:00,1,164.23,129,17,17,164.23,1.7904411764705883,3526.1147058823526,3526.1147058823526,4,1,1,6,2,Loyal Customers
18200,2011-08-25 18:45:00,2011-08-25 18:45:00,1,163.8,111,106,106,163.8,0.28714622641509435,564.0283018867925,564.0283018867925,2,2,1,5,2,Loyal Customers
14354,2011-12-04 11:32:00,2011-11-09 15:36:00,2,163.62,210,6,30,81.81,2.029166666666667,1990.71,1990.71,5,3,1,9,2,Loyal Customers
17110,2011-06-27 12:58:00,2011-06-27 12:58:00,1,163.29999999999998,50,165,165,163.29999999999998,0.18446969696969695,361.2393939393939,361.2393939393939,2,2,1,5,1,At Risk
13223,2011-05-23 13:03:00,2011-04-21 15:16:00,2,163.20000000000002,88,200,232,81.60000000000001,0.26239224137931033,256.75862068965523,256.75862068965523,1,2,1,4,1,At Risk
16406,2011-11-21 11:57:00,2011-11-21 11:57:00,1,163.07,122,19,19,163.07,1.6019736842105263,3132.6605263157894,3132.6605263157894,4,2,1,7,2,Loyal Customers
15167,2011-01-23 12:41:00,2011-01-23 12:41:00,1,163.0,67,321,321,163.0,0.09482087227414329,185.34267912772586,185.34267912772586,1,1,1,3,1,At Risk
16517,2011-03-07 13:50:00,2011-03-07 13:50:00,1,162.7,96,277,277,162.7,0.1098826714801444,214.38808664259926,214.38808664259926,1,2,1,4,1,At Risk
15733,2011-03-02 09:05:00,2011-03-02 09:05:00,1,162.3,62,283,283,162.3,0.1075530035335689,209.32685512367493,209.32685512367493,1,1,1,3,1,At Risk
15325,2011-08-28 11:55:00,2011-08-28 11:55:00,1,162.29,232,104,104,162.29,0.2926682692307692,569.5754807692308,569.5754807692308,2,1,1,4,2,Loyal Customers
16932,2011-10-17 14:12:00,2011-10-17 14:12:00,1,161.94,87,53,53,161.94,0.5742924528301887,1115.2471698113206,1115.2471698113206,3,2,1,6,2,Loyal Customers
17600,2011-11-22 09:43:00,2011-11-22 09:43:00,1,161.67000000000002,144,18,18,161.67000000000002,1.6909722222222223,3278.3083333333334,3278.3083333333334,4,2,1,7,2,Loyal Customers
15458,2011-11-14 13:08:00,2011-11-14 13:08:00,1,161.64,156,25,25,161.64,1.2175,2359.944,2359.944,4,1,1,6,2,Loyal Customers
16113,2011-06-09 16:16:00,2011-06-09 16:16:00,1,161.38,176,183,183,161.38,0.16632513661202186,321.87814207650274,321.87814207650274,1,2,1,4,1,At Risk
14362,2011-11-17 15:08:00,2011-11-17 15:08:00,1,161.2,100,22,22,161.2,1.383522727272727,2674.454545454545,2674.454545454545,4,1,1,6,2,Loyal Customers
14204,2011-12-07 13:38:00,2011-12-07 13:38:00,1,161.03,82,2,2,161.03,15.21875,29387.975,29387.975,5,1,1,7,2,Loyal Customers
14237,2010-12-01 13:20:00,2010-12-01 13:20:00,1,161.0,38,373,373,161.0,0.08160187667560322,157.54691689008044,157.54691689008044,1,1,1,3,1,At Risk
14089,2011-10-14 10:38:00,2011-10-14 10:38:00,1,161.0,134,57,57,161.0,0.5339912280701754,1030.9649122807018,1030.9649122807018,3,1,1,5,2,Loyal Customers
13229,2011-04-28 12:07:00,2011-04-28 12:07:00,1,160.95,63,226,226,160.95,0.13467920353982302,259.9413716814159,259.9413716814159,1,1,1,3,1,At Risk
15852,2011-06-06 11:22:00,2011-05-26 13:26:00,2,160.71,48,187,197,80.355,0.309010152284264,297.76218274111676,297.76218274111676,1,3,1,5,1,At Risk
17344,2011-10-24 12:56:00,2011-10-24 12:56:00,1,160.57,66,46,46,160.57,0.6616847826086957,1274.0880434782607,1274.0880434782607,3,2,1,6,2,Loyal Customers
12573,2011-04-26 15:52:00,2011-04-26 15:52:00,1,160.54000000000002,84,227,227,160.54000000000002,0.13408590308370044,258.13700440528635,258.13700440528635,1,1,1,3,1,At Risk
18203,2011-07-05 13:07:00,2011-07-05 13:07:00,1,160.42000000000002,43,157,157,160.42000000000002,0.19386942675159236,372.95095541401275,372.95095541401275,2,2,1,5,1,At Risk
18146,2011-07-22 12:08:00,2011-05-03 16:35:00,2,160.35000000000002,153,141,220,80.17500000000001,0.2767045454545455,266.0352272727273,266.0352272727273,2,3,1,6,2,Loyal Customers
14714,2011-11-15 13:07:00,2011-11-15 13:07:00,1,160.19,229,24,24,160.19,1.2682291666666665,2436.2229166666666,2436.2229166666666,4,1,1,6,2,Loyal Customers
12966,2011-11-30 12:38:00,2011-11-30 12:38:00,1,160.18,75,10,10,160.18,3.04375,5846.570000000001,5846.570000000001,5,1,1,7,2,Loyal Customers
13420,2011-07-13 08:48:00,2011-06-22 11:35:00,2,159.85,101,150,171,79.925,0.35599415204678364,341.2002923976608,341.2002923976608,2,2,1,5,1,At Risk
16213,2011-09-22 10:03:00,2011-09-22 10:03:00,1,159.0,48,79,79,159.0,0.3852848101265823,734.620253164557,734.620253164557,2,2,1,5,2,Loyal Customers
18224,2011-03-21 10:30:00,2011-03-21 10:30:00,1,158.95000000000002,69,264,264,158.95000000000002,0.1152935606060606,219.76041666666669,219.76041666666669,1,2,1,4,1,At Risk
13937,2011-06-23 16:35:00,2011-06-23 16:35:00,1,158.85,123,169,169,158.85,0.180103550295858,343.0784023668639,343.0784023668639,2,1,1,4,1,At Risk
17165,2011-02-28 16:39:00,2011-02-28 16:39:00,1,158.68,100,284,284,158.68,0.10717429577464789,203.937323943662,203.937323943662,1,2,1,4,1,At Risk
15160,2010-12-17 14:15:00,2010-12-17 14:15:00,1,158.16,84,357,357,158.16,0.08525910364145657,161.70420168067227,161.70420168067227,1,1,1,3,1,At Risk
15348,2011-09-28 13:17:00,2011-09-28 13:17:00,1,158.04,84,72,72,158.04,0.4227430555555556,801.175,801.175,2,1,1,4,2,Loyal Customers
15988,2011-11-20 13:23:00,2011-11-20 13:23:00,1,158.03,181,19,19,158.03,1.6019736842105263,3035.8394736842106,3035.8394736842106,4,2,1,7,2,Loyal Customers
17556,2011-05-18 10:48:00,2011-05-18 10:48:00,1,157.9,101,206,206,157.9,0.14775485436893204,279.7742718446602,279.7742718446602,1,2,1,4,1,At Risk
14799,2011-10-19 16:16:00,2011-10-19 16:16:00,1,157.7,146,51,51,157.7,0.5968137254901961,1128.6372549019607,1128.6372549019607,3,1,1,5,2,Loyal Customers
14148,2011-04-20 12:02:00,2011-04-20 12:02:00,1,157.2,16,234,234,157.2,0.1300747863247863,245.20512820512818,245.20512820512818,1,1,1,3,1,At Risk
17128,2011-01-09 12:02:00,2011-01-09 12:02:00,1,157.09,76,335,335,157.09,0.09085820895522388,171.15776119402986,171.15776119402986,1,2,1,4,1,At Risk
14585,2011-10-20 14:33:00,2011-10-20 14:33:00,1,157.05,91,50,50,157.05,0.60875,1146.4650000000001,1146.4650000000001,3,1,1,5,2,Loyal Customers
17118,2011-01-26 12:19:00,2011-01-26 12:19:00,1,157.02,154,318,318,157.02,0.09571540880503145,180.22735849056605,180.22735849056605,1,2,1,4,1,At Risk
15007,2011-07-03 16:00:00,2011-07-03 16:00:00,1,156.91,69,159,159,156.91,0.1914308176100629,360.20220125786165,360.20220125786165,2,1,1,4,1,At Risk
14406,2011-08-12 16:54:00,2011-08-12 16:54:00,1,156.75,77,119,119,156.75,0.2557773109243697,480.7878151260504,480.7878151260504,2,1,1,4,2,Loyal Customers
15438,2011-07-31 14:19:00,2011-07-31 14:19:00,1,156.57999999999998,59,131,131,156.57999999999998,0.23234732824427481,436.2725190839694,436.2725190839694,2,1,1,4,2,Loyal Customers
15263,2011-08-25 10:26:00,2011-08-25 10:26:00,1,156.51,89,107,107,156.51,0.2844626168224299,533.8892523364485,533.8892523364485,2,1,1,4,2,Loyal Customers
13898,2011-01-18 10:28:00,2011-01-18 10:28:00,1,155.93,133,326,326,155.93,0.0933665644171779,174.58420245398776,174.58420245398776,1,1,1,3,1,At Risk
17871,2011-05-19 11:32:00,2011-05-19 11:32:00,1,155.9,182,205,205,155.9,0.14847560975609755,277.5780487804878,277.5780487804878,1,2,1,4,1,At Risk
17899,2011-07-03 14:58:00,2011-07-03 14:58:00,1,155.8,171,159,159,155.8,0.1914308176100629,357.6540880503145,357.6540880503145,2,2,1,5,1,At Risk
14813,2010-12-05 11:57:00,2010-12-05 11:54:00,2,155.43,67,370,370,77.715,0.164527027027027,153.3295945945946,153.3295945945946,1,3,1,5,1,At Risk
17832,2011-10-21 11:43:00,2011-10-21 11:43:00,1,155.37,208,50,50,155.37,0.60875,1134.201,1134.201,3,2,1,6,2,Loyal Customers
12738,2010-12-02 18:27:00,2010-12-02 18:27:00,1,155.35,148,372,372,155.35,0.08182123655913978,152.42674731182797,152.42674731182797,1,1,1,3,1,At Risk
16720,2011-11-13 16:22:00,2011-11-13 16:22:00,1,155.24,182,26,26,155.24,1.1706730769230769,2179.3307692307694,2179.3307692307694,4,2,1,7,2,Loyal Customers
15447,2011-01-13 11:26:00,2011-01-13 11:26:00,1,155.17,85,331,331,155.17,0.09195619335347431,171.10891238670695,171.10891238670695,1,1,1,3,1,At Risk
13809,2011-02-07 13:15:00,2011-02-07 13:15:00,1,155.05,29,305,305,155.05,0.09979508196721311,185.55163934426233,185.55163934426233,1,1,1,3,1,At Risk
14368,2011-01-24 09:52:00,2011-01-24 09:52:00,1,155.0,36,320,320,155.0,0.0951171875,176.796875,176.796875,1,1,1,3,1,At Risk
14046,2011-02-28 14:48:00,2011-02-28 14:48:00,1,154.99,460,284,284,154.99,0.10717429577464789,199.1948943661972,199.1948943661972,1,1,1,3,1,At Risk
17698,2011-03-24 11:34:00,2011-03-24 11:34:00,1,154.95,93,261,261,154.95,0.11661877394636015,216.69252873563215,216.69252873563215,1,2,1,4,1,At Risk
15740,2011-10-21 14:29:00,2011-10-21 14:29:00,1,154.88,152,49,49,154.88,0.6211734693877551,1153.6979591836734,1153.6979591836734,3,1,1,5,2,Loyal Customers
17026,2011-06-07 14:28:00,2010-12-05 12:47:00,2,154.82999999999998,97,185,370,77.41499999999999,0.164527027027027,152.7377027027027,152.7377027027027,1,3,1,5,1,At Risk
15226,2011-02-02 11:41:00,2011-02-02 11:41:00,1,154.41,71,311,311,154.41,0.09786977491961416,181.22073954983924,181.22073954983924,1,1,1,3,1,At Risk
17517,2011-02-04 11:48:00,2011-02-04 11:48:00,1,153.94,102,309,309,153.94,0.0985032362459547,181.83851132686084,181.83851132686084,1,2,1,4,1,At Risk
17286,2011-11-18 12:47:00,2011-11-18 12:47:00,1,153.92,118,22,22,153.92,1.383522727272727,2553.672727272727,2553.672727272727,4,2,1,7,2,Loyal Customers
16351,2011-01-11 10:26:00,2011-01-11 10:26:00,1,153.9,90,333,333,153.9,0.0914039039039039,168.6891891891892,168.6891891891892,1,2,1,4,1,At Risk
12602,2011-10-12 11:22:00,2011-10-12 11:22:00,1,153.12,162,59,59,153.12,0.5158898305084746,947.2677966101695,947.2677966101695,3,1,1,5,2,Loyal Customers
17714,2011-01-23 10:32:00,2011-01-23 10:32:00,1,153.0,92,321,321,153.0,0.09482087227414329,173.97196261682242,173.97196261682242,1,2,1,4,1,At Risk
16248,2011-10-09 11:32:00,2011-10-09 11:32:00,1,152.94,78,62,62,152.94,0.4909274193548387,900.3725806451613,900.3725806451613,3,2,1,6,2,Loyal Customers
17984,2011-07-17 15:59:00,2011-07-17 15:59:00,1,152.68,98,145,145,152.68,0.20991379310344827,384.33241379310346,384.33241379310346,2,2,1,5,1,At Risk
18138,2011-02-17 14:51:00,2011-02-17 14:51:00,1,152.65,38,295,295,152.65,0.10317796610169491,188.8720338983051,188.8720338983051,1,2,1,4,1,At Risk
14066,2011-03-18 12:21:00,2011-03-18 12:21:00,1,152.55,45,267,267,152.55,0.11399812734082397,208.54213483146071,208.54213483146071,1,1,1,3,1,At Risk
17707,2011-06-07 15:03:00,2011-01-07 13:30:00,2,152.4,144,185,336,76.2,0.18117559523809523,165.55357142857142,165.55357142857142,1,3,1,5,1,At Risk
13514,2011-09-27 09:39:00,2011-09-27 09:39:00,1,152.20000000000002,40,74,74,152.20000000000002,0.41131756756756754,750.7162162162164,750.7162162162164,2,1,1,4,2,Loyal Customers
14039,2011-11-06 13:48:00,2011-11-06 13:48:00,1,152.2,92,33,33,152.2,0.9223484848484848,1683.4242424242423,1683.4242424242423,3,1,1,5,2,Loyal Customers
17898,2011-09-15 14:56:00,2011-05-16 17:13:00,2,152.06,190,85,207,76.03,0.2940821256038647,268.12512077294684,268.12512077294684,2,3,1,6,2,Loyal Customers
16617,2011-04-18 10:35:00,2011-04-18 10:35:00,1,151.85,91,236,236,151.85,0.12897245762711865,234.85275423728814,234.85275423728814,1,2,1,4,1,At Risk
16412,2011-10-17 12:35:00,2011-10-17 12:35:00,1,151.83,73,54,54,151.83,0.5636574074074073,1026.2583333333334,1026.2583333333334,3,2,1,6,2,Loyal Customers
14208,2011-09-06 12:48:00,2011-09-06 12:48:00,1,151.74,114,95,95,151.74,0.32039473684210523,583.001052631579,583.001052631579,2,1,1,4,2,Loyal Customers
13462,2011-04-01 11:20:00,2011-04-01 11:20:00,1,151.5,62,253,253,151.5,0.12030632411067194,218.5671936758893,218.5671936758893,1,1,1,3,1,At Risk
16461,2011-06-15 12:07:00,2011-06-15 12:07:00,1,151.42,49,178,178,151.42,0.17099719101123598,310.4960674157303,310.4960674157303,2,2,1,5,1,At Risk
13697,2011-11-01 09:14:00,2011-11-01 09:14:00,1,151.29999999999998,177,39,39,151.29999999999998,0.7804487179487181,1416.0128205128203,1416.0128205128203,3,1,1,5,2,Loyal Customers
16337,2011-11-03 10:03:00,2011-11-03 10:03:00,1,151.05,87,37,37,151.05,0.8226351351351351,1490.087837837838,1490.087837837838,3,2,1,6,2,Loyal Customers
14073,2011-11-07 15:49:00,2011-11-07 15:49:00,1,151.04,130,32,32,151.04,0.951171875,1722.8,1722.8,4,1,1,6,2,Loyal Customers
15717,2011-04-19 13:21:00,2011-04-19 13:21:00,1,150.3,70,234,234,150.3,0.1300747863247863,234.44230769230774,234.44230769230774,1,1,1,3,1,At Risk
17234,2011-06-10 11:20:00,2011-06-10 11:20:00,1,149.89000000000001,55,183,183,149.89000000000001,0.16632513661202186,298.96092896174866,298.96092896174866,1,2,1,4,1,At Risk
15869,2011-03-07 17:23:00,2011-03-07 17:19:00,2,149.64,175,277,277,74.82,0.2197653429602888,197.17906137184116,197.17906137184116,1,3,1,5,1,At Risk
17946,2011-04-20 17:00:00,2011-03-25 14:34:00,2,149.57999999999998,75,233,259,74.78999999999999,0.23503861003861,210.79806949806948,210.79806949806948,1,3,1,5,1,At Risk
18262,2011-07-22 16:04:00,2011-07-22 16:04:00,1,149.48,182,140,140,149.48,0.2174107142857143,389.7157142857143,389.7157142857143,2,2,1,5,1,At Risk
15748,2011-10-30 12:51:00,2011-10-30 12:51:00,1,149.31,51,40,40,149.31,0.7609375,1362.4537500000001,1362.4537500000001,3,1,1,5,2,Loyal Customers
15435,2011-11-17 16:39:00,2011-11-17 16:39:00,1,149.29,54,22,22,149.29,1.383522727272727,2476.856818181818,2476.856818181818,4,1,1,6,2,Loyal Customers
13003,2011-08-26 10:50:00,2011-05-09 08:23:00,3,149.05,103,106,215,49.68333333333334,0.4247093023255814,253.0383720930233,253.0383720930233,2,3,1,6,2,Loyal Customers
17549,2011-11-16 09:59:00,2011-10-19 10:05:00,2,148.86,210,24,52,74.43,1.1706730769230769,1044.8826923076924,1044.8826923076924,4,3,1,8,2,Loyal Customers
15526,2011-11-06 15:04:00,2011-11-06 15:01:00,2,148.44,24,33,33,74.22,1.8446969696969695,1641.8363636363636,1641.8363636363636,3,3,1,7,2,Loyal Customers
17859,2011-02-08 10:32:00,2011-02-08 10:32:00,1,148.21,127,305,305,148.21,0.09979508196721311,177.3660655737705,177.3660655737705,1,2,1,4,1,At Risk
14968,2011-11-09 13:58:00,2011-11-09 13:58:00,1,147.59,127,30,30,147.59,1.0145833333333334,1795.6783333333333,1795.6783333333333,4,1,1,6,2,Loyal Customers
14098,2011-11-03 10:13:00,2011-11-03 10:13:00,1,147.35,104,37,37,147.35,0.8226351351351351,1453.587837837838,1453.587837837838,3,1,1,5,2,Loyal Customers
14037,2011-06-16 13:57:00,2010-12-10 11:39:00,2,147.20000000000002,46,176,365,73.60000000000001,0.16678082191780824,147.20000000000002,147.20000000000002,2,3,1,6,1,At Risk
12864,2011-07-24 13:03:00,2011-07-24 13:03:00,1,147.12,216,138,138,147.12,0.22056159420289856,389.1217391304348,389.1217391304348,2,1,1,4,1,At Risk
15503,2010-12-12 10:57:00,2010-12-12 10:57:00,1,147.09,74,363,363,147.09,0.08384986225895316,147.9004132231405,147.9004132231405,1,1,1,3,1,At Risk
17030,2011-10-07 08:49:00,2011-10-07 08:49:00,1,146.87,146,64,64,146.87,0.4755859375,837.61796875,837.61796875,3,2,1,6,2,Loyal Customers
14238,2011-01-17 14:40:00,2011-01-17 14:40:00,1,146.85,111,326,326,146.85,0.0933665644171779,164.41794478527606,164.41794478527606,1,1,1,3,1,At Risk
16893,2010-12-08 12:06:00,2010-12-08 12:06:00,1,145.93,62,367,367,145.93,0.08293596730245231,145.1347411444142,145.1347411444142,1,2,1,4,1,At Risk
12565,2011-02-24 10:34:00,2011-02-24 10:34:00,1,145.92,80,289,289,145.92,0.10532006920415225,184.29342560553633,184.29342560553633,1,1,1,3,1,At Risk
17935,2011-07-24 13:18:00,2011-07-21 11:23:00,2,145.79,82,138,142,72.895,0.42869718309859156,374.7419014084507,374.7419014084507,2,3,1,6,2,Loyal Customers
13866,2011-09-26 14:54:00,2011-09-26 14:54:00,1,145.67000000000002,57,74,74,145.67000000000002,0.41131756756756754,718.5074324324324,718.5074324324324,2,1,1,4,2,Loyal Customers
15937,2011-10-06 15:48:00,2011-10-06 15:48:00,1,145.35,73,64,64,145.35,0.4755859375,828.94921875,828.94921875,3,2,1,6,2,Loyal Customers
16598,2011-02-27 11:42:00,2011-02-27 11:42:00,1,145.04999999999998,73,286,286,145.04999999999998,0.10642482517482517,185.11625874125872,185.11625874125872,1,2,1,4,1,At Risk
17524,2010-12-13 14:32:00,2010-12-13 14:32:00,1,145.0,90,361,361,145.0,0.08431440443213296,146.60664819944597,146.60664819944597,1,2,1,4,1,At Risk
16852,2011-11-29 13:22:00,2011-06-16 15:49:00,2,144.91000000000003,56,10,176,72.45500000000001,0.34588068181818177,300.5235795454546,300.5235795454546,5,3,1,9,2,Loyal Customers
12974,2011-05-26 09:33:00,2011-05-26 09:33:00,1,144.8,24,198,198,144.8,0.1537247474747475,266.92929292929296,266.92929292929296,1,1,1,3,1,At Risk
14109,2011-09-28 10:18:00,2011-09-28 10:18:00,1,144.2,88,73,73,144.2,0.4169520547945205,720.9999999999999,720.9999999999999,2,1,1,4,2,Loyal Customers
12587,2011-12-02 12:47:00,2011-12-02 12:47:00,1,144.0,51,8,8,144.0,3.8046875,6570.0,6570.0,5,1,1,7,2,Loyal Customers
17186,2011-10-24 10:20:00,2011-10-10 12:52:00,2,144.0,200,47,60,72.0,1.0145833333333334,876.0,876.0,3,3,1,7,2,Loyal Customers
17578,2011-05-05 18:38:00,2011-05-05 18:38:00,1,143.45999999999998,138,218,218,143.45999999999998,0.13962155963302753,240.19678899082567,240.19678899082567,1,2,1,4,1,At Risk
15705,2011-05-22 15:37:00,2011-05-22 15:37:00,1,143.1,62,201,201,143.1,0.15143034825870647,259.85820895522386,259.85820895522386,1,1,1,3,1,At Risk
16287,2011-06-23 09:08:00,2011-06-23 09:08:00,1,142.5,298,170,170,142.5,0.17904411764705883,305.95588235294116,305.95588235294116,2,2,1,5,1,At Risk
13299,2011-03-16 12:55:00,2011-03-16 12:55:00,1,142.5,30,268,268,142.5,0.11357276119402984,194.07649253731344,194.07649253731344,1,1,1,3,1,At Risk
13584,2011-02-06 12:49:00,2011-02-06 12:49:00,1,142.4,37,307,307,142.4,0.09914495114006515,169.3029315960912,169.3029315960912,1,1,1,3,1,At Risk
14386,2011-02-16 09:45:00,2011-02-16 09:45:00,1,142.4,54,297,297,142.4,0.10248316498316498,175.003367003367,175.003367003367,1,1,1,3,1,At Risk
13561,2011-05-08 12:39:00,2011-05-08 12:39:00,1,141.85999999999999,83,216,216,141.85999999999999,0.14091435185185183,239.7171296296296,239.7171296296296,1,1,1,3,1,At Risk
14041,2011-03-18 13:25:00,2011-03-18 13:25:00,1,141.41,94,266,266,141.41,0.11442669172932331,194.04003759398498,194.04003759398498,1,1,1,3,1,At Risk
15388,2011-03-14 13:53:00,2011-03-14 13:53:00,1,140.54,88,270,270,140.54,0.11273148148148149,189.98925925925926,189.98925925925926,1,1,1,3,1,At Risk
13483,2011-10-05 11:53:00,2011-10-05 11:53:00,1,140.34,160,66,66,140.34,0.4611742424242424,776.1227272727273,776.1227272727273,3,1,1,5,2,Loyal Customers
14494,2011-11-14 09:21:00,2011-11-14 09:21:00,1,139.56,92,26,26,139.56,1.1706730769230769,1959.2076923076925,1959.2076923076925,4,1,1,6,2,Loyal Customers
17718,2011-04-21 13:39:00,2011-04-21 13:39:00,1,139.35,83,232,232,139.35,0.13119612068965517,219.23599137931035,219.23599137931035,1,2,1,4,1,At Risk
16483,2011-05-31 13:08:00,2011-05-31 13:08:00,1,139.35,44,192,192,139.35,0.15852864583333331,264.91015625,264.91015625,1,2,1,4,1,At Risk
14772,2011-08-19 15:04:00,2011-08-19 15:04:00,1,139.26,82,112,112,139.26,0.27176339285714285,453.8383928571428,453.8383928571428,2,1,1,4,2,Loyal Customers
18209,2011-11-11 12:07:00,2011-11-11 12:07:00,1,139.10000000000002,58,29,29,139.10000000000002,1.0495689655172413,1750.741379310345,1750.741379310345,4,2,1,7,2,Loyal Customers
15135,2011-04-14 19:16:00,2011-04-14 19:16:00,1,139.05,43,239,239,139.05,0.12735355648535565,212.3566945606695,212.3566945606695,1,1,1,3,1,At Risk
13273,2011-08-18 14:02:00,2011-08-18 14:02:00,1,138.98,153,113,113,138.98,0.26935840707964603,448.91769911504423,448.91769911504423,2,1,1,4,2,Loyal Customers
12902,2011-03-20 12:06:00,2011-03-20 12:06:00,1,138.68,66,265,265,138.68,0.11485849056603774,191.01207547169813,191.01207547169813,1,1,1,3,1,At Risk
14581,2011-11-23 12:39:00,2011-11-23 12:39:00,1,138.6,217,17,17,138.6,1.7904411764705883,2975.823529411765,2975.823529411765,4,1,1,6,2,Loyal Customers
17122,2011-08-12 14:33:00,2011-08-12 14:33:00,1,138.32,80,119,119,138.32,0.2557773109243697,424.2588235294117,424.2588235294117,2,2,1,5,2,Loyal Customers
13716,2011-03-15 13:49:00,2011-03-15 13:49:00,1,138.28,138,269,269,138.28,0.11315055762081784,187.62899628252788,187.62899628252788,1,1,1,3,1,At Risk
15663,2011-08-25 15:50:00,2011-08-25 15:50:00,1,138.14,106,106,106,138.14,0.28714622641509435,475.6707547169811,475.6707547169811,2,1,1,4,2,Loyal Customers
12512,2011-10-04 14:55:00,2011-10-04 14:53:00,2,138.03,99,66,66,69.015,0.9223484848484848,763.3477272727272,763.3477272727272,3,2,1,6,2,Loyal Customers
16050,2011-06-19 11:44:00,2011-06-19 11:44:00,1,137.9,278,174,174,137.9,0.17492816091954022,289.27298850574715,289.27298850574715,2,2,1,5,1,At Risk
13279,2011-09-22 17:24:00,2011-09-22 17:24:00,1,137.75,73,78,78,137.75,0.39022435897435903,644.599358974359,644.599358974359,2,1,1,4,2,Loyal Customers
17709,2011-06-23 11:55:00,2011-06-23 11:55:00,1,137.45,17,170,170,137.45,0.17904411764705883,295.1132352941176,295.1132352941176,2,2,1,5,1,At Risk
15836,2011-10-20 17:13:00,2011-10-20 17:13:00,1,137.37,26,50,50,137.37,0.60875,1002.801,1002.801,3,2,1,6,2,Loyal Customers
14483,2011-03-03 10:26:00,2011-03-03 10:26:00,1,137.1,97,282,282,137.1,0.10793439716312056,177.45212765957447,177.45212765957447,1,1,1,3,1,At Risk
17468,2011-11-29 15:33:00,2011-11-25 12:52:00,2,137.0,116,10,14,68.5,4.348214285714286,3571.785714285714,3571.785714285714,5,3,1,9,2,Loyal Customers
15691,2011-04-01 15:13:00,2011-04-01 15:13:00,1,136.8,72,252,252,136.8,0.12078373015873016,198.14285714285717,198.14285714285717,1,1,1,3,1,At Risk
14247,2011-03-06 15:21:00,2011-03-06 15:21:00,1,136.76999999999998,47,278,278,136.76999999999998,0.10948741007194245,179.57212230215825,179.57212230215825,1,1,1,3,1,At Risk
17972,2011-04-12 12:16:00,2011-04-12 12:16:00,1,136.04,37,242,242,136.04,0.12577479338842976,205.18429752066115,205.18429752066115,1,2,1,4,1,At Risk
16462,2011-09-27 10:24:00,2011-03-01 08:58:00,3,136.0,16,74,284,45.333333333333336,0.3215228873239437,174.7887323943662,174.7887323943662,2,4,1,7,2,Loyal Customers
12968,2011-08-19 15:44:00,2011-08-19 15:44:00,1,135.95,73,112,112,135.95,0.27176339285714285,443.0513392857142,443.0513392857142,2,1,1,4,2,Loyal Customers
15042,2011-05-24 16:25:00,2011-05-24 16:25:00,1,135.93,30,199,199,135.93,0.15295226130653267,249.31884422110554,249.31884422110554,1,1,1,3,1,At Risk
14889,2011-01-07 15:19:00,2011-01-07 15:19:00,1,135.9,90,336,336,135.9,0.09058779761904762,147.62946428571428,147.62946428571428,1,1,1,3,1,At Risk
15419,2011-11-15 09:23:00,2011-11-15 09:23:00,1,135.86,230,25,25,135.86,1.2175,1983.556,1983.556,4,1,1,6,2,Loyal Customers
16114,2011-06-22 10:13:00,2011-06-22 10:13:00,1,135.75000000000003,43,171,171,135.75000000000003,0.17799707602339182,289.7587719298246,289.7587719298246,2,2,1,5,1,At Risk
15174,2011-01-21 09:06:00,2011-01-21 09:06:00,1,135.75,145,323,323,135.75,0.09423374613003097,153.4017027863777,153.4017027863777,1,1,1,3,1,At Risk
16665,2010-12-12 14:03:00,2010-12-12 14:03:00,1,135.39999999999998,59,362,362,135.39999999999998,0.08408149171270718,136.5220994475138,136.5220994475138,1,2,1,4,1,At Risk
15276,2011-10-04 16:39:00,2011-10-04 16:39:00,1,135.31,64,66,66,135.31,0.4611742424242424,748.3053030303031,748.3053030303031,3,1,1,5,2,Loyal Customers
12851,2011-09-04 12:41:00,2011-09-04 12:41:00,1,135.18,109,97,97,135.18,0.31378865979381443,508.6670103092784,508.6670103092784,2,1,1,4,2,Loyal Customers
13364,2011-09-29 18:13:00,2011-09-29 18:13:00,1,134.95999999999998,71,71,71,134.95999999999998,0.42869718309859156,693.8084507042253,693.8084507042253,3,1,1,5,2,Loyal Customers
16055,2011-05-03 09:26:00,2011-05-03 09:26:00,1,134.8,22,221,221,134.8,0.1377262443438914,222.63348416289597,222.63348416289597,1,2,1,4,1,At Risk
14340,2011-05-05 09:44:00,2011-05-05 09:44:00,1,134.7,58,219,219,134.7,0.1389840182648402,224.49999999999997,224.49999999999997,1,1,1,3,1,At Risk
15562,2010-12-23 09:55:00,2010-12-23 09:55:00,1,134.55,39,352,352,134.55,0.08647017045454544,139.51917613636365,139.51917613636365,1,1,1,3,1,At Risk
14174,2011-11-06 13:17:00,2011-11-06 13:17:00,1,134.46,94,33,33,134.46,0.9223484848484848,1487.209090909091,1487.209090909091,3,1,1,5,2,Loyal Customers
12837,2011-06-19 16:07:00,2011-06-19 16:07:00,1,134.1,24,173,173,134.1,0.1759393063583815,282.92774566473986,282.92774566473986,2,1,1,4,1,At Risk
14280,2011-05-27 10:37:00,2011-05-27 10:37:00,1,134.04,52,197,197,134.04,0.154505076142132,248.3482233502538,248.3482233502538,1,1,1,3,1,At Risk
16424,2011-06-01 13:40:00,2011-06-01 13:40:00,1,133.56,88,191,191,133.56,0.15935863874345552,255.2324607329843,255.2324607329843,1,2,1,4,1,At Risk
14349,2011-11-29 15:39:00,2011-11-29 15:39:00,1,133.5,86,10,10,133.5,3.04375,4872.75,4872.75,5,1,1,7,2,Loyal Customers
12445,2011-11-17 18:43:00,2011-11-17 18:43:00,1,133.4,62,22,22,133.4,1.383522727272727,2213.2272727272725,2213.2272727272725,4,1,1,6,2,Loyal Customers
17881,2011-02-08 17:16:00,2011-02-08 17:16:00,1,133.35000000000002,32,304,304,133.35000000000002,0.1001233552631579,160.10773026315792,160.10773026315792,1,2,1,4,1,At Risk
15709,2011-03-01 10:38:00,2011-03-01 10:38:00,1,133.25,121,284,284,133.25,0.10717429577464789,171.25440140845072,171.25440140845072,1,1,1,3,1,At Risk
17647,2011-10-05 15:38:00,2011-10-05 15:38:00,1,133.06,30,65,65,133.06,0.4682692307692307,747.1830769230769,747.1830769230769,3,2,1,6,2,Loyal Customers
17785,2011-10-17 13:43:00,2011-10-17 13:43:00,1,131.94,67,53,53,131.94,0.5742924528301887,908.6433962264151,908.6433962264151,3,2,1,6,2,Loyal Customers
14438,2011-02-06 14:56:00,2011-02-06 14:56:00,1,131.9,82,306,306,131.9,0.09946895424836602,157.33169934640523,157.33169934640523,1,1,1,3,1,At Risk
17297,2011-11-22 14:43:00,2011-11-22 14:43:00,1,131.78,67,17,17,131.78,1.7904411764705883,2829.3941176470585,2829.3941176470585,4,2,1,7,2,Loyal Customers
17455,2011-05-20 12:31:00,2011-05-20 12:31:00,1,131.7,66,204,204,131.7,0.14920343137254902,235.6397058823529,235.6397058823529,1,2,1,4,1,At Risk
14795,2011-06-26 13:04:00,2011-06-26 13:04:00,1,131.45000000000002,17,166,166,131.45000000000002,0.18335843373493976,289.03162650602417,289.03162650602417,2,1,1,4,1,At Risk
15844,2011-10-24 15:19:00,2011-10-24 15:19:00,1,130.73999999999998,134,46,46,130.73999999999998,0.6616847826086957,1037.3934782608694,1037.3934782608694,3,2,1,6,2,Loyal Customers
16679,2010-12-08 13:51:00,2010-12-08 13:51:00,1,129.75,29,366,366,129.75,0.08316256830601093,129.3954918032787,129.3954918032787,1,2,1,4,1,At Risk
16611,2011-06-06 15:46:00,2011-06-06 15:46:00,1,129.49,47,186,186,129.49,0.16364247311827956,254.10672043010757,254.10672043010757,1,2,1,4,1,At Risk
16623,2011-04-08 10:09:00,2011-04-08 10:09:00,1,129.45,39,246,246,129.45,0.12372967479674796,192.07012195121948,192.07012195121948,1,2,1,4,1,At Risk
16828,2011-09-07 15:10:00,2011-08-19 13:24:00,2,128.5,59,93,112,64.25,0.5435267857142857,418.77232142857144,418.77232142857144,2,3,1,6,2,Loyal Customers
15543,2011-02-24 15:26:00,2011-02-24 15:26:00,1,127.86,86,288,288,127.86,0.1056857638888889,162.04479166666667,162.04479166666667,1,1,1,3,1,At Risk
17359,2011-11-28 14:37:00,2011-11-28 14:37:00,1,127.86,161,11,11,127.86,2.767045454545454,4242.627272727273,4242.627272727273,5,2,1,8,2,Loyal Customers
13781,2011-04-03 12:08:00,2011-04-03 12:08:00,1,127.84,30,251,251,127.84,0.12126494023904381,185.9027888446215,185.9027888446215,1,1,1,3,1,At Risk
15578,2011-06-30 13:03:00,2011-06-30 13:03:00,1,127.1,52,162,162,127.1,0.1878858024691358,286.36728395061726,286.36728395061726,2,1,1,4,1,At Risk
15923,2010-12-02 12:16:00,2010-12-02 12:16:00,1,127.08,122,373,373,127.08,0.08160187667560322,124.35442359249329,124.35442359249329,1,2,1,4,1,At Risk
14962,2011-03-14 09:42:00,2011-03-14 09:42:00,1,126.7,44,271,271,126.7,0.11231549815498156,170.64760147601476,170.64760147601476,1,1,1,3,1,At Risk
16414,2011-11-18 09:42:00,2011-03-04 13:27:00,2,126.25,27,22,280,63.125,0.2174107142857143,164.57589285714286,164.57589285714286,4,3,1,8,2,Loyal Customers
15463,2011-11-10 12:57:00,2011-11-10 12:57:00,1,126.14,106,29,29,126.14,1.0495689655172413,1587.6241379310345,1587.6241379310345,4,1,1,6,2,Loyal Customers
16988,2011-12-04 16:02:00,2011-12-04 16:02:00,1,126.12,43,5,5,126.12,6.0875,9206.76,9206.76,5,2,1,8,2,Loyal Customers
12814,2011-08-30 12:11:00,2011-08-30 12:11:00,1,125.92,49,102,102,125.92,0.29840686274509803,450.5960784313726,450.5960784313726,2,1,1,4,2,Loyal Customers
13522,2011-11-09 15:11:00,2011-11-09 15:11:00,1,125.80000000000001,44,30,30,125.80000000000001,1.0145833333333334,1530.5666666666668,1530.5666666666668,4,1,1,6,2,Loyal Customers
14861,2011-10-18 12:54:00,2011-10-18 12:54:00,1,125.79,117,52,52,125.79,0.5853365384615384,882.9490384615385,882.9490384615385,3,1,1,5,2,Loyal Customers
14890,2011-03-31 11:57:00,2011-03-31 11:57:00,1,125.65,51,254,254,125.65,0.11983267716535434,180.56003937007873,180.56003937007873,1,1,1,3,1,At Risk
15017,2011-11-06 10:33:00,2011-11-06 10:33:00,1,125.58,63,34,34,125.58,0.8952205882352942,1348.1382352941175,1348.1382352941175,3,1,1,5,2,Loyal Customers
12531,2011-11-25 11:12:00,2011-11-25 11:12:00,1,125.22,45,15,15,125.22,2.029166666666667,3047.02,3047.02,4,1,1,6,2,Loyal Customers
17148,2011-10-19 09:59:00,2011-10-19 09:59:00,1,124.88,82,52,52,124.88,0.5853365384615384,876.5615384615384,876.5615384615384,3,2,1,6,2,Loyal Customers
16849,2011-06-06 09:16:00,2011-06-06 09:16:00,1,124.57,33,187,187,124.57,0.1627673796791444,243.1446524064171,243.1446524064171,1,2,1,4,1,At Risk
16569,2011-12-06 15:32:00,2011-12-06 15:32:00,1,124.2,93,3,3,124.2,10.145833333333332,15111.0,15111.0,5,2,1,8,2,Loyal Customers
14495,2011-10-20 12:28:00,2011-08-10 14:13:00,2,123.8,62,51,121,61.9,0.503099173553719,373.44628099173553,373.44628099173553,3,3,1,7,2,Loyal Customers
16658,2010-12-06 13:47:00,2010-12-06 13:47:00,1,123.24,40,368,368,123.24,0.08271059782608696,122.23532608695652,122.23532608695652,1,2,1,4,1,At Risk
15917,2011-04-06 10:40:00,2011-04-06 10:40:00,1,123.1,42,248,248,123.1,0.12273185483870967,181.17540322580646,181.17540322580646,1,2,1,4,1,At Risk
17967,2010-12-03 11:19:00,2010-12-03 11:19:00,1,123.07,80,372,372,123.07,0.08182123655913978,120.75416666666665,120.75416666666665,1,2,1,4,1,At Risk
13519,2011-09-22 18:24:00,2011-09-22 18:24:00,1,122.75,23,78,78,122.75,0.39022435897435903,574.4070512820513,574.4070512820513,2,1,1,4,2,Loyal Customers
13876,2011-10-07 10:22:00,2011-10-07 10:22:00,1,122.7,36,64,64,122.7,0.4755859375,699.7734375,699.7734375,3,1,1,5,2,Loyal Customers
14413,2010-12-12 13:37:00,2010-12-12 13:37:00,1,122.7,68,362,362,122.7,0.08408149171270718,123.71685082872928,123.71685082872928,1,1,1,3,1,At Risk
13638,2011-11-24 10:38:00,2011-11-24 10:38:00,1,122.64,93,16,16,122.64,1.90234375,2797.725,2797.725,4,1,1,6,2,Loyal Customers
14165,2011-03-09 12:39:00,2011-03-09 12:39:00,1,122.53999999999999,54,276,276,122.53999999999999,0.11028079710144928,162.05471014492753,162.05471014492753,1,1,1,3,1,At Risk
14076,2011-08-02 15:19:00,2011-08-02 15:19:00,1,122.47,81,129,129,122.47,0.23594961240310078,346.52364341085274,346.52364341085274,2,1,1,4,2,Loyal Customers
16073,2011-02-15 15:41:00,2011-02-15 15:41:00,1,122.39999999999999,48,297,297,122.39999999999999,0.10248316498316498,150.42424242424244,150.42424242424244,1,2,1,4,1,At Risk
18018,2011-08-23 17:37:00,2011-05-24 13:22:00,2,122.14,55,108,199,61.07,0.30590452261306533,224.0256281407035,224.0256281407035,2,3,1,6,2,Loyal Customers
13244,2011-09-08 11:46:00,2011-09-08 11:46:00,1,121.74000000000001,38,93,93,121.74000000000001,0.3272849462365591,477.79677419354846,477.79677419354846,2,1,1,4,2,Loyal Customers
13182,2011-10-25 13:46:00,2011-10-25 13:46:00,1,121.18,201,45,45,121.18,0.6763888888888889,982.9044444444445,982.9044444444445,3,1,1,5,2,Loyal Customers
15049,2011-03-11 12:13:00,2011-03-11 12:13:00,1,121.17000000000002,63,274,274,121.17000000000002,0.11108576642335766,161.4125912408759,161.4125912408759,1,1,1,3,1,At Risk
15512,2011-07-07 10:20:00,2010-12-15 12:01:00,2,121.0,68,156,360,60.5,0.16909722222222223,122.68055555555556,122.68055555555556,2,3,1,6,1,At Risk
13002,2011-01-25 15:18:00,2011-01-25 15:18:00,1,120.94999999999999,73,318,318,120.94999999999999,0.09571540880503145,138.82625786163518,138.82625786163518,1,1,1,3,1,At Risk
17446,2011-06-16 10:42:00,2011-02-02 14:40:00,2,120.9,198,177,310,60.45,0.1963709677419355,142.35,142.35,2,3,1,6,1,At Risk
18015,2011-12-05 14:49:00,2011-12-05 14:49:00,1,120.03,157,4,4,120.03,7.609375,10952.7375,10952.7375,5,2,1,8,2,Loyal Customers
14259,2011-07-21 10:44:00,2011-07-21 10:44:00,1,120.0,68,142,142,120.0,0.21434859154929578,308.4507042253521,308.4507042253521,2,1,1,4,1,At Risk
14314,2011-08-25 10:39:00,2011-08-25 10:39:00,1,120.0,296,107,107,120.0,0.2844626168224299,409.3457943925234,409.3457943925234,2,1,1,4,2,Loyal Customers
14453,2011-06-02 14:15:00,2011-06-02 14:15:00,1,119.93,49,190,190,119.93,0.16019736842105262,230.39184210526318,230.39184210526318,1,1,1,3,1,At Risk
16542,2011-10-17 10:47:00,2011-10-17 10:47:00,1,119.62,46,54,54,119.62,0.5636574074074073,808.5425925925927,808.5425925925927,3,2,1,6,2,Loyal Customers
15266,2011-01-05 13:40:00,2011-01-05 13:40:00,1,119.3,18,338,338,119.3,0.090051775147929,128.82988165680473,128.82988165680473,1,1,1,3,1,At Risk
16666,2011-11-20 14:01:00,2011-11-20 14:01:00,1,118.98,233,19,19,118.98,1.6019736842105263,2285.668421052632,2285.668421052632,4,2,1,7,2,Loyal Customers
15843,2011-02-09 10:19:00,2011-02-09 10:19:00,1,118.95000000000002,27,304,304,118.95000000000002,0.1001233552631579,142.8182565789474,142.8182565789474,1,2,1,4,1,At Risk
17079,2011-09-22 15:34:00,2011-09-22 15:34:00,1,118.80000000000001,24,78,78,118.80000000000001,0.39022435897435903,555.923076923077,555.923076923077,2,2,1,5,2,Loyal Customers
14155,2011-03-18 14:13:00,2011-03-18 14:13:00,1,118.75,25,266,266,118.75,0.11442669172932331,162.94642857142858,162.94642857142858,1,1,1,3,1,At Risk
13581,2011-02-03 14:41:00,2011-02-03 14:41:00,1,118.0,30,309,309,118.0,0.0985032362459547,139.38511326860842,139.38511326860842,1,1,1,3,1,At Risk
13193,2011-10-09 14:30:00,2011-10-09 14:30:00,1,117.88,50,61,61,117.88,0.4989754098360656,705.3475409836066,705.3475409836066,3,1,1,5,2,Loyal Customers
12929,2011-02-01 12:08:00,2011-02-01 12:08:00,1,117.85,37,312,312,117.85,0.09755608974358976,137.86939102564102,137.86939102564102,1,1,1,3,1,At Risk
17654,2011-03-07 13:17:00,2011-03-07 13:17:00,1,117.55,41,277,277,117.55,0.1098826714801444,154.89440433212997,154.89440433212997,1,2,1,4,1,At Risk
16959,2011-09-13 15:03:00,2011-09-13 15:03:00,1,117.35000000000001,49,87,87,117.35000000000001,0.34985632183908044,492.33045977011494,492.33045977011494,2,2,1,5,2,Loyal Customers
13877,2011-09-14 15:49:00,2011-09-14 15:49:00,1,117.24,108,86,86,117.24,0.3539244186046511,497.5883720930232,497.5883720930232,2,1,1,4,2,Loyal Customers
17117,2011-02-24 13:54:00,2011-02-24 13:54:00,1,116.19999999999999,68,288,288,116.19999999999999,0.1056857638888889,147.2673611111111,147.2673611111111,1,2,1,4,1,At Risk
17601,2011-04-14 18:02:00,2011-04-14 18:02:00,1,116.00999999999999,103,239,239,116.00999999999999,0.12735355648535565,177.17008368200834,177.17008368200834,1,2,1,4,1,At Risk
13170,2011-11-13 12:19:00,2011-11-13 12:19:00,1,116.00999999999999,147,27,27,116.00999999999999,1.1273148148148147,1568.283333333333,1568.283333333333,4,1,1,6,2,Loyal Customers
14143,2011-07-29 09:48:00,2011-07-29 09:48:00,1,115.8,30,134,134,115.8,0.22714552238805968,315.42537313432837,315.42537313432837,2,1,1,4,1,At Risk
15350,2010-12-01 13:33:00,2010-12-01 13:33:00,1,115.65,51,373,373,115.65,0.08160187667560322,113.1695710455764,113.1695710455764,1,1,1,3,1,At Risk
13067,2011-09-18 13:38:00,2011-09-18 13:38:00,1,115.46000000000001,32,82,82,115.46000000000001,0.3711890243902439,513.9378048780488,513.9378048780488,2,1,1,4,2,Loyal Customers
18027,2011-09-02 10:38:00,2011-09-02 10:38:00,1,115.31,78,99,99,115.31,0.307449494949495,425.1328282828283,425.1328282828283,2,2,1,5,2,Loyal Customers
14972,2011-08-03 14:54:00,2011-08-03 14:54:00,1,114.77,28,128,128,114.77,0.23779296875,327.27382812499997,327.27382812499997,2,1,1,4,2,Loyal Customers
13188,2011-11-28 15:28:00,2011-11-28 15:28:00,1,114.60000000000001,25,11,11,114.60000000000001,2.767045454545454,3802.6363636363635,3802.6363636363635,5,1,1,7,2,Loyal Customers
16247,2011-06-22 14:23:00,2011-06-22 14:23:00,1,114.56,182,170,170,114.56,0.17904411764705883,245.9670588235294,245.9670588235294,2,2,1,5,1,At Risk
14632,2011-03-22 08:49:00,2011-03-22 08:49:00,1,114.56,96,263,263,114.56,0.11573193916349811,158.99011406844107,158.99011406844107,1,1,1,3,1,At Risk
14974,2011-11-02 13:01:00,2011-11-02 13:01:00,1,114.39,44,37,37,114.39,0.8226351351351351,1128.4418918918918,1128.4418918918918,3,1,1,5,2,Loyal Customers
17852,2011-11-28 12:36:00,2011-11-28 12:31:00,2,114.34,53,12,12,57.17,5.072916666666666,3477.8416666666667,3477.8416666666667,5,3,1,9,2,Loyal Customers
17219,2011-11-08 11:25:00,2011-11-08 11:25:00,1,114.23,89,32,32,114.23,0.951171875,1302.9359375000001,1302.9359375000001,4,2,1,7,2,Loyal Customers
14652,2011-09-23 14:21:00,2011-09-23 14:21:00,1,114.18,53,77,77,114.18,0.39529220779220775,541.2428571428572,541.2428571428572,2,1,1,4,2,Loyal Customers
12938,2011-11-14 11:21:00,2011-11-14 11:21:00,1,114.14,140,26,26,114.14,1.1706730769230769,1602.35,1602.35,4,1,1,6,2,Loyal Customers
14582,2011-10-30 11:56:00,2011-10-30 11:56:00,1,114.11,73,41,41,114.11,0.7423780487804879,1015.8573170731707,1015.8573170731707,3,1,1,5,2,Loyal Customers
12651,2011-01-09 12:46:00,2011-01-09 12:46:00,1,114.0,78,335,335,114.0,0.09085820895522388,124.2089552238806,124.2089552238806,1,1,1,3,1,At Risk
14457,2011-02-02 09:39:00,2011-02-02 09:39:00,1,113.64,88,311,311,113.64,0.09786977491961416,133.3717041800643,133.3717041800643,1,1,1,3,1,At Risk
15445,2011-03-20 15:06:00,2011-03-20 15:06:00,1,113.5,58,264,264,113.5,0.1152935606060606,156.9223484848485,156.9223484848485,1,1,1,3,1,At Risk
17217,2011-04-19 17:19:00,2011-04-19 17:19:00,1,113.5,24,234,234,113.5,0.1300747863247863,177.0405982905983,177.0405982905983,1,2,1,4,1,At Risk
18105,2011-11-02 12:04:00,2011-11-02 12:04:00,1,113.48000000000002,46,38,38,113.48000000000002,0.8009868421052632,1090.005263157895,1090.005263157895,3,2,1,6,2,Loyal Customers
16913,2011-02-22 12:56:00,2011-02-22 12:56:00,1,113.44,82,290,290,113.44,0.10495689655172413,142.77793103448275,142.77793103448275,1,2,1,4,1,At Risk
15280,2011-06-20 17:14:00,2011-06-20 17:14:00,1,113.12,154,172,172,113.12,0.17696220930232556,240.0511627906977,240.0511627906977,2,1,1,4,1,At Risk
14689,2011-05-15 11:22:00,2011-05-15 11:22:00,1,112.8,76,209,209,112.8,0.14563397129186603,196.99521531100478,196.99521531100478,1,1,1,3,1,At Risk
13161,2011-01-30 14:03:00,2011-01-30 14:03:00,1,112.75,29,313,313,112.75,0.0972444089456869,131.48162939297126,131.48162939297126,1,1,1,3,1,At Risk
16697,2011-04-12 17:12:00,2011-04-12 17:12:00,1,112.75,27,241,241,112.75,0.1262966804979253,170.7624481327801,170.7624481327801,1,2,1,4,1,At Risk
13807,2010-12-07 15:48:00,2010-12-07 15:48:00,1,112.6,36,367,367,112.6,0.08293596730245231,111.98637602179836,111.98637602179836,1,1,1,3,1,At Risk
18129,2011-04-10 14:16:00,2011-04-10 14:16:00,1,112.55000000000001,48,243,243,112.55000000000001,0.12525720164609053,169.05658436213994,169.05658436213994,1,2,1,4,1,At Risk
15610,2011-10-19 10:36:00,2011-10-19 10:36:00,1,112.46000000000001,66,52,52,112.46000000000001,0.5853365384615384,789.3826923076923,789.3826923076923,3,1,1,5,2,Loyal Customers
17038,2011-11-09 13:50:00,2011-11-09 13:50:00,1,112.4,28,30,30,112.4,1.0145833333333334,1367.5333333333333,1367.5333333333333,4,2,1,7,2,Loyal Customers
14271,2011-04-28 12:47:00,2011-04-28 12:47:00,1,112.32,88,226,226,112.32,0.13467920353982302,181.4017699115044,181.4017699115044,1,1,1,3,1,At Risk
17893,2011-04-28 13:50:00,2011-04-28 13:50:00,1,112.25,161,225,225,112.25,0.13527777777777777,182.09444444444443,182.09444444444443,1,2,1,4,1,At Risk
17900,2011-06-02 14:38:00,2011-06-02 14:28:00,2,112.19999999999999,73,190,190,56.099999999999994,0.32039473684210523,215.54210526315785,215.54210526315785,1,3,1,5,1,At Risk
12756,2011-09-14 09:31:00,2011-09-14 09:31:00,1,112.07999999999998,144,87,87,112.07999999999998,0.34985632183908044,470.2206896551724,470.2206896551724,2,1,1,4,2,Loyal Customers
17274,2011-11-04 13:16:00,2011-11-04 13:16:00,1,111.97999999999999,79,35,35,111.97999999999999,0.8696428571428572,1167.7914285714285,1167.7914285714285,3,2,1,6,2,Loyal Customers
17957,2011-10-04 14:58:00,2011-10-04 14:58:00,1,111.68,287,66,66,111.68,0.4611742424242424,617.6242424242425,617.6242424242425,3,2,1,6,2,Loyal Customers
17887,2011-08-02 17:29:00,2011-08-02 17:29:00,1,111.35,30,129,129,111.35,0.23594961240310078,315.06007751937983,315.06007751937983,2,2,1,5,2,Loyal Customers
18120,2011-05-09 13:45:00,2011-05-09 13:45:00,1,111.15,31,214,214,111.15,0.14223130841121495,189.5782710280374,189.5782710280374,1,2,1,4,1,At Risk
13508,2011-04-10 11:58:00,2011-04-10 11:58:00,1,110.97,24,244,244,110.97,0.1247438524590164,166.0002049180328,166.0002049180328,1,1,1,3,1,At Risk
13144,2011-01-11 11:15:00,2011-01-11 11:15:00,1,110.95,21,333,333,110.95,0.0914039039039039,121.61186186186187,121.61186186186187,1,1,1,3,1,At Risk
15537,2011-06-29 13:10:00,2011-06-29 13:10:00,1,110.92,29,163,163,110.92,0.1867331288343558,248.3791411042945,248.3791411042945,2,1,1,4,1,At Risk
15853,2011-10-19 10:38:00,2011-10-19 10:38:00,1,110.8,135,52,52,110.8,0.5853365384615384,777.7307692307693,777.7307692307693,3,2,1,6,2,Loyal Customers
17349,2011-06-13 14:29:00,2011-06-13 14:29:00,1,110.75,112,179,179,110.75,0.17004189944134077,225.83100558659217,225.83100558659217,2,2,1,5,1,At Risk
16963,2011-06-05 13:48:00,2011-06-05 13:48:00,1,110.55000000000001,35,187,187,110.55000000000001,0.1627673796791444,215.7794117647059,215.7794117647059,1,2,1,4,1,At Risk
14641,2011-11-18 10:42:00,2011-11-18 10:42:00,1,110.46,90,22,22,110.46,1.383522727272727,1832.6318181818178,1832.6318181818178,4,1,1,6,2,Loyal Customers
12734,2010-12-22 12:47:00,2010-12-22 12:47:00,1,110.39999999999999,88,353,353,110.39999999999999,0.08622521246458924,114.15297450424929,114.15297450424929,1,1,1,3,1,At Risk
16792,2011-03-02 14:41:00,2011-03-02 14:39:00,2,110.38000000000001,44,282,282,55.190000000000005,0.21586879432624112,142.86773049645393,142.86773049645393,1,3,1,5,1,At Risk
17901,2011-11-10 17:29:00,2011-11-10 17:29:00,1,110.38,24,29,29,110.38,1.0495689655172413,1389.2655172413793,1389.2655172413793,4,2,1,7,2,Loyal Customers
18277,2011-10-12 15:22:00,2011-10-12 15:22:00,1,110.38,68,58,58,110.38,0.5247844827586207,694.6327586206896,694.6327586206896,3,2,1,6,2,Loyal Customers
17746,2011-04-13 14:31:00,2011-04-13 14:31:00,1,110.25,29,240,240,110.25,0.12682291666666667,167.671875,167.671875,1,2,1,4,1,At Risk
17836,2011-10-23 16:13:00,2011-10-23 16:13:00,1,110.21000000000001,88,47,47,110.21000000000001,0.6476063829787234,855.8861702127659,855.8861702127659,3,2,1,6,2,Loyal Customers
16339,2011-02-28 13:41:00,2011-02-28 13:41:00,1,109.95,23,284,284,109.95,0.10717429577464789,141.30897887323943,141.30897887323943,1,2,1,4,1,At Risk
13133,2011-03-11 10:31:00,2011-02-08 15:48:00,2,109.8,32,274,304,54.9,0.2002467105263158,131.83223684210526,131.83223684210526,1,2,1,4,1,At Risk
16363,2011-10-17 14:14:00,2011-10-17 14:14:00,1,109.36000000000001,52,53,53,109.36000000000001,0.5742924528301887,753.1396226415095,753.1396226415095,3,2,1,6,2,Loyal Customers
14699,2011-05-09 14:54:00,2011-05-09 14:54:00,1,109.13000000000001,77,214,214,109.13000000000001,0.14223130841121495,186.13294392523366,186.13294392523366,1,1,1,3,1,At Risk
14345,2011-11-01 09:51:00,2011-11-01 09:51:00,1,108.97999999999999,50,39,39,108.97999999999999,0.7804487179487181,1019.9410256410256,1019.9410256410256,3,1,1,5,2,Loyal Customers
17639,2011-03-08 15:22:00,2011-03-08 15:22:00,1,108.5,49,276,276,108.5,0.11028079710144928,143.48731884057972,143.48731884057972,1,2,1,4,1,At Risk
16106,2011-10-05 10:37:00,2011-10-05 10:37:00,1,108.38,74,66,66,108.38,0.4611742424242424,599.3742424242424,599.3742424242424,3,2,1,6,2,Loyal Customers
13226,2011-03-11 14:35:00,2011-03-11 14:35:00,1,108.21000000000001,80,273,273,108.21000000000001,0.11149267399267399,144.67637362637362,144.67637362637362,1,1,1,3,1,At Risk
12956,2011-02-06 16:08:00,2011-02-06 16:08:00,1,108.07,34,306,306,108.07,0.09946895424836602,128.90702614379083,128.90702614379083,1,1,1,3,1,At Risk
14661,2011-11-13 11:51:00,2011-11-13 11:51:00,1,107.95,35,27,27,107.95,1.1273148148148147,1459.3240740740741,1459.3240740740741,4,1,1,6,2,Loyal Customers
16784,2011-11-20 12:20:00,2011-11-20 12:20:00,1,107.6,24,20,20,107.6,1.521875,1963.7,1963.7,4,2,1,7,2,Loyal Customers
15395,2011-01-18 12:40:00,2011-01-18 12:40:00,1,107.45,17,326,326,107.45,0.0933665644171779,120.30444785276073,120.30444785276073,1,1,1,3,1,At Risk
16757,2011-01-25 11:59:00,2011-01-25 11:59:00,1,106.83000000000001,81,319,319,106.83000000000001,0.0954153605015674,122.23495297805644,122.23495297805644,1,2,1,4,1,At Risk
15168,2011-11-14 11:26:00,2011-11-14 11:26:00,1,106.56,52,26,26,106.56,1.1706730769230769,1495.9384615384615,1495.9384615384615,4,1,1,6,2,Loyal Customers
15070,2010-12-02 11:23:00,2010-12-02 11:23:00,1,106.2,36,373,373,106.2,0.08160187667560322,103.92225201072387,103.92225201072387,1,1,1,3,1,At Risk
17791,2011-11-10 12:09:00,2011-11-10 12:09:00,1,106.1,46,30,30,106.1,1.0145833333333334,1290.8833333333334,1290.8833333333334,4,2,1,7,2,Loyal Customers
16581,2011-06-10 10:05:00,2011-06-10 10:05:00,1,105.84,134,183,183,105.84,0.16632513661202186,211.10163934426228,211.10163934426228,1,2,1,4,1,At Risk
15775,2011-04-08 12:56:00,2011-04-08 12:56:00,1,104.9,68,245,245,104.9,0.12423469387755103,156.27959183673468,156.27959183673468,1,2,1,4,1,At Risk
14027,2011-10-10 09:01:00,2011-10-10 09:01:00,1,104.82,62,61,61,104.82,0.4989754098360656,627.2016393442623,627.2016393442623,3,1,1,5,2,Loyal Customers
15607,2011-01-07 12:44:00,2011-01-07 12:44:00,1,104.76,202,337,337,104.76,0.09031899109792285,113.46409495548961,113.46409495548961,1,1,1,3,1,At Risk
15958,2011-09-26 13:41:00,2011-09-26 13:41:00,1,104.35,33,74,74,104.35,0.41131756756756754,514.6993243243244,514.6993243243244,2,2,1,5,2,Loyal Customers
18174,2011-12-02 16:56:00,2011-12-02 16:56:00,1,104.0,50,7,7,104.0,4.348214285714286,5422.857142857143,5422.857142857143,5,2,1,8,2,Loyal Customers
17548,2011-04-20 12:01:00,2011-04-20 12:01:00,1,103.3,58,234,234,103.3,0.1300747863247863,161.1303418803419,161.1303418803419,1,2,1,4,1,At Risk
18255,2011-09-11 13:16:00,2011-09-11 13:16:00,1,103.3,74,89,89,103.3,0.34199438202247195,423.64606741573033,423.64606741573033,2,2,1,5,2,Loyal Customers
14542,2011-06-07 08:19:00,2011-06-07 08:19:00,1,103.25,19,186,186,103.25,0.16364247311827956,202.61424731182797,202.61424731182797,1,1,1,3,1,At Risk
17962,2011-07-20 14:16:00,2011-07-20 14:16:00,1,102.83,128,142,142,102.83,0.21434859154929578,264.3165492957746,264.3165492957746,2,2,1,5,1,At Risk
18011,2010-12-01 17:35:00,2010-12-01 17:35:00,1,102.78999999999999,71,373,373,102.78999999999999,0.08160187667560322,100.58538873994638,100.58538873994638,1,2,1,4,1,At Risk
14836,2011-11-29 16:45:00,2011-11-09 13:26:00,3,102.44999999999999,45,10,30,34.15,3.04375,1246.4749999999997,1246.4749999999997,5,3,1,9,2,Loyal Customers
14981,2011-04-07 13:45:00,2011-04-07 13:45:00,1,102.12,97,246,246,102.12,0.12372967479674796,151.51951219512196,151.51951219512196,1,1,1,3,1,At Risk
13948,2010-12-14 10:18:00,2010-12-14 10:18:00,1,102.0,40,361,361,102.0,0.08431440443213296,103.13019390581718,103.13019390581718,1,1,1,3,1,At Risk
15212,2011-04-12 13:45:00,2011-04-12 13:45:00,1,101.8,36,241,241,101.8,0.1262966804979253,154.17842323651453,154.17842323651453,1,1,1,3,1,At Risk
16516,2011-11-09 14:59:00,2011-11-09 14:59:00,1,101.69999999999999,58,30,30,101.69999999999999,1.0145833333333334,1237.3499999999997,1237.3499999999997,4,2,1,7,2,Loyal Customers
18068,2011-02-23 14:50:00,2011-02-23 14:50:00,1,101.69999999999999,6,289,289,101.69999999999999,0.10532006920415225,128.44463667820068,128.44463667820068,1,2,1,4,1,At Risk
17643,2010-12-01 14:38:00,2010-12-01 14:38:00,1,101.55,71,373,373,101.55,0.08160187667560322,99.37198391420911,99.37198391420911,1,2,1,4,1,At Risk
16006,2011-05-12 13:12:00,2011-05-12 13:12:00,1,101.4,84,211,211,101.4,0.14425355450236968,175.40758293838863,175.40758293838863,1,2,1,4,1,At Risk
18086,2011-03-10 13:34:00,2011-03-10 13:34:00,1,101.34,106,274,274,101.34,0.11108576642335766,134.99671532846716,134.99671532846716,1,2,1,4,1,At Risk
13101,2011-04-19 14:37:00,2011-04-19 14:37:00,1,101.19,113,234,234,101.19,0.1300747863247863,157.83910256410255,157.83910256410255,1,1,1,3,1,At Risk
16344,2011-07-04 15:50:00,2011-07-04 15:50:00,1,101.10000000000001,18,158,158,101.10000000000001,0.19264240506329114,233.55379746835442,233.55379746835442,2,2,1,5,1,At Risk
16498,2011-07-01 15:07:00,2011-06-30 19:52:00,2,100.97,45,161,162,50.485,0.3757716049382716,227.49413580246915,227.49413580246915,2,3,1,6,1,At Risk
14946,2011-11-25 13:33:00,2011-11-25 13:33:00,1,100.9,22,14,14,100.9,2.174107142857143,2630.6071428571427,2630.6071428571427,4,1,1,6,2,Loyal Customers
17427,2011-09-29 11:29:00,2011-09-29 11:29:00,1,100.8,34,72,72,100.8,0.4227430555555556,511.0,511.0,2,2,1,5,2,Loyal Customers
14371,2011-02-17 16:35:00,2011-02-17 16:35:00,1,100.5,34,295,295,100.5,0.10317796610169491,124.34745762711864,124.34745762711864,1,1,1,3,1,At Risk
13703,2011-01-25 13:10:00,2011-01-25 13:10:00,1,99.5,10,318,318,99.5,0.09571540880503145,114.20597484276729,114.20597484276729,1,1,1,3,1,At Risk
17939,2011-07-03 12:27:00,2011-07-03 12:27:00,1,99.14,40,160,160,99.14,0.190234375,226.16312499999998,226.16312499999998,2,2,1,5,1,At Risk
15256,2011-07-14 11:47:00,2011-07-14 11:47:00,1,98.45,55,149,149,98.45,0.2042785234899329,241.16946308724832,241.16946308724832,2,1,1,4,1,At Risk
17538,2011-11-14 12:12:00,2011-11-14 12:12:00,1,98.42,134,26,26,98.42,1.1706730769230769,1381.6653846153847,1381.6653846153847,4,2,1,7,2,Loyal Customers
17895,2011-10-26 17:00:00,2011-10-26 17:00:00,1,98.0,130,44,44,98.0,0.6917613636363635,812.9545454545455,812.9545454545455,3,2,1,6,2,Loyal Customers
18033,2011-10-05 17:28:00,2011-10-05 17:28:00,1,97.97,253,65,65,97.97,0.4682692307692307,550.1392307692308,550.1392307692308,3,2,1,6,2,Loyal Customers
15422,2011-01-20 16:17:00,2011-01-20 14:17:00,2,97.7,38,323,323,48.85,0.18846749226006193,110.40402476780186,110.40402476780186,1,3,1,5,1,At Risk
12984,2011-11-21 12:37:00,2011-11-21 12:37:00,1,97.5,26,19,19,97.5,1.6019736842105263,1873.0263157894738,1873.0263157894738,4,1,1,6,2,Loyal Customers
17325,2011-03-04 13:09:00,2011-03-04 13:09:00,1,96.8,60,280,280,96.8,0.10870535714285715,126.18571428571428,126.18571428571428,1,2,1,4,1,At Risk
15216,2011-09-13 11:41:00,2011-09-13 11:41:00,1,96.6,28,88,88,96.6,0.34588068181818177,400.67045454545456,400.67045454545456,2,1,1,4,2,Loyal Customers
14642,2011-10-12 11:08:00,2011-10-12 11:08:00,1,96.12,76,59,59,96.12,0.5158898305084746,594.6406779661017,594.6406779661017,3,1,1,5,2,Loyal Customers
17024,2011-10-25 13:47:00,2011-07-05 09:31:00,3,95.85,69,45,158,31.95,0.5779272151898734,221.4256329113924,221.4256329113924,3,4,1,8,2,Loyal Customers
18249,2011-11-22 15:07:00,2011-11-22 15:07:00,1,95.34,128,17,17,95.34,1.7904411764705883,2047.0058823529412,2047.0058823529412,4,2,1,7,2,Loyal Customers
12548,2011-06-26 15:35:00,2011-06-26 15:35:00,1,95.19999999999999,49,166,166,95.19999999999999,0.18335843373493976,209.32530120481923,209.32530120481923,2,1,1,4,1,At Risk
16387,2011-01-21 11:34:00,2011-01-21 11:34:00,1,94.36,44,323,323,94.36,0.09423374613003097,106.6297213622291,106.6297213622291,1,2,1,4,1,At Risk
13651,2011-11-04 14:59:00,2011-10-31 12:11:00,2,94.2,33,35,40,47.1,1.521875,859.575,859.575,3,2,1,6,2,Loyal Customers
15397,2011-02-23 09:25:00,2011-02-23 09:25:00,1,94.0,20,290,290,94.0,0.10495689655172413,118.3103448275862,118.3103448275862,1,1,1,3,1,At Risk
15428,2011-11-24 16:54:00,2011-11-24 16:54:00,1,93.78,102,15,15,93.78,2.029166666666667,2281.98,2281.98,4,1,1,6,2,Loyal Customers
18227,2011-05-06 12:23:00,2011-05-06 12:23:00,1,93.75,21,218,218,93.75,0.13962155963302753,156.96674311926606,156.96674311926606,1,2,1,4,1,At Risk
13283,2011-10-11 09:50:00,2011-06-07 12:39:00,2,93.66,90,60,186,46.83,0.3272849462365591,183.7951612903226,183.7951612903226,3,2,1,6,2,Loyal Customers
17991,2011-04-28 15:58:00,2011-04-27 16:39:00,2,93.35,25,225,226,46.675,0.26935840707964603,150.76438053097345,150.76438053097345,1,3,1,5,1,At Risk
12821,2011-05-09 15:51:00,2011-05-09 15:51:00,1,92.72,70,214,214,92.72,0.14223130841121495,158.14392523364486,158.14392523364486,1,1,1,3,1,At Risk
14054,2011-10-05 15:49:00,2011-10-05 15:49:00,1,92.46,62,65,65,92.46,0.4682692307692307,519.1984615384614,519.1984615384614,3,1,1,5,2,Loyal Customers
12789,2011-10-05 13:34:00,2011-10-05 13:34:00,1,91.85,4,65,65,91.85,0.4682692307692307,515.7730769230769,515.7730769230769,3,1,1,5,2,Loyal Customers
13551,2011-01-24 14:46:00,2011-01-24 14:46:00,1,91.80000000000001,12,319,319,91.80000000000001,0.0954153605015674,105.03761755485895,105.03761755485895,1,1,1,3,1,At Risk
13160,2011-11-17 13:07:00,2011-11-17 13:07:00,1,91.8,56,22,22,91.8,1.383522727272727,1523.0454545454545,1523.0454545454545,4,1,1,6,2,Loyal Customers
12659,2011-11-10 11:53:00,2011-11-10 11:53:00,1,91.68,105,30,30,91.68,1.0145833333333334,1115.44,1115.44,4,1,1,6,2,Loyal Customers
15488,2011-09-08 10:11:00,2011-09-08 10:11:00,1,91.32000000000001,73,93,93,91.32000000000001,0.3272849462365591,358.40645161290325,358.40645161290325,2,1,1,4,2,Loyal Customers
14353,2011-05-08 16:06:00,2011-05-08 16:06:00,1,90.6,64,215,215,90.6,0.14156976744186048,153.8093023255814,153.8093023255814,1,1,1,3,1,At Risk
13947,2011-10-05 14:42:00,2011-10-05 14:42:00,1,90.6,44,65,65,90.6,0.4682692307692307,508.75384615384615,508.75384615384615,3,1,1,5,2,Loyal Customers
18084,2011-11-23 13:57:00,2011-11-23 13:57:00,1,90.47999999999999,312,16,16,90.47999999999999,1.90234375,2064.075,2064.075,4,2,1,7,2,Loyal Customers
16506,2011-11-20 12:17:00,2011-10-30 15:50:00,2,90.30000000000001,42,20,40,45.150000000000006,1.521875,823.9875000000002,823.9875000000002,4,3,1,8,2,Loyal Customers
15552,2011-05-06 14:47:00,2011-05-06 14:47:00,1,90.12,60,217,217,90.12,0.14026497695852536,151.58433179723502,151.58433179723502,1,1,1,3,1,At Risk
16597,2011-12-05 15:44:00,2011-12-05 15:44:00,1,90.04,184,4,4,90.04,7.609375,8216.150000000001,8216.150000000001,5,2,1,8,2,Loyal Customers
14117,2011-07-19 09:49:00,2011-07-19 09:49:00,1,90.0,72,144,144,90.0,0.2113715277777778,228.125,228.125,2,1,1,4,1,At Risk
14219,2011-12-05 16:23:00,2011-12-05 16:23:00,1,89.94,78,4,4,89.94,7.609375,8207.025,8207.025,5,1,1,7,2,Loyal Customers
14760,2011-02-15 16:27:00,2011-02-15 16:27:00,1,89.2,40,297,297,89.2,0.10248316498316498,109.62289562289563,109.62289562289563,1,1,1,3,1,At Risk
12686,2010-12-03 09:51:00,2010-12-03 09:51:00,1,89.14,107,372,372,89.14,0.08182123655913978,87.46263440860214,87.46263440860214,1,1,1,3,1,At Risk
14436,2011-09-02 10:13:00,2011-09-02 10:13:00,1,89.06,129,99,99,89.06,0.307449494949495,328.35252525252525,328.35252525252525,2,1,1,4,2,Loyal Customers
12353,2011-05-19 17:47:00,2011-05-19 17:47:00,1,89.0,20,204,204,89.0,0.14920343137254902,159.24019607843138,159.24019607843138,1,1,1,3,1,At Risk
15083,2011-03-28 12:18:00,2011-03-28 12:18:00,1,88.2,38,257,257,88.2,0.11843385214007782,125.26459143968872,125.26459143968872,1,1,1,3,1,At Risk
15180,2010-12-07 14:57:00,2010-12-07 14:57:00,1,87.5,36,367,367,87.5,0.08293596730245231,87.02316076294278,87.02316076294278,1,1,1,3,1,At Risk
13296,2011-07-25 13:46:00,2011-07-25 13:46:00,1,87.4,78,137,137,87.4,0.22217153284671531,232.85401459854018,232.85401459854018,2,1,1,4,1,At Risk
15541,2011-08-17 14:58:00,2011-08-17 14:58:00,1,85.13000000000001,49,114,114,85.13000000000001,0.2669956140350877,272.565350877193,272.565350877193,2,1,1,4,2,Loyal Customers
13841,2011-04-01 12:10:00,2011-04-01 12:10:00,1,85.0,100,253,253,85.0,0.12030632411067194,122.62845849802372,122.62845849802372,1,1,1,3,1,At Risk
15729,2011-05-11 12:36:00,2011-05-11 12:36:00,1,85.0,28,213,213,85.0,0.14289906103286384,145.65727699530515,145.65727699530515,1,1,1,3,1,At Risk
13666,2011-10-10 15:39:00,2011-02-25 13:05:00,3,84.65,41,60,287,28.21666666666667,0.3181620209059233,107.65592334494775,107.65592334494775,3,3,1,7,2,Loyal Customers
12401,2011-02-09 13:50:00,2011-02-09 13:50:00,1,84.3,11,303,303,84.3,0.10045379537953796,101.54950495049505,101.54950495049505,1,1,1,3,1,At Risk
17309,2011-09-05 15:20:00,2011-09-05 15:20:00,1,82.75,41,95,95,82.75,0.32039473684210523,317.9342105263158,317.9342105263158,2,2,1,5,2,Loyal Customers
13006,2011-10-14 13:49:00,2011-10-14 13:49:00,1,81.57,55,56,56,81.57,0.5435267857142857,531.6616071428572,531.6616071428572,3,1,1,5,2,Loyal Customers
17620,2011-10-11 12:08:00,2011-10-11 12:08:00,1,81.44,60,60,60,81.44,0.5072916666666667,495.4266666666666,495.4266666666666,3,2,1,6,2,Loyal Customers
18281,2011-06-12 10:53:00,2011-06-12 10:53:00,1,80.82,54,181,181,80.82,0.16816298342541436,162.97955801104973,162.97955801104973,1,2,1,4,1,At Risk
16789,2011-12-01 15:12:00,2011-12-01 15:12:00,1,80.8,32,8,8,80.8,3.8046875,3686.5,3686.5,5,2,1,8,2,Loyal Customers
13967,2011-07-17 12:02:00,2011-07-17 12:02:00,1,80.7,42,146,146,80.7,0.20847602739726026,201.75,201.75,2,1,1,4,1,At Risk
17752,2010-12-15 16:19:00,2010-12-15 16:19:00,1,80.64,192,359,359,80.64,0.08478412256267409,81.98774373259053,81.98774373259053,1,2,1,4,1,At Risk
13747,2010-12-01 10:37:00,2010-12-01 10:37:00,1,79.6,8,374,374,79.6,0.0813836898395722,77.68449197860961,77.68449197860961,1,1,1,3,1,At Risk
15753,2011-02-08 12:41:00,2011-02-08 12:41:00,1,79.2,144,305,305,79.2,0.09979508196721311,94.78032786885245,94.78032786885245,1,1,1,3,1,At Risk
16078,2011-03-01 09:47:00,2011-03-01 09:47:00,1,79.2,16,284,284,79.2,0.10717429577464789,101.78873239436619,101.78873239436619,1,2,1,4,1,At Risk
17942,2011-12-02 10:45:00,2011-12-02 10:45:00,1,77.50000000000001,38,8,8,77.50000000000001,3.8046875,3535.9375000000005,3535.9375000000005,5,2,1,8,2,Loyal Customers
14785,2011-11-29 13:21:00,2011-11-24 13:40:00,2,77.4,84,10,15,38.7,4.058333333333334,1883.4000000000003,1883.4000000000003,5,3,1,9,2,Loyal Customers
13132,2011-03-23 12:44:00,2011-03-23 12:44:00,1,77.3,20,262,262,77.3,0.11617366412213741,107.68893129770993,107.68893129770993,1,1,1,3,1,At Risk
13992,2011-11-09 15:23:00,2011-11-09 15:23:00,1,76.8,64,30,30,76.8,1.0145833333333334,934.4,934.4,4,1,1,6,2,Loyal Customers
14373,2010-12-16 15:40:00,2010-12-16 15:40:00,1,76.55,17,358,358,76.55,0.08502094972067038,78.04678770949721,78.04678770949721,1,1,1,3,1,At Risk
13106,2011-07-29 15:12:00,2011-07-29 15:12:00,1,76.5,18,133,133,76.5,0.22885338345864661,209.9436090225564,209.9436090225564,2,1,1,4,1,At Risk
17536,2011-06-15 13:23:00,2011-06-15 13:23:00,1,76.5,6,177,177,76.5,0.1719632768361582,157.75423728813558,157.75423728813558,2,2,1,5,1,At Risk
15668,2011-05-06 10:39:00,2011-05-06 10:39:00,1,76.32000000000001,72,218,218,76.32000000000001,0.13962155963302753,127.78348623853212,127.78348623853212,1,1,1,3,1,At Risk
14090,2011-01-19 10:51:00,2011-01-19 10:51:00,1,76.32000000000001,72,325,325,76.32000000000001,0.09365384615384616,85.71323076923078,85.71323076923078,1,1,1,3,1,At Risk
18113,2010-12-06 12:31:00,2010-12-06 12:31:00,1,76.32000000000001,72,369,369,76.32000000000001,0.08248644986449864,75.49268292682927,75.49268292682927,1,2,1,4,1,At Risk
16148,2011-02-16 14:01:00,2011-02-16 14:01:00,1,76.32000000000001,72,296,296,76.32000000000001,0.10282939189189189,94.11081081081082,94.11081081081082,1,2,1,4,1,At Risk
17995,2011-03-03 12:30:00,2011-03-03 12:30:00,1,76.1,133,282,282,76.1,0.10793439716312056,98.49822695035459,98.49822695035459,1,2,1,4,1,At Risk
17628,2011-09-19 15:21:00,2011-09-19 15:21:00,1,75.75,79,81,81,75.75,0.3757716049382716,341.3425925925926,341.3425925925926,2,2,1,5,2,Loyal Customers
16610,2011-05-04 13:13:00,2011-05-04 13:13:00,1,75.66,66,219,219,75.66,0.1389840182648402,126.1,126.1,1,2,1,4,1,At Risk
13403,2011-11-22 08:28:00,2011-11-22 08:28:00,1,75.0,44,18,18,75.0,1.6909722222222223,1520.8333333333333,1520.8333333333333,4,1,1,6,2,Loyal Customers
16468,2011-09-26 14:13:00,2011-09-26 14:13:00,1,74.9,31,74,74,74.9,0.41131756756756754,369.4391891891892,369.4391891891892,2,2,1,5,2,Loyal Customers
18050,2010-12-15 14:25:00,2010-12-15 14:25:00,1,74.4,40,359,359,74.4,0.08478412256267409,75.64345403899722,75.64345403899722,1,2,1,4,1,At Risk
13095,2011-09-30 12:03:00,2011-09-30 12:03:00,1,74.39999999999999,144,71,71,74.39999999999999,0.42869718309859156,382.47887323943655,382.47887323943655,3,1,1,5,2,Loyal Customers
17960,2011-06-21 14:15:00,2011-06-21 14:15:00,1,73.78,41,171,171,73.78,0.17799707602339182,157.48362573099416,157.48362573099416,2,2,1,5,1,At Risk
18032,2011-01-09 15:32:00,2011-01-09 15:32:00,1,73.5,42,334,334,73.5,0.09113023952095808,80.32185628742515,80.32185628742515,1,2,1,4,1,At Risk
12506,2011-04-21 08:54:00,2011-04-21 08:54:00,1,73.5,23,233,233,73.5,0.13063304721030045,115.13948497854078,115.13948497854078,1,1,1,3,1,At Risk
16171,2011-10-11 14:51:00,2011-10-11 14:51:00,1,73.2,24,59,59,73.2,0.5158898305084746,452.8474576271187,452.8474576271187,3,2,1,6,2,Loyal Customers
17906,2011-04-06 17:25:00,2011-04-06 17:25:00,1,72.9,26,247,247,72.9,0.12322874493927125,107.72672064777329,107.72672064777329,1,2,1,4,1,At Risk
13686,2011-06-10 09:10:00,2011-06-10 09:10:00,1,72.0,70,183,183,72.0,0.16632513661202186,143.60655737704917,143.60655737704917,1,1,1,3,1,At Risk
13938,2011-11-04 14:37:00,2011-11-04 14:37:00,1,71.66,70,35,35,71.66,0.8696428571428572,747.3114285714286,747.3114285714286,3,1,1,5,2,Loyal Customers
13185,2011-03-17 11:56:00,2011-03-17 11:56:00,1,71.4,12,268,268,71.4,0.11357276119402984,97.24253731343285,97.24253731343285,1,1,1,3,1,At Risk
17747,2011-08-19 08:13:00,2011-08-19 08:13:00,1,71.4,12,113,113,71.4,0.26935840707964603,230.62831858407083,230.62831858407083,2,2,1,5,2,Loyal Customers
17022,2011-11-08 17:09:00,2011-11-08 17:09:00,1,71.0,108,31,31,71.0,0.9818548387096774,835.9677419354839,835.9677419354839,4,2,1,7,2,Loyal Customers
18037,2011-07-08 13:39:00,2010-12-12 16:20:00,6,70.02,20,154,362,11.67,0.5044889502762431,70.60027624309392,70.60027624309392,2,5,1,8,1,At Risk
15863,2011-11-14 12:49:00,2011-05-31 11:36:00,2,68.84,19,26,193,34.42,0.31541450777202074,130.1896373056995,130.1896373056995,4,3,1,8,2,Loyal Customers
14393,2011-05-05 18:16:00,2011-05-05 18:16:00,1,67.95,13,218,218,67.95,0.13962155963302753,113.76949541284404,113.76949541284404,1,1,1,3,1,At Risk
13684,2011-02-27 10:13:00,2011-02-27 10:13:00,1,67.23,39,286,286,67.23,0.10642482517482517,85.80052447552448,85.80052447552448,1,1,1,3,1,At Risk
17382,2011-10-05 13:05:00,2011-10-05 13:05:00,1,65.4,25,65,65,65.4,0.4682692307692307,367.2461538461539,367.2461538461539,3,2,1,6,2,Loyal Customers
13130,2011-09-06 15:30:00,2011-09-06 15:30:00,1,64.0,32,94,94,64.0,0.3238031914893617,248.51063829787233,248.51063829787233,2,1,1,4,2,Loyal Customers
13302,2011-07-07 17:56:00,2011-07-07 17:56:00,1,63.75,5,155,155,63.75,0.1963709677419355,150.1209677419355,150.1209677419355,2,1,1,4,1,At Risk
17263,2011-05-15 14:32:00,2011-05-15 14:32:00,1,63.440000000000005,36,208,208,63.440000000000005,0.1463341346153846,111.32500000000002,111.32500000000002,1,2,1,4,1,At Risk
12665,2011-01-19 08:34:00,2011-01-19 08:34:00,1,63.0,37,325,325,63.0,0.09365384615384616,70.75384615384615,70.75384615384615,1,1,1,3,1,At Risk
14437,2010-12-09 09:27:00,2010-12-09 09:27:00,1,63.0,60,366,366,63.0,0.08316256830601093,62.82786885245902,62.82786885245902,1,1,1,3,1,At Risk
14840,2011-03-17 12:00:00,2011-03-17 12:00:00,1,62.85,31,268,268,62.85,0.11357276119402984,85.59794776119404,85.59794776119404,1,1,1,3,1,At Risk
13218,2011-08-04 16:59:00,2011-08-04 16:59:00,1,62.63999999999999,88,127,127,62.63999999999999,0.23966535433070868,180.0283464566929,180.0283464566929,2,1,1,4,1,At Risk
15516,2011-10-26 10:51:00,2011-10-24 11:33:00,3,62.43,27,45,47,20.81,1.9428191489361701,484.82872340425524,484.82872340425524,3,3,1,7,2,Loyal Customers
13194,2011-07-27 09:01:00,2011-07-27 09:01:00,1,60.7,26,136,136,60.7,0.22380514705882354,162.90808823529412,162.90808823529412,2,1,1,4,1,At Risk
17174,2011-05-06 11:47:00,2011-05-06 11:47:00,1,59.9,41,218,218,59.9,0.13962155963302753,100.29128440366972,100.29128440366972,1,2,1,4,1,At Risk
13391,2011-05-20 10:50:00,2011-05-20 10:50:00,1,59.8,4,204,204,59.8,0.14920343137254902,106.99509803921569,106.99509803921569,1,1,1,3,1,At Risk
13682,2011-06-05 14:06:00,2011-06-05 14:06:00,1,59.5,10,187,187,59.5,0.1627673796791444,116.13636363636364,116.13636363636364,1,1,1,3,1,At Risk
14957,2011-03-31 17:59:00,2011-03-31 17:59:00,1,58.49,34,253,253,58.49,0.12030632411067194,84.38280632411067,84.38280632411067,1,1,1,3,1,At Risk
13080,2011-06-13 14:59:00,2011-06-13 14:59:00,1,58.08,120,179,179,58.08,0.17004189944134077,118.43128491620112,118.43128491620112,1,1,1,3,1,At Risk
17775,2011-03-30 10:50:00,2011-03-30 10:50:00,1,56.4,72,255,255,56.4,0.11936274509803921,80.72941176470589,80.72941176470589,1,2,1,4,1,At Risk
15899,2010-12-06 10:36:00,2010-12-06 10:36:00,1,56.25,39,369,369,56.25,0.08248644986449864,55.640243902439025,55.640243902439025,1,2,1,4,1,At Risk
13366,2011-10-20 13:37:00,2011-10-20 13:37:00,1,56.160000000000004,144,50,50,56.160000000000004,0.60875,409.968,409.968,3,1,1,5,2,Loyal Customers
16349,2011-02-22 12:40:00,2011-02-22 12:40:00,1,53.5,9,291,291,53.5,0.10459621993127147,67.10481099656357,67.10481099656357,1,2,1,4,1,At Risk
15504,2011-09-19 13:45:00,2011-09-19 13:45:00,1,52.83,33,81,81,52.83,0.3757716049382716,238.06111111111113,238.06111111111113,2,1,1,4,2,Loyal Customers
14865,2011-12-02 16:25:00,2010-12-02 18:23:00,2,52.2,108,7,372,26.1,0.16364247311827956,51.21774193548387,51.21774193548387,5,3,1,9,2,Loyal Customers
13832,2011-11-20 15:36:00,2011-11-20 15:36:00,1,52.199999999999996,28,19,19,52.199999999999996,1.6019736842105263,1002.7894736842105,1002.7894736842105,4,1,1,6,2,Loyal Customers
15313,2011-08-21 16:02:00,2011-08-21 16:02:00,1,52.0,25,110,110,52.0,0.2767045454545455,172.54545454545453,172.54545454545453,2,1,1,4,2,Loyal Customers
14682,2011-06-05 12:12:00,2011-05-22 12:51:00,2,52.0,80,188,201,26.0,0.30286069651741293,94.42786069651741,94.42786069651741,1,3,1,5,1,At Risk
17844,2011-08-25 11:27:00,2011-08-25 11:27:00,1,51.559999999999995,52,107,107,51.559999999999995,0.2844626168224299,175.8822429906542,175.8822429906542,2,2,1,5,2,Loyal Customers
14351,2011-06-28 11:56:00,2011-06-28 11:56:00,1,51.0,12,165,165,51.0,0.18446969696969695,112.81818181818181,112.81818181818181,2,1,1,4,1,At Risk
13011,2010-12-02 17:22:00,2010-12-02 17:22:00,1,50.550000000000004,13,372,372,50.550000000000004,0.08182123655913978,49.59879032258065,49.59879032258065,1,1,1,3,1,At Risk
18184,2011-11-24 15:28:00,2011-11-24 15:28:00,1,49.8,60,15,15,49.8,2.029166666666667,1211.8,1211.8,4,2,1,7,2,Loyal Customers
14821,2010-12-08 08:43:00,2010-12-08 08:43:00,1,48.800000000000004,20,367,367,48.800000000000004,0.08293596730245231,48.53405994550409,48.53405994550409,1,1,1,3,1,At Risk
15603,2011-09-22 10:04:00,2011-09-22 10:04:00,1,48.480000000000004,96,79,79,48.480000000000004,0.3852848101265823,223.98987341772153,223.98987341772153,2,1,1,4,2,Loyal Customers
16257,2011-06-16 10:11:00,2011-06-16 10:11:00,1,46.95,2,177,177,46.95,0.1719632768361582,96.8177966101695,96.8177966101695,2,2,1,5,1,At Risk
14080,2011-11-07 11:09:00,2011-11-07 11:09:00,1,45.599999999999994,48,33,33,45.599999999999994,0.9223484848484848,504.36363636363626,504.36363636363626,3,1,1,5,2,Loyal Customers
15423,2011-11-01 14:01:00,2011-11-01 14:01:00,1,43.5,101,38,38,43.5,0.8009868421052632,417.82894736842104,417.82894736842104,3,1,1,5,2,Loyal Customers
14300,2011-11-21 08:57:00,2011-11-21 08:57:00,1,43.2,32,19,19,43.2,1.6019736842105263,829.8947368421053,829.8947368421053,4,1,1,6,2,Loyal Customers
15992,2011-12-06 11:00:00,2011-12-06 11:00:00,1,41.989999999999995,17,4,4,41.989999999999995,7.609375,3831.5874999999996,3831.5874999999996,5,2,1,8,2,Loyal Customers
15178,2011-03-24 15:12:00,2011-03-24 15:12:00,1,40.5,30,260,260,40.5,0.11706730769230768,56.85576923076923,56.85576923076923,1,1,1,3,1,At Risk
14589,2010-12-03 11:42:00,2010-12-03 11:42:00,1,39.75,5,372,372,39.75,0.08182123655913978,39.002016129032256,39.002016129032256,1,1,1,3,1,At Risk
12977,2011-07-06 16:40:00,2011-07-06 16:40:00,1,39.239999999999995,12,156,156,39.239999999999995,0.19511217948717952,91.81153846153845,91.81153846153845,2,1,1,4,1,At Risk
16659,2011-06-03 15:03:00,2011-06-03 15:03:00,1,39.12,72,189,189,39.12,0.16104497354497355,75.54920634920634,75.54920634920634,1,2,1,4,1,At Risk
18019,2011-10-19 12:10:00,2011-10-19 12:10:00,1,38.45,7,52,52,38.45,0.5853365384615384,269.8894230769231,269.8894230769231,3,2,1,6,2,Loyal Customers
12855,2010-12-02 09:37:00,2010-12-02 09:37:00,1,38.1,30,373,373,38.1,0.08160187667560322,37.2828418230563,37.2828418230563,1,1,1,3,1,At Risk
16162,2011-04-01 15:03:00,2011-04-01 15:03:00,1,37.4,4,252,252,37.4,0.12078373015873016,54.17063492063492,54.17063492063492,1,2,1,4,1,At Risk
17816,2011-11-03 11:34:00,2010-12-09 14:10:00,4,36.56,30,37,365,9.14,0.3335616438356165,36.56,36.56,3,4,1,8,2,Loyal Customers
15940,2011-02-01 16:18:00,2011-02-01 16:18:00,1,35.8,4,311,311,35.8,0.09786977491961416,42.016077170418,42.016077170418,1,2,1,4,1,At Risk
16856,2011-11-25 08:59:00,2011-11-25 08:59:00,1,35.400000000000006,12,15,15,35.400000000000006,2.029166666666667,861.4000000000001,861.4000000000001,4,2,1,7,2,Loyal Customers
17831,2011-11-06 15:09:00,2011-11-06 15:09:00,1,35.400000000000006,12,33,33,35.400000000000006,0.9223484848484848,391.5454545454546,391.5454545454546,4,2,1,7,2,Loyal Customers
14576,2010-12-02 17:51:00,2010-12-02 17:51:00,1,35.400000000000006,12,372,372,35.400000000000006,0.08182123655913978,34.73387096774194,34.73387096774194,1,1,1,3,1,At Risk
15744,2011-09-23 09:52:00,2011-09-23 09:52:00,1,34.8,120,78,78,34.8,0.39022435897435903,162.8461538461538,162.8461538461538,2,1,1,4,2,Loyal Customers
16765,2011-02-18 15:41:00,2011-02-18 15:41:00,1,34.0,4,294,294,34.0,0.10352891156462586,42.2108843537415,42.2108843537415,1,2,1,4,1,At Risk
17408,2011-06-29 12:53:00,2011-06-29 12:53:00,1,32.65,3,163,163,32.65,0.1867331288343558,73.11196319018404,73.11196319018404,2,2,1,5,1,At Risk
13120,2011-04-15 10:19:00,2011-04-15 10:19:00,1,30.599999999999998,12,239,239,30.599999999999998,0.12735355648535565,46.73221757322176,46.73221757322176,1,1,1,3,1,At Risk
15657,2011-11-17 12:19:00,2011-11-17 12:19:00,1,30.0,24,23,23,30.0,1.3233695652173914,476.0869565217391,476.0869565217391,4,1,1,6,2,Loyal Customers
17102,2011-03-23 10:08:00,2011-03-23 10:08:00,1,25.5,2,262,262,25.5,0.11617366412213741,35.524809160305345,35.524809160305345,1,2,1,4,1,At Risk
18268,2011-07-28 19:13:00,2011-07-28 19:13:00,1,25.5,2,134,134,25.5,0.22714552238805968,69.4589552238806,69.4589552238806,2,2,1,5,1,At Risk
16953,2011-11-09 15:54:00,2011-11-09 15:54:00,1,20.8,10,30,30,20.8,1.0145833333333334,253.06666666666666,253.06666666666666,4,2,1,7,2,Loyal Customers
17986,2011-10-14 14:22:00,2011-10-14 14:22:00,1,20.8,10,56,56,20.8,0.5435267857142857,135.57142857142858,135.57142857142858,3,2,1,6,2,Loyal Customers
16093,2011-08-25 11:09:00,2011-08-25 11:09:00,1,17.0,20,107,107,17.0,0.2844626168224299,57.99065420560748,57.99065420560748,2,2,1,5,1,At Risk
17763,2011-03-21 14:25:00,2011-03-21 14:25:00,1,15.0,12,263,263,15.0,0.11573193916349811,20.817490494296578,20.817490494296578,1,2,1,4,1,At Risk
15823,2010-12-02 15:08:00,2010-12-02 15:08:00,1,15.0,1,372,372,15.0,0.08182123655913978,14.71774193548387,14.71774193548387,1,2,1,4,1,At Risk
13307,2011-08-11 17:14:00,2011-08-11 17:14:00,1,15.0,4,120,120,15.0,0.25364583333333335,45.625,45.625,2,1,1,4,1,At Risk
16878,2011-09-16 17:39:00,2011-09-16 17:39:00,1,13.3,12,84,84,13.3,0.36235119047619047,57.791666666666664,57.791666666666664,2,2,1,5,2,Loyal Customers
17956,2011-04-04 13:47:00,2011-04-04 13:47:00,1,12.75,1,249,249,12.75,0.12223895582329318,18.68975903614458,18.68975903614458,1,2,1,4,1,At Risk
16454,2011-10-26 11:40:00,2011-10-06 16:57:00,2,6.9,3,45,64,3.45,0.951171875,39.3515625,39.3515625,3,3,1,7,2,Loyal Customers
14792,2011-10-07 09:19:00,2011-10-07 09:19:00,1,6.2,2,64,64,6.2,0.4755859375,35.359375,35.359375,3,1,1,5,2,Loyal Customers
16738,2011-02-15 09:46:00,2011-02-15 09:46:00,1,3.75,3,298,298,3.75,0.10213926174496644,4.593120805369128,4.593120805369128,1,2,1,4,1,At Risk
